Model,RMSE,MAE
Baseline,0.5550037051446414,0.5550037051446414
CML,0.6784327786162885,0.6784327786162885
DL,0.4326436764030861,0.5758879227991567
