decimal_year,east_m,north_m,up_m
2005.9576,0.0,0.0,0.0
2005.9603,0.0014979999999999993,0.002194999999999947,0.002010999999999985
2005.963,0.0012630000000000141,-0.0005509999999999682,-0.004960999999999993
2005.9658,0.0014129999999999976,-0.0004939999999999944,-0.006321999999999939
2005.9685,0.0007769999999999999,0.0013210000000000166,-0.0025490000000000235
2005.9713,0.0017479999999999996,0.0009500000000000064,-0.010368999999999962
2005.974,0.00351700000000002,0.0025399999999999867,-0.0005870000000000042
2005.9767,0.0023340000000000027,0.0015039999999999498,-0.0007139999999999924
2005.9795,0.0007410000000000194,0.0016279999999999628,-0.00022900000000003473
2005.9822,0.0006140000000000034,0.0007070000000000132,0.00034000000000000696
2005.9849,-0.00016099999999999448,0.0005880000000000329,0.003882000000000052
2005.9877,-0.00011099999999999999,-0.0007390000000000452,0.00047600000000003195
2005.9904,0.0003110000000000057,0.0019409999999999705,0.0018890000000000295
2005.9932,-0.0006160000000000054,0.0017850000000000366,-0.0024819999999999842
2005.9959,-0.0017039999999999833,0.0009989999999999721,-0.002962999999999938
2005.9986,-0.003502000000000005,0.0025600000000000067,0.006153999999999993
2006.0014,-0.0006690000000000029,0.002449999999999952,-0.003190999999999944
2006.0041,-0.0006349999999999967,0.0035560000000000036,0.0028960000000000097
2006.0068,-0.002127999999999991,0.0021780000000000133,-0.005788999999999933
2006.0096,-0.0018610000000000015,0.0028719999999999857,-0.007028000000000034
2006.0123,-0.0013679999999999803,0.0029519999999999547,-0.011348000000000025
2006.0151,-0.0027579999999999827,0.0011400000000000299,-0.008525000000000005
2006.0178,-0.003020999999999996,0.0024440000000000017,-0.009645999999999932
2006.0205,-0.0025119999999999865,0.0033600000000000296,-0.005205000000000015
2006.0233,-0.0035349999999999826,0.003278000000000003,-0.007812999999999959
2006.026,-0.002901999999999988,0.0014319999999999888,-0.00766
2006.0287,-0.002226999999999979,0.003117999999999954,-0.00012599999999995948
2006.0315,-0.0023829999999999962,0.003626999999999936,-0.003233999999999959
2006.0342,-0.0006289999999999907,0.002395000000000036,-0.001475000000000004
2006.037,0.00028200000000000447,0.005043999999999937,-0.00043999999999999595
2006.0397,-0.0022260000000000058,0.003286000000000011,-0.005723000000000034
2006.0424,-0.002596999999999988,0.0023339999999999472,-0.0009639999999999649
2006.0452,-0.004306000000000004,0.0017619999999999303,-0.005314999999999959
2006.0479,-0.003165000000000001,0.0031329999999999414,-0.002650999999999959
2006.0507,-0.0037269999999999803,0.0033919999999999506,0.0014359999999999928
2006.0534,-0.001582,0.004514000000000018,-0.0023090000000000055
2006.0561,-0.002682999999999991,0.003738000000000019,-0.005784000000000011
2006.0589,-0.002006999999999981,0.003086999999999951,-0.0040599999999999525
2006.0616,-0.004510999999999987,0.003469999999999973,-0.004581999999999975
2006.0643,-0.002688999999999997,0.0018700000000000383,-0.0021360000000000268
2006.0671,-0.003348999999999991,0.0017399999999999638,-0.0038239999999999386
2006.0698,-0.0026609999999999967,0.0019799999999999818,-0.0031719999999999526
2006.0726,-0.0027369999999999894,0.0024089999999999945,-0.0022179999999999422
2006.0753,-0.003245999999999999,0.002933999999999992,-0.004457999999999962
2006.078,-0.0037760000000000016,0.0020769999999999955,-0.00565199999999999
2006.0808,-0.003815999999999986,0.0019409999999999705,-0.0018529999999999935
2006.0835,-0.004479999999999984,0.0030879999999999797,-0.0025279999999999747
2006.0862,-0.0032989999999999964,0.002850000000000019,-0.00033799999999994945
2006.089,-0.0045580000000000065,0.004027000000000003,0.0006789999999999852
2006.0917,-0.0064599999999999935,0.0035209999999999964,-0.0008310000000000262
2006.0945,-0.004788999999999988,0.0032210000000000294,-0.0011780000000000124
2006.0972,-0.005675999999999987,0.003785999999999956,-0.00012999999999996348
2006.0999,-0.003451999999999983,0.0033079999999999776,-0.0017659999999999343
2006.1027,-0.0038399999999999823,0.004205000000000014,-0.0037530000000000063
2006.1054,-0.0037599999999999856,0.004994999999999972,-0.005410000000000026
2006.1081,-0.0038659999999999806,0.005039999999999933,-0.003241999999999967
2006.1109,-0.003480999999999984,0.0040080000000000116,-0.004113999999999951
2006.1136,-0.00312599999999999,0.003167000000000031,-0.004688999999999943
2006.1164,-0.003790999999999989,0.0034119999999999706,-0.0072510000000000074
2006.1191,-0.003461999999999993,0.004106999999999972,-0.00363099999999994
2006.1218,-0.004585999999999979,0.00392300000000001,0.0006660000000000554
2006.1246,-0.002694000000000002,0.004190999999999945,-0.0018080000000000318
2006.1273,-0.0021069999999999978,0.00489700000000004,0.0007789999999999742
2006.13,-0.003144999999999981,0.00411499999999998,-0.0022520000000000318
2006.1328,-0.002240999999999993,0.004610000000000003,0.0022100000000000453
2006.1355,-0.003697000000000006,0.004925999999999986,-0.0015300000000000313
2006.1383,-0.0031799999999999884,0.004711000000000021,-0.004970999999999948
2006.141,-0.0034109999999999974,0.005001999999999951,-0.0035649999999999293
2006.1437,-0.0022899999999999865,0.005780000000000007,-0.0038169999999999593
2006.1465,-0.0036149999999999793,0.004471000000000003,-0.0007929999999999326
2006.1492,-0.0035300000000000054,0.004085000000000005,-0.0048920000000000075
2006.152,-0.002698000000000006,0.004850999999999939,-0.003574999999999995
2006.1547,-0.006210999999999994,0.0048880000000000035,-0.0017599999999999838
2006.1574,-0.0017540000000000056,0.005761999999999934,0.0008730000000000127
2006.1602,-0.008587999999999985,0.0026650000000000285,0.005075000000000052
2006.1629,-0.005461999999999995,0.004321999999999937,-0.003473999999999977
2006.1656,-0.006084000000000006,0.003369999999999984,-0.005681999999999965
2006.1684,-0.005990999999999996,0.004058000000000006,-0.0049599999999999644
2006.1711,-0.0044430000000000025,0.004290999999999934,-0.008781999999999957
2006.1739,-0.005329,0.00392899999999996,-0.0026760000000000117
2006.1766,-0.005043999999999993,0.004086000000000034,-0.0038159999999999306
2006.1793,-0.004961999999999994,0.004504999999999981,-0.00934999999999997
2006.1821,-0.006044999999999995,0.004693999999999976,-0.004010999999999987
2006.1848,-0.008721000000000007,0.0021480000000000388,-0.005993000000000026
2006.1875,-0.008718000000000004,0.002897999999999956,0.001591000000000009
2006.1903,-0.007360000000000005,0.002758999999999956,0.003126000000000073
2006.193,-0.0068999999999999895,0.0047239999999999505,-0.0004089999999999927
2006.1958,-0.007274000000000003,0.005379000000000023,-0.006197000000000008
2006.1985,-0.00692799999999999,0.0043680000000000385,-0.004302999999999946
2006.2012,-0.005707999999999991,0.0042879999999999585,-0.002654999999999963
2006.204,-0.005206999999999989,0.006001000000000034,-0.006565999999999961
2006.2067,-0.0072500000000000064,0.005581999999999976,-0.003533999999999926
2006.2094,-0.005282999999999982,0.0064670000000000005,0.0007550000000000612
2006.2122,-0.006588999999999984,0.005267999999999939,-0.010977999999999932
2006.2149,-0.006938,0.004846000000000017,-0.00506899999999999
2006.2177,-0.008804000000000006,0.004314999999999958,-0.004198999999999953
2006.2204,-0.00577999999999998,0.005045999999999995,-0.004359000000000002
2006.2231,-0.006306999999999979,0.004357999999999973,-0.006063999999999958
2006.2259,-0.007808999999999983,0.0048880000000000035,-0.005445000000000033
2006.2286,-0.008958999999999995,0.0042440000000000255,-0.0035809999999999453
2006.2313,-0.006364999999999982,0.005686999999999998,-0.0034440000000000026
2006.2341,-0.00970399999999999,0.0033370000000000344,-0.0021400000000000308
2006.2368,-0.008609000000000006,0.004240999999999939,-0.005098999999999965
2006.2396,-0.010326000000000002,0.002986999999999962,-0.0015849999999999476
2006.2423,-0.009327000000000002,0.0033569999999999434,-0.003823000000000021
2006.245,-0.007469000000000003,0.004360999999999948,-0.0004889999999999617
2006.2478,-0.00703899999999999,0.0038930000000000353,-0.009174999999999933
2006.2505,-0.008643999999999985,0.004570999999999992,-0.006763999999999992
2006.2533,-0.008514999999999995,0.0030050000000000354,-0.005854000000000026
2006.256,-0.010245000000000004,0.003477999999999981,-0.002526999999999946
2006.2587,-0.009826000000000001,0.0033889999999999754,0.0005680000000000129
2006.2615,-0.009298,0.004101999999999939,-0.003595000000000015
2006.2642,-0.009229999999999988,0.0035319999999999796,-0.0037279999999999536
2006.2669,-0.009399999999999992,0.003302999999999945,-0.0025760000000000227
2006.2697,-0.011050000000000004,0.002986999999999962,-0.005425999999999931
2006.2724,-0.009476999999999985,0.005294000000000021,-0.002997999999999945
2006.2752,-0.01124699999999998,0.004406000000000021,-0.0007779999999999454
2006.2779,-0.011144999999999988,0.005647999999999986,-0.0009430000000000271
2006.2806,-0.01202399999999998,0.0034689999999999444,-0.0018289999999999695
2006.2834,-0.01378299999999999,0.0026450000000000085,-0.00022800000000000598
2006.2861,-0.013254999999999989,0.004182999999999937,-0.0019770000000000065
2006.2888,-0.011319999999999997,0.005422000000000038,-0.00027800000000000047
2006.2916,-0.013304999999999984,0.005236000000000018,-0.0022739999999999982
2006.2943,-0.012471999999999983,0.00666599999999995,-0.0015849999999999476
2006.2971,-0.012822,0.005751999999999979,-0.0038650000000000073
2006.2998,-0.012492000000000003,0.005318999999999963,-0.002815000000000012
2006.3025,-0.012766,0.005510000000000015,4.599999999999049e-05
2006.3053,-0.013360999999999984,0.004978999999999956,-0.00020699999999995722
2006.308,-0.012916999999999984,0.005719999999999947,-0.004012999999999933
2006.3107,-0.014288999999999996,0.005904999999999938,-0.006846000000000019
2006.3135,-0.012319999999999998,0.005190999999999946,-0.006109000000000031
2006.3162,-0.013649999999999995,0.007746999999999948,-0.0016610000000000236
2006.319,-0.011829000000000006,0.005881000000000025,-0.005730000000000013
2006.3217,-0.011791999999999997,0.006151999999999935,-0.0067589999999999595
2006.3244,-0.013697999999999988,0.005429000000000017,-0.009240999999999944
2006.3272,-0.013314999999999994,0.006390000000000007,-0.0030689999999999884
2006.3299,-0.012058999999999986,0.006091999999999986,-0.0064029999999999365
2006.3326,-0.013879000000000002,0.006468999999999947,-0.0016399999999999748
2006.3354,-0.014016,0.007417000000000007,-0.004491000000000023
2006.3381,-0.01492099999999999,0.005927000000000016,-0.002997999999999945
2006.3409,-0.01360699999999998,0.006071999999999966,-0.0036490000000000133
2006.3436,-0.013696999999999987,0.006553999999999949,-0.0027849999999999264
2006.3463,-0.013354000000000005,0.0066030000000000255,-0.004789999999999961
2006.3491,-0.012999999999999984,0.006329000000000029,-0.00259100000000001
2006.3518,-0.013442999999999983,0.006830000000000003,-0.0014929999999999666
2006.3546,-0.014129000000000003,0.006946000000000008,-0.0022699999999999942
2006.3573,-0.013127,0.007954999999999934,-0.0010829999999999451
2006.36,-0.013163999999999981,0.007410000000000028,-0.0022360000000000158
2006.3628,-0.012545,0.00883299999999998,-0.0023699999999999832
2006.3655,-0.012445999999999985,0.008117999999999959,-0.004260999999999959
2006.3682,-0.014620999999999995,0.008078999999999947,-0.0038679999999999826
2006.371,-0.014785999999999994,0.00799099999999997,-0.004466999999999999
2006.3737,-0.015154,0.008811000000000013,-0.0027690000000000214
2006.3765,-0.014200999999999991,0.009118999999999988,-0.0024899999999999922
2006.3792,-0.013674999999999993,0.007417000000000007,0.005840999999999985
2006.3819,-0.015515000000000001,0.007205999999999935,-0.008584000000000036
2006.3847,-0.015689999999999982,0.008687,0.0027810000000000334
2006.3874,-0.016207,0.007449000000000039,0.0009820000000000384
2006.3901,-0.014749999999999985,0.008001000000000036,-0.0025570000000000315
2006.3929,-0.014148999999999995,0.01011799999999996,-0.005695000000000006
2006.3956,-0.015707,0.009189000000000003,-0.005489999999999995
2006.3984,-0.014552999999999983,0.008406000000000025,-0.001982999999999957
2006.4011,-0.015227999999999992,0.009334999999999982,-0.0025519999999999987
2006.4038,-0.015784999999999993,0.008314999999999961,-0.003122999999999987
2006.4066,-0.01478199999999999,0.008893999999999957,0.0005589999999999762
2006.4093,-0.015861999999999987,0.008966999999999947,0.0006180000000000074
2006.412,-0.016367999999999994,0.008997000000000033,-0.0039049999999999363
2006.4148,-0.016758999999999996,0.009696999999999956,-0.0036239999999999606
2006.4175,-0.012962000000000001,0.008417000000000008,-0.004126999999999992
2006.4203,-0.014220999999999984,0.008101999999999943,-0.0012050000000000116
2006.423,-0.015512999999999999,0.008174000000000015,-0.00402199999999997
2006.4257,-0.017376000000000003,0.009301000000000004,0.0024610000000000465
2006.4285,-0.015765,0.008844999999999992,0.005461999999999967
2006.4312,-0.01478299999999999,0.009569999999999967,-0.0021079999999999988
2006.4339,-0.015252999999999989,0.00985400000000003,-0.0029689999999999994
2006.4367,-0.015054999999999985,0.00901200000000002,0.003998999999999975
2006.4394,-0.01683699999999999,0.009078999999999948,0.0033640000000000336
2006.4422,-0.015627000000000002,0.008132999999999946,0.00811099999999998
2006.4449,-0.015078999999999981,0.009565999999999963,0.004361000000000059
2006.4476,-0.014685000000000004,0.009387999999999952,0.005653000000000019
2006.4504,-0.016722999999999988,0.009877000000000025,-0.0009359999999999369
2006.4531,-0.01636399999999999,0.00956199999999996,0.0011820000000000164
2006.4559,-0.01627999999999999,0.009357999999999977,0.001619000000000037
2006.4586,-0.014885999999999983,0.007719999999999949,0.002122999999999986
2006.4613,-0.017137999999999987,0.00956199999999996,0.002562999999999982
2006.4641,-0.018014000000000002,0.007433000000000023,0.00815699999999997
2006.4668,-0.015014,0.00999300000000003,0.0042079999999999895
2006.4695,-0.016596,0.007921999999999985,0.0009609999999999896
2006.4723,-0.016939999999999983,0.008904000000000023,0.002279000000000031
2006.475,-0.015454999999999997,0.00966800000000001,0.0012250000000000316
2006.4778,-0.015286999999999995,0.009912000000000032,0.0005479999999999929
2006.4805,-0.014638999999999985,0.008788000000000018,-0.004692999999999947
2006.4832,-0.01613399999999998,0.008487000000000022,-0.002458999999999989
2006.486,-0.01749199999999998,0.009800999999999949,0.0035960000000000436
2006.4887,-0.01644799999999999,0.007977000000000012,-0.0007199999999999429
2006.4914,-0.017842999999999998,0.010035000000000016,-0.0002489999999999437
2006.4942,-0.016524999999999984,0.009479000000000015,-0.0036530000000000173
2006.4969,-0.015456999999999999,0.008027000000000006,-0.004269999999999996
2006.4997,-0.016342999999999996,0.009398999999999935,-0.0021059999999999413
2006.5024,-0.014987,0.008959999999999968,0.0003730000000000677
2006.5051,-0.01577999999999999,0.00873299999999999,0.008044999999999969
2006.5079,-0.015314999999999995,0.00678499999999993,0.00593699999999997
2006.5106,-0.014928999999999998,0.008450999999999986,-0.003962999999999939
2006.5133,-0.013774999999999982,0.009881000000000029,-0.005202999999999958
2006.5161,-0.015838999999999992,0.009588999999999959,0.0026319999999999677
2006.5188,-0.017014,0.009167999999999954,0.0032769999999999744
2006.5216,-0.01541999999999999,0.007813999999999988,-0.004106999999999972
2006.5243,-0.015711000000000003,0.00911799999999996,0.0035930000000000684
2006.527,-0.013573000000000002,0.009033999999999986,0.0039599999999999635
2006.5298,-0.01464399999999999,0.008618999999999932,0.0006559999999999899
2006.5325,-0.014102000000000003,0.008338999999999985,0.00022800000000000598
2006.5352,-0.014276999999999984,0.009145999999999987,0.00045000000000006146
2006.538,-0.015326000000000006,0.008789999999999965,-0.00048599999999998644
2006.5407,-0.016543000000000002,0.009960999999999998,0.008230999999999988
2006.5435,-0.014268000000000003,0.01014399999999993,0.006610000000000005
2006.5462,-0.013801999999999981,0.010672999999999933,-0.00016300000000002424
2006.5489,-0.013902999999999999,0.010801999999999978,-0.0009200000000000319
2006.5517,-0.014124999999999999,0.009989999999999943,0.006068000000000073
2006.5544,-0.013916999999999985,0.010511999999999966,0.005534000000000039
2006.5572,-0.013081999999999983,0.010418000000000038,0.0035199999999999676
2006.5599,-0.015631000000000006,0.00999899999999998,0.0008299999999999974
2006.5626,-0.014160000000000006,0.008801999999999977,0.003578999999999999
2006.5654,-0.013462000000000002,0.009000000000000008,-0.00036199999999997345
2006.5681,-0.01577299999999998,0.009730000000000016,0.005120000000000013
2006.5708,-0.015019000000000005,0.00798500000000002,0.0014380000000000503
2006.5736,-0.014167999999999986,0.008731999999999962,-0.0025479999999999947
2006.5763,-0.016260999999999998,0.009174999999999933,-0.00430699999999995
2006.5791,-0.015052999999999983,0.009441000000000033,-0.0034170000000000034
2006.5818,-0.015017000000000003,0.008933999999999997,0.0010759999999999659
2006.5845,-0.014965000000000006,0.008101000000000025,0.002271000000000023
2006.5873,-0.016136999999999985,0.008835999999999955,0.003418000000000032
2006.59,-0.016389999999999988,0.009248000000000034,0.00282300000000002
2006.5927,-0.01638099999999998,0.01066199999999995,-0.00408200000000003
2006.5955,-0.01519799999999999,0.008251000000000008,-0.0004609999999999337
2006.5982,-0.017055999999999988,0.008719000000000032,0.00040200000000001346
2006.601,-0.01627999999999999,0.009027000000000007,-0.00031199999999997896
2006.6037,-0.015707,0.00821700000000003,-0.003993000000000024
2006.6064,-0.014556999999999987,0.008927000000000018,0.0019500000000000073
2006.6092,-0.015750999999999987,0.007827999999999946,-0.0007209999999999717
2006.6119,-0.016008999999999995,0.009248999999999952,0.004010000000000069
2006.6146,-0.017328999999999983,0.008220000000000005,0.003622000000000014
2006.6174,-0.016693999999999987,0.009303999999999979,0.0072870000000000434
2006.6201,-0.016845,0.009843999999999964,0.0031879999999999686
2006.6229,-0.016627000000000003,0.00781199999999993,0.0023210000000000175
2006.6256,-0.016490000000000005,0.008750999999999953,0.00019900000000006024
2006.6283,-0.01619699999999999,0.008755999999999986,-0.0011780000000000124
2006.6311,-0.015551999999999983,0.009260999999999964,-0.0024480000000000057
2006.6338,-0.016176999999999997,0.008794999999999997,0.0019330000000000735
2006.6366,-0.01452199999999998,0.007942000000000005,0.00014500000000006175
2006.6393,-0.01443999999999998,0.00768000000000002,-7.00000000000145e-05
2006.642,-0.017126000000000002,0.008296999999999999,0.004858000000000029
2006.6448,-0.015407000000000004,0.008906999999999998,-0.0003109999999999502
2006.6475,-0.01685299999999998,0.007611999999999952,0.0023450000000000415
2006.6502,-0.017451999999999995,0.007638000000000034,0.003430000000000044
2006.653,-0.017013,0.007982999999999962,0.0021440000000000348
2006.6557,-0.016131000000000006,0.007624999999999993,0.00193500000000002
2006.6585,-0.01654999999999998,0.0066950000000000065,0.0010970000000000146
2006.6612,-0.015731999999999996,0.009406999999999943,0.0016559999999999908
2006.6639,-0.01616999999999999,0.008071999999999968,0.0024210000000000065
2006.6667,-0.017906000000000005,0.009928999999999966,0.005479000000000012
2006.6694,-0.016182000000000002,0.010109000000000035,0.004823000000000022
2006.6721,-0.016275999999999985,0.008364999999999956,-0.0011590000000000211
2006.6749,-0.01661399999999999,0.009149999999999991,-0.002094999999999958
2006.6776,-0.01585399999999998,0.00878699999999999,-0.0012179999999999414
2006.6804,-0.015480999999999995,0.006665000000000032,-0.0011759999999999549
2006.6831,-0.018097000000000002,0.007342999999999988,-0.003367000000000009
2006.6858,-0.017456,0.005681999999999965,0.0012079999999999869
2006.6886,-0.016434000000000004,0.007068999999999992,-0.00452600000000003
2006.6913,-0.015663999999999983,0.00963499999999995,0.0030090000000000394
2006.694,-0.016797000000000006,0.008052999999999977,0.0033929999999999794
2006.6968,-0.016666999999999987,0.007909999999999973,0.004850000000000021
2006.6995,-0.01635499999999998,0.007319999999999993,0.0042520000000000335
2006.7023,-0.01799299999999998,0.0071550000000000225,0.0036640000000000006
2006.705,-0.016938999999999982,0.007348000000000021,0.003623000000000043
2006.7077,-0.016544000000000003,0.0072630000000000194,-0.0010569999999999746
2006.7105,-0.01638099999999998,0.008670999999999984,0.001811000000000007
2006.7132,-0.015675999999999995,0.009144999999999959,0.002014999999999989
2006.7159,-0.01743599999999998,0.007099999999999995,0.0015460000000000473
2006.7187,-0.016517000000000004,0.005481999999999987,0.0006930000000000547
2006.7214,-0.018867999999999996,0.005301,-0.0007460000000000244
2006.7242,-0.017460000000000003,0.006060999999999983,0.005529000000000006
2006.7269,-0.015996999999999983,0.006016999999999939,-0.001338999999999979
2006.7296,-0.017910999999999982,0.005232000000000014,0.004298000000000024
2006.7324,-0.016599000000000003,0.006264999999999965,0.0042920000000000735
2006.7351,-0.01627099999999998,0.00569200000000003,-0.0004750000000000032
2006.7379,-0.015556999999999988,0.005534999999999957,-0.0020280000000000298
2006.7406,-0.015648999999999996,0.005209999999999937,0.0006359999999999699
2006.7433,-0.017971999999999988,0.0061789999999999345,0.005435999999999996
2006.7461,-0.017313999999999996,0.005178000000000016,0.006834000000000007
2006.7488,-0.017708,0.00651400000000002,0.006457999999999964
2006.7515,-0.016740000000000005,0.0065549999999999775,-0.0003910000000000302
2006.7543,-0.015992000000000006,0.0061550000000000216,0.0014060000000000183
2006.757,-0.01568799999999998,0.0069150000000000045,0.006206000000000045
2006.7598,-0.015181,0.005101000000000022,0.00043199999999998795
2006.7625,-0.015895999999999993,0.0049759999999999804,0.004299000000000053
2006.7652,-0.01580099999999998,0.006244000000000027,0.0008890000000000287
2006.768,-0.01685399999999998,0.006186000000000025,0.004925000000000068
2006.7707,-0.014242000000000005,0.006452000000000013,-0.0019859999999999323
2006.7734,-0.017483,0.0072470000000000034,0.010542000000000051
2006.7762,-0.016179,0.00533399999999995,0.0037479999999999736
2006.7789,-0.01750199999999999,0.005757000000000012,0.005079000000000056
2006.7817,-0.018869999999999998,0.005746000000000029,0.007592000000000043
2006.7844,-0.01589399999999999,0.006429999999999936,0.008387000000000033
2006.7871,-0.016164999999999985,0.007179999999999964,0.002711000000000019
2006.7899,-0.01719799999999999,0.009745000000000004,0.009743999999999975
2006.7926,-0.017677,0.007547999999999999,0.009608000000000061
2006.7953,-0.017537999999999998,0.007271999999999945,0.005471000000000004
2006.7981,-0.01791899999999999,0.006413000000000002,0.0025490000000000235
2006.8008,-0.018776999999999988,0.007475000000000009,0.005256000000000038
2006.8036,-0.018115999999999993,0.005931999999999937,0.006199999999999983
2006.8063,-0.018221999999999988,0.006108000000000002,0.005288999999999988
2006.809,-0.018786999999999998,0.006032000000000037,0.002151000000000014
2006.8118,-0.018344,0.005117000000000038,0.0028650000000000064
2006.8145,-0.017981999999999998,0.004618000000000011,0.008376999999999968
2006.8172,-0.019412999999999986,0.005136999999999947,0.0010740000000000194
2006.82,-0.01969299999999999,0.006325999999999943,-0.0028719999999999857
2006.8227,-0.01954599999999998,0.005547999999999997,-0.001363000000000003
2006.8255,-0.020726999999999995,0.005599999999999938,0.004010000000000069
2006.8282,-0.019964999999999983,0.004823000000000022,0.0040200000000000236
2006.8309,-0.01890799999999998,0.004900999999999933,0.0018099999999999783
2006.8337,-0.020181000000000004,0.005626999999999938,0.0012999999999999678
2006.8364,-0.018415999999999988,0.004813999999999985,-0.0029160000000000297
2006.8392,-0.017566,0.0041440000000000365,0.0012180000000000524
2006.8419,-0.018326999999999982,0.006781999999999955,0.003921999999999981
2006.8446,-0.018665999999999988,0.004383000000000026,-0.0037960000000000216
2006.8474,-0.018497999999999987,0.005603000000000025,-0.0041400000000000325
2006.8501,-0.018836999999999993,0.0042119999999999935,9.999999999998899e-05
2006.8528,-0.022447999999999996,0.002717999999999998,0.0007949999999999902
2006.8556,-0.020298999999999984,0.0061269999999999936,0.000496000000000052
2006.8583,-0.020937999999999984,0.00448599999999999,0.0005739999999999634
2006.8611,-0.02149699999999999,0.004605999999999999,-0.0026969999999999494
2006.8638,-0.023637999999999992,0.003278000000000003,0.0008409999999999807
2006.8665,-0.021278999999999992,0.0042119999999999935,-0.00017400000000000748
2006.8693,-0.021929000000000004,0.0037639999999999896,0.009593999999999991
2006.872,-0.020791000000000004,0.0034969999999999724,0.0004730000000000567
2006.8747,-0.02170999999999998,0.0031289999999999374,0.0019449999999999745
2006.8775,-0.021789000000000003,0.002809999999999979,-0.000140000000000029
2006.8802,-0.020485000000000003,0.0039719999999999756,0.0018090000000000606
2006.883,-0.02062,0.005086999999999953,0.0042520000000000335
2006.8857,-0.022345000000000004,0.003314999999999957,0.00011300000000002974
2006.8884,-0.021179000000000003,0.00400900000000004,0.003495000000000026
2006.8912,-0.02151799999999998,0.003530999999999951,-0.0048000000000000265
2006.8939,-0.021946999999999994,0.0048279999999999434,-0.001794999999999991
2006.8966,-0.023540000000000005,0.00402199999999997,0.0033320000000000016
2006.8994,-0.02209899999999998,0.004260999999999959,0.0010050000000000336
2006.9021,-0.02108299999999999,0.004813999999999985,-0.00042999999999993044
2006.9049,-0.021532999999999997,0.004734999999999934,0.002923000000000009
2006.9076,-0.022095000000000004,0.004607000000000028,0.0035080000000000666
2006.9103,-0.022647,0.0039639999999999675,0.0012929999999999886
2006.9131,-0.021039000000000002,0.0037599999999999856,0.0010830000000000561
2006.9158,-0.021844000000000002,0.004921999999999982,0.0018449999999999855
2006.9185,-0.024838,0.002738999999999936,0.0016540000000000443
2006.9213,-0.023417999999999994,0.0035889999999999533,-0.00518200000000002
2006.924,-0.022094000000000003,0.003122999999999987,-0.005587000000000009
2006.9268,-0.022267999999999982,0.003538999999999959,-0.00030399999999997096
2006.9295,-0.02163899999999999,0.003862000000000032,-0.0003969999999999807
2006.9322,-0.022494999999999987,0.003750000000000031,-0.0005030000000000312
2006.935,-0.023424,0.0030280000000000307,0.003303000000000056
2006.9377,-0.02507999999999999,0.004611000000000032,0.00031400000000003647
2006.9405,-0.024639999999999995,0.005238999999999994,0.0030210000000000514
2006.9432,-0.025121000000000004,0.0028569999999999984,-0.003338999999999981
2006.9459,-0.02313699999999999,0.003002999999999978,-0.002778999999999976
2006.9487,-0.024959999999999982,0.0021519999999999317,-0.007097999999999938
2006.9514,-0.02599599999999999,0.00023399999999995647,-0.00276299999999996
2006.9541,-0.025344000000000005,0.0030559999999999476,-0.0007249999999999757
2006.9569,-0.025849999999999984,0.001495000000000024,0.006253000000000064
2006.9596,-0.02510499999999999,0.0021980000000000333,0.0020020000000000593
2006.9624,-0.025879999999999986,0.003238999999999992,-0.002738999999999936
2006.9651,-0.02501399999999998,0.004820999999999964,-0.0021280000000000188
2006.9678,-0.024367,0.00031599999999998296,-0.003241999999999967
2006.9706,-0.026239999999999986,0.003717999999999999,-0.00032399999999999096
2006.9733,-0.025837,0.003465999999999969,-0.0006909999999999972
2006.976,-0.02517899999999998,0.003774999999999973,-0.005951999999999957
2006.9788,-0.025089,0.0037960000000000216,-0.005098999999999965
2006.9815,-0.02584499999999998,0.0027040000000000397,-0.006735999999999964
2006.9843,-0.026054999999999995,0.00473800000000002,-0.001738999999999935
2006.987,-0.02552199999999999,0.004600999999999966,0.005543999999999993
2006.9897,-0.028412999999999966,0.0033370000000000344,-0.0011200000000000099
2006.9925,-0.025435999999999986,0.0038770000000000193,-0.0027049999999999574
2006.9952,-0.025931999999999983,0.003678999999999988,-0.0033759999999999346
2006.9979,-0.02716099999999999,0.005900000000000016,-0.005133999999999972
2007.0007,-0.02768799999999999,0.004161999999999999,-0.003217999999999943
2007.0034,-0.025146,0.00342600000000004,-0.002754000000000034
2007.0062,-0.02713299999999999,0.002578999999999998,-0.0009740000000000304
2007.0089,-0.028503999999999974,0.004151000000000016,0.0022729999999999695
2007.0116,-0.029135999999999995,0.005097999999999936,-0.003010999999999986
2007.0144,-0.02840799999999999,0.00554599999999994,-0.0036729999999999263
2007.0171,-0.027444999999999997,0.005511999999999961,-0.00780599999999998
2007.0198,-0.027220999999999995,0.004705999999999988,-0.007939999999999947
2007.0226,-0.026778999999999997,0.004580999999999946,-0.005935999999999941
2007.0253,-0.025987999999999983,0.005697999999999981,-0.004488999999999965
2007.0281,-0.02649399999999999,0.005311999999999983,0.00019999999999997797
2007.0308,-0.026277999999999996,0.005747999999999975,-0.0012309999999999821
2007.0335,-0.026947,0.005927000000000016,-0.00456499999999993
2007.0363,-0.02596699999999999,0.005043999999999937,-0.005039999999999933
2007.039,-0.026034,0.004028999999999949,-0.00737500000000002
2007.0418,-0.026331999999999994,0.005491000000000024,-0.004205000000000014
2007.0445,-0.028951999999999978,0.005574999999999997,-0.00531399999999993
2007.0472,-0.027330999999999994,0.005709999999999993,-0.007569999999999966
2007.05,-0.02592,0.005862999999999952,-0.004360999999999948
2007.0527,-0.026754,0.004969000000000001,0.001835000000000031
2007.0554,-0.027749999999999997,0.004167000000000032,0.0008860000000000534
2007.0582,-0.026888999999999996,0.004958000000000018,-0.004386000000000001
2007.0609,-0.027035000000000003,0.007275999999999949,-0.0004210000000000047
2007.0637,-0.026315000000000005,0.006167999999999951,-0.004977999999999927
2007.0664,-0.026745999999999992,0.00518799999999997,-0.00556599999999996
2007.0691,-0.027092000000000005,0.005952999999999986,-0.0010329999999999506
2007.0719,-0.026390999999999998,0.004862999999999951,-0.00016499999999997073
2007.0746,-0.028061999999999976,0.004279000000000033,-0.002942
2007.0773,-0.027086,0.0040200000000000236,-0.004727000000000037
2007.0801,-0.027876000000000012,0.003514000000000017,-0.007564000000000015
2007.0828,-0.026989999999999986,0.00384299999999993,-0.0005840000000000289
2007.0856,-0.026625999999999983,0.0028209999999999624,-0.003257999999999983
2007.0883,-0.02757900000000002,0.005309000000000008,-0.003230999999999984
2007.091,-0.02759600000000001,0.006103999999999998,-0.006830000000000003
2007.0938,-0.026699,0.004958999999999936,-0.008299999999999974
2007.0965,-0.026555999999999996,0.004839000000000038,-0.005580999999999947
2007.0992,-0.027447,0.005049999999999999,-0.004933999999999994
2007.102,-0.027447999999999972,0.005530999999999953,-0.001982999999999957
2007.1047,-0.028737000000000013,0.005411999999999972,-0.0043520000000000225
2007.1075,-0.028922999999999977,0.005680999999999936,-0.0010050000000000336
2007.1102,-0.028864999999999974,0.005498000000000003,0.003952999999999984
2007.1129,-0.028590999999999978,0.006179999999999963,0.0009350000000000191
2007.1157,-0.028886999999999996,0.005560000000000009,0.00044600000000005746
2007.1184,-0.02830499999999997,0.0050280000000000324,-0.003962999999999939
2007.1211,-0.02930499999999997,0.005550999999999973,-0.0011970000000000036
2007.1239,-0.02717900000000001,0.006336000000000008,-0.0025239999999999707
2007.1266,-0.03022999999999998,0.005931999999999937,-0.007685999999999971
2007.1294,-0.029059999999999975,0.005728999999999984,0.0007900000000000684
2007.1321,-0.027490999999999988,0.003506000000000009,0.0024359999999999937
2007.1348,-0.031028999999999973,0.00390299999999999,0.00907900000000006
2007.1376,-0.029534000000000005,0.003924000000000039,0.001342999999999983
2007.1403,-0.029258000000000006,0.005654999999999966,-8.900000000000574e-05
2007.1431,-0.027725,0.004014999999999991,0.0016540000000000443
2007.1458,-0.027918,0.004205999999999932,-0.0023809999999999665
2007.1485,-0.02856599999999998,0.0066150000000000375,-0.00367099999999998
2007.1513,-0.028920999999999975,0.005364999999999953,-0.00021300000000001873
2007.154,-0.02914,0.004569999999999963,0.0012050000000000116
2007.1567,-0.030169,0.005059999999999953,0.010831000000000035
2007.1595,-0.03032499999999999,0.005086999999999953,0.006369999999999987
2007.1622,-0.030994999999999995,0.005144000000000037,0.00030200000000002447
2007.165,-0.03107199999999999,0.005923000000000012,-0.0003589999999999982
2007.1677,-0.02946500000000002,0.0048319999999999474,-0.00384299999999993
2007.1704,-0.02920299999999998,0.007269999999999999,-0.004692999999999947
2007.1732,-0.029075000000000017,0.005897999999999959,-0.0023769999999999625
2007.1759,-0.02988799999999997,0.004373999999999989,0.0016000000000000458
2007.1786,-0.03147,0.0031679999999999486,0.002615000000000034
2007.1814,-0.03107500000000002,0.005553999999999948,-0.0028120000000000367
2007.1841,-0.029667,0.00432699999999997,-0.0011700000000000044
2007.1869,-0.029335,0.0048679999999999835,-0.005523999999999973
2007.1896,-0.03112799999999999,0.0030639999999999556,-0.005020999999999942
2007.1923,-0.03220099999999998,0.004661000000000026,-0.0019089999999999385
2007.1951,-0.032596000000000014,0.0034520000000000106,7.999999999996898e-05
2007.1978,-0.03170099999999998,0.0037559999999999816,-0.0020139999999999603
2007.2005,-0.03295100000000001,0.005113999999999952,0.0021120000000000028
2007.2033,-0.031140999999999974,0.00522800000000001,-0.003709999999999991
2007.206,-0.031362,0.00451899999999994,-0.0011329999999999396
2007.2088,-0.03288599999999997,0.0061350000000000016,0.0003770000000000717
2007.2115,-0.032833999999999974,0.00425399999999998,0.003916000000000031
2007.2142,-0.032154000000000016,0.004654999999999965,0.0013009999999999966
2007.217,-0.03247699999999998,0.003929999999999989,-0.001923000000000008
2007.2197,-0.034026,0.004408999999999996,0.0011689999999999756
2007.2225,-0.032125000000000015,0.004225000000000034,-0.0008439999999999559
2007.2252,-0.03236800000000001,0.0036129999999999773,0.0019930000000000225
2007.2279,-0.032607,0.003874999999999962,0.0021660000000000013
2007.2307,-0.03433900000000001,0.004278000000000004,0.0007420000000000204
2007.2334,-0.034831999999999974,0.0040240000000000276,-0.005962999999999941
2007.2361,-0.03391099999999997,0.005781000000000036,0.0008000000000000229
2007.2389,-0.034260999999999986,0.005371000000000015,-0.003089999999999926
2007.2416,-0.03485299999999997,0.004705999999999988,-0.0032240000000000046
2007.2444,-0.03373100000000001,0.005792999999999937,-0.0002909999999999302
2007.2471,-0.03404999999999997,0.006294000000000022,0.004832999999999976
2007.2498,-0.03559499999999999,0.0061590000000000256,0.0017360000000000708
2007.2526,-0.03392600000000001,0.006303999999999976,0.001770999999999967
2007.2553,-0.03486499999999998,0.007410000000000028,-0.002090999999999954
2007.258,-0.03531200000000001,0.007211999999999996,-0.0020289999999999475
2007.2608,-0.035011000000000014,0.00651400000000002,0.0027399999999999647
2007.2635,-0.03572599999999998,0.00579799999999997,-0.0021219999999999573
2007.2663,-0.03698699999999999,0.004089000000000009,-0.0032360000000000166
2007.269,-0.034546999999999994,0.006002999999999981,-0.0010200000000000209
2007.2717,-0.034816000000000014,0.006051999999999946,-0.0025260000000000282
2007.2745,-0.036663999999999974,0.004321999999999937,0.001222999999999974
2007.2772,-0.037200999999999984,0.005696000000000034,-0.004113000000000033
2007.2799,-0.036758999999999986,0.006843999999999961,-0.005059000000000036
2007.2827,-0.03571000000000002,0.007392999999999983,-0.005415999999999976
2007.2854,-0.038590999999999986,0.007182999999999939,-0.005708999999999964
2007.2882,-0.035934999999999995,0.006851999999999969,-0.007766999999999968
2007.2909,-0.036696000000000006,0.006921999999999984,-0.007769999999999944
2007.2936,-0.03733900000000001,0.007588999999999957,-0.0028489999999999904
2007.2964,-0.037673999999999985,0.0063910000000000355,-0.005263000000000018
2007.2991,-0.036827,0.006170000000000009,-0.0023539999999999672
2007.3018,-0.03884399999999999,0.008190999999999948,-0.005958000000000019
2007.3046,-0.03875400000000001,0.008047999999999944,0.0003630000000000022
2007.3073,-0.03842200000000001,0.007821999999999996,-0.0010970000000000146
2007.3101,-0.037876999999999994,0.00810999999999995,-0.006757999999999931
2007.3128,-0.039466999999999974,0.007684999999999942,-0.004097000000000017
2007.3155,-0.039254999999999984,0.008066000000000018,-0.00780599999999998
2007.3183,-0.03820800000000002,0.007615000000000038,-0.0011289999999999356
2007.321,-0.03889900000000002,0.007336000000000009,-0.001970999999999945
2007.3238,-0.039124999999999965,0.006187999999999971,-0.005969000000000002
2007.3265,-0.03820299999999999,0.0071430000000000105,-0.003877999999999937
2007.3292,-0.03995599999999999,0.00689799999999996,-0.011201999999999934
2007.332,-0.037582000000000004,0.008218999999999976,-0.0070550000000000335
2007.3347,-0.039727999999999986,0.008711999999999942,-0.0024859999999999882
2007.3374,-0.03978999999999999,0.007363000000000008,-0.006908999999999943
2007.3402,-0.03874899999999998,0.007317000000000018,-0.003956999999999988
2007.3429,-0.03833900000000001,0.007537999999999934,-0.007423999999999986
2007.3457,-0.03812599999999999,0.00817100000000004,-0.0037849999999999273
2007.3484,-0.038968999999999976,0.008128000000000024,-0.008695999999999926
2007.3511,-0.03931000000000001,0.008700999999999959,-0.005325999999999942
2007.3539,-0.03839500000000001,0.009376999999999969,-0.007784000000000013
2007.3566,-0.03821599999999997,0.010077000000000003,-0.008152999999999966
2007.3593,-0.038932999999999995,0.010247000000000006,-0.007604999999999973
2007.3621,-0.03901199999999999,0.009194999999999953,-0.009923000000000015
2007.3648,-0.039323,0.010592999999999964,-0.008272999999999975
2007.3676,-0.03952099999999997,0.010066999999999937,-0.006193000000000004
2007.3703,-0.03922500000000001,0.009607000000000032,-0.011599999999999944
2007.373,-0.03918699999999997,0.010962000000000027,-0.006966000000000028
2007.3758,-0.039989,0.010869999999999935,-0.011274000000000006
2007.3785,-0.038926000000000016,0.010179999999999967,-0.010319999999999996
2007.3812,-0.04031600000000002,0.010948999999999987,-0.008626000000000023
2007.384,-0.04112699999999997,0.008970999999999951,-0.005500999999999978
2007.3867,-0.04143599999999997,0.01075399999999993,-0.004622999999999933
2007.3895,-0.04039300000000001,0.009512999999999994,-0.0030850000000000044
2007.3922,-0.03918499999999997,0.01133799999999996,-0.0066749999999999865
2007.3949,-0.04059999999999997,0.01019800000000004,-0.0065109999999999335
2007.3977,-0.040642999999999985,0.010874999999999968,-0.0008529999999999927
2007.4004,-0.042122999999999966,0.01182799999999995,-0.004333999999999949
2007.4031,-0.04164499999999999,0.010152999999999968,-0.006468999999999947
2007.4059,-0.04266700000000001,0.010498000000000007,-0.005450999999999984
2007.4086,-0.042383000000000004,0.010301000000000005,-0.008089000000000013
2007.4114,-0.042188,0.011155999999999944,-0.005552000000000001
2007.4141,-0.04080299999999998,0.011360000000000037,-0.003530000000000033
2007.4168,-0.04281799999999997,0.011275999999999953,-0.00537999999999994
2007.4196,-0.04214200000000001,0.01150299999999993,-0.004135
2007.4223,-0.04153299999999999,0.011027000000000009,-0.003510999999999931
2007.4251,-0.040493999999999974,0.012692999999999954,-0.00730900000000001
2007.4278,-0.042769999999999975,0.011896999999999935,-0.0018199999999999328
2007.4305,-0.042676999999999965,0.010121999999999964,-0.002350999999999992
2007.4333,-0.04209299999999999,0.010917999999999983,-0.0034689999999999444
2007.436,-0.041949000000000014,0.011282000000000014,-0.004238999999999993
2007.4387,-0.04285899999999998,0.010357999999999978,-0.008525000000000005
2007.4415,-0.04299599999999998,0.011691000000000007,-0.008726000000000012
2007.4442,-0.042634000000000005,0.011668000000000012,-0.005425000000000013
2007.447,-0.042984999999999995,0.010781999999999958,-0.007157999999999998
2007.4497,-0.04152699999999998,0.010934,-0.009433000000000025
2007.4524,-0.040547,0.011375000000000024,-0.009695999999999927
2007.4552,-0.040437,0.010772000000000004,-0.0068589999999999485
2007.4579,-0.03981899999999999,0.010171999999999959,-0.00531399999999993
2007.4606,-0.038183999999999996,0.01058799999999993,-0.006761999999999935
2007.4634,-0.03903699999999999,0.011591999999999936,-0.005087999999999981
2007.4661,-0.039466,0.01112599999999997,-0.009889999999999954
2007.4689,-0.040358000000000005,0.013481999999999994,-0.009286999999999934
2007.4716,-0.03987599999999997,0.013004000000000016,-0.008564000000000016
2007.4743,-0.040169999999999983,0.011819000000000024,-0.005778999999999979
2007.4771,-0.03878100000000001,0.012313000000000018,-0.0064589999999999925
2007.4798,-0.04057299999999997,0.01212599999999997,-0.009407999999999972
2007.4825,-0.04024,0.012387000000000037,-0.013587999999999933
2007.4853,-0.03908099999999998,0.012587999999999933,-0.009105999999999947
2007.488,-0.03890499999999997,0.01310699999999998,-0.008599000000000023
2007.4908,-0.03919699999999998,0.012672999999999934,-0.006086000000000036
2007.4935,-0.038441999999999976,0.012433999999999945,-0.007296999999999998
2007.4962,-0.03978599999999999,0.012954000000000021,-0.011352999999999946
2007.499,-0.038449999999999984,0.012660000000000005,-0.008413000000000004
2007.5017,-0.040090000000000015,0.013043999999999945,-0.013467000000000007
2007.5044,-0.04117100000000001,0.013012000000000024,-0.008848999999999996
2007.5072,-0.03956700000000002,0.013039000000000023,-0.007450999999999985
2007.5099,-0.03890499999999997,0.01215299999999997,-0.0012280000000000069
2007.5127,-0.041634000000000004,0.01178099999999993,-0.008850000000000025
2007.5154,-0.04032599999999997,0.011529000000000011,-0.006419999999999981
2007.5181,-0.03934599999999999,0.010749000000000009,-0.0040679999999999605
2007.5209,-0.03900100000000001,0.011517,-0.001910999999999996
2007.5236,-0.03807699999999997,0.013122999999999996,-0.008264999999999967
2007.5264,-0.03980499999999998,0.011360999999999954,-0.006386000000000003
2007.5291,-0.03870999999999997,0.013569999999999971,-0.00815699999999997
2007.5318,-0.04011399999999998,0.012565999999999966,-0.00309399999999993
2007.5346,-0.04040899999999997,0.01280799999999993,-0.01160300000000003
2007.5373,-0.03892200000000001,0.013032999999999961,-0.010538999999999965
2007.54,-0.03914200000000001,0.012838999999999934,-0.004288999999999987
2007.5428,-0.040339000000000014,0.013210999999999973,-0.007357999999999976
2007.5455,-0.03992600000000002,0.013732999999999995,-0.003920000000000035
2007.5483,-0.038829999999999976,0.012951999999999964,-0.006641000000000008
2007.551,-0.03713299999999997,0.01371,-0.0045159999999999645
2007.5537,-0.03597499999999998,0.012705999999999995,-0.005933999999999995
2007.5565,-0.03662599999999999,0.015507999999999966,-0.005696999999999952
2007.5592,-0.03832199999999997,0.01451199999999997,-0.010139999999999927
2007.5619,-0.03898299999999999,0.014465999999999979,-0.010677999999999965
2007.5647,-0.03908600000000001,0.01376299999999997,-0.007217000000000029
2007.5674,-0.039217999999999975,0.012309999999999932,-0.00032199999999993345
2007.5702,-0.03940499999999997,0.011637000000000008,-0.005095999999999989
2007.5729,-0.042238,0.011599000000000026,0.000124000000000013
2007.5756,-0.03821199999999997,0.013336000000000015,-0.0012039999999999829
2007.5784,-0.03965599999999997,0.013356999999999952,-0.0063750000000000195
2007.5811,-0.04030600000000001,0.014445999999999959,-0.009630999999999945
2007.5838,-0.04059400000000002,0.013719000000000037,0.000180000000000069
2007.5866,-0.038349999999999995,0.014573999999999976,-0.004133999999999971
2007.5893,-0.039495999999999976,0.013209000000000026,-0.006468000000000029
2007.5921,-0.03978999999999999,0.01297399999999993,-0.0009869999999999601
2007.5948,-0.038837999999999984,0.01219899999999996,-0.006031000000000009
2007.5975,-0.03990199999999999,0.012900000000000023,-0.007137999999999978
2007.6003,-0.03940499999999997,0.014005999999999963,-0.005413000000000001
2007.603,-0.041283000000000014,0.01284200000000002,-0.005788999999999933
2007.6057,-0.03940699999999997,0.013707000000000025,-0.003054000000000001
2007.6085,-0.039379,0.012351,-0.00253099999999995
2007.6112,-0.040628,0.013375000000000026,-0.012731999999999966
2007.614,-0.040688999999999975,0.013325999999999949,-0.0063750000000000195
2007.6167,-0.040041999999999967,0.013537999999999939,-0.006093000000000015
2007.6194,-0.040403999999999995,0.013232000000000022,-0.008380999999999972
2007.6222,-0.041327999999999976,0.012680999999999942,-0.007475000000000009
2007.6249,-0.039339999999999986,0.01262299999999994,-0.006403999999999965
2007.6277,-0.03886200000000001,0.011499000000000037,-0.004769999999999941
2007.6304,-0.03851199999999999,0.012407999999999975,-0.01044899999999993
2007.6331,-0.03984199999999999,0.012865999999999933,-0.009257999999999988
2007.6359,-0.03933399999999998,0.011723999999999957,-0.003259000000000012
2007.6386,-0.04069099999999998,0.012402999999999942,-0.007855999999999974
2007.6413,-0.040451000000000015,0.011755999999999989,-0.002785999999999955
2007.6441,-0.03959799999999997,0.01214000000000004,-0.0022759999999999447
2007.6468,-0.03926999999999997,0.014064999999999994,-0.0014529999999999266
2007.6496,-0.04003800000000002,0.01486199999999993,-0.006461999999999968
2007.6523,-0.037848999999999966,0.012969000000000008,-0.005488999999999966
2007.655,-0.03932399999999997,0.012898999999999994,-0.004010999999999987
2007.6578,-0.03941,0.012934000000000001,-0.0041360000000000285
2007.6605,-0.03790199999999999,0.01427999999999996,-0.0046159999999999535
2007.6632,-0.03739399999999998,0.011738999999999944,-0.009112000000000009
2007.666,-0.03958699999999998,0.012480999999999964,-0.007865000000000011
2007.6687,-0.03973300000000002,0.012705999999999995,-0.01072200000000001
2007.6715,-0.04077700000000001,0.013093999999999939,-0.008954999999999935
2007.6742,-0.04090899999999997,0.012058999999999931,-0.003257999999999983
2007.6769,-0.03979699999999997,0.011317000000000021,-0.0012429999999999941
2007.6797,-0.04029499999999997,0.011170000000000013,-0.011533000000000015
2007.6824,-0.03980299999999998,0.012213999999999947,-0.006624999999999992
2007.6851,-0.041794,0.012437999999999949,-0.006614000000000009
2007.6879,-0.041966,0.01203999999999994,-0.00214700000000001
2007.6906,-0.04065799999999997,0.010844999999999994,-0.007900999999999936
2007.6934,-0.04150100000000001,0.01211300000000004,-0.014645000000000019
2007.6961,-0.039652999999999994,0.012753000000000014,-0.013029999999999986
2007.6988,-0.039607,0.011522000000000032,-0.007280999999999982
2007.7016,-0.039161999999999975,0.011487999999999943,-0.011433000000000026
2007.7043,-0.03973300000000002,0.01070099999999996,-0.009299999999999975
2007.707,-0.041061000000000014,0.012270000000000003,-0.004666999999999977
2007.7098,-0.041559999999999986,0.010483999999999938,-0.008344000000000018
2007.7125,-0.041854999999999976,0.010001999999999955,-0.006630000000000025
2007.7153,-0.041559999999999986,0.009510000000000018,-0.010417999999999927
2007.718,-0.040764999999999996,0.009677999999999964,-0.00732199999999994
2007.7207,-0.04064000000000001,0.009236000000000022,-0.010028999999999955
2007.7235,-0.04078599999999999,0.008649000000000018,-0.005309000000000008
2007.7262,-0.040076999999999974,0.011313000000000017,-0.004935000000000023
2007.729,-0.038360000000000005,0.011723999999999957,-0.0034649999999999403
2007.7317,-0.040076999999999974,0.011460000000000026,-0.007572999999999941
2007.7344,-0.04063899999999998,0.011101999999999945,-0.008360000000000034
2007.7372,-0.03983900000000001,0.012155000000000027,-0.0027129999999999654
2007.7399,-0.04047899999999999,0.010676000000000019,-0.004341999999999957
2007.7426,-0.03874899999999998,0.011039999999999939,-0.0021099999999999453
2007.7454,-0.03922399999999998,0.011267999999999945,-0.0014600000000000168
2007.7481,-0.039742,0.011021999999999976,-0.00828299999999993
2007.7509,-0.04094300000000001,0.01027699999999998,-0.001363000000000003
2007.7536,-0.040798999999999974,0.01060899999999998,-0.003919000000000006
2007.7563,-0.04238399999999998,0.012309999999999932,2.0000000000020002e-05
2007.7591,-0.04272100000000001,0.010379999999999945,-0.0004269999999999552
2007.7618,-0.041391999999999984,0.010101999999999944,-0.007302000000000031
2007.7645,-0.04080600000000001,0.010978999999999961,-0.003605999999999998
2007.7673,-0.04102600000000001,0.009356999999999949,-0.0030559999999999476
2007.77,-0.04073199999999999,0.010545999999999944,-0.002022999999999997
2007.7728,-0.041578000000000004,0.010394999999999932,-0.0016849999999999365
2007.7755,-0.042466000000000004,0.009981000000000018,-0.007140999999999953
2007.7782,-0.042348,0.010560999999999932,0.002874000000000043
2007.781,-0.04420299999999999,0.009155999999999942,-0.005969000000000002
2007.7837,-0.04263899999999998,0.009591999999999934,-0.007576999999999945
2007.7864,-0.04278399999999999,0.008819999999999939,-0.003906999999999994
2007.7892,-0.042511999999999994,0.008835000000000037,0.001674999999999982
2007.7919,-0.043115000000000014,0.01095400000000002,-0.002746000000000026
2007.7947,-0.04252499999999998,0.010564000000000018,-0.0007669999999999622
2007.7974,-0.04359000000000002,0.010514999999999941,-0.005203999999999986
2007.8001,-0.043101999999999974,0.00901799999999997,-0.005139000000000005
2007.8029,-0.043823,0.010136000000000034,-0.007579000000000002
2007.8056,-0.042252999999999985,0.009709999999999996,-0.010716999999999977
2007.8084,-0.03941600000000001,0.012097000000000024,-0.01030399999999998
2007.8111,-0.04151499999999997,0.011831000000000036,-0.009186999999999945
2007.8138,-0.04395199999999999,0.010595999999999939,-0.008445000000000036
2007.8166,-0.043872999999999995,0.010110999999999981,-0.009186000000000027
2007.8193,-0.043061000000000016,0.010888000000000009,-0.011768
2007.822,-0.043126,0.010452999999999935,-0.015214999999999979
2007.8248,-0.043242999999999976,0.00897199999999998,-0.008714
2007.8275,-0.04451499999999997,0.009510000000000018,-0.010931999999999942
2007.8303,-0.04403499999999999,0.00966800000000001,-0.016288999999999998
2007.833,-0.044115000000000015,0.00907099999999994,-0.013228000000000018
2007.8357,-0.04303000000000001,0.008803000000000005,-0.010684999999999945
2007.8385,-0.042742,0.008597999999999995,-0.009684000000000026
2007.8412,-0.04393199999999997,0.008411999999999975,-0.013805999999999985
2007.8439,-0.04462299999999997,0.009386000000000005,-0.011709999999999998
2007.8467,-0.04424600000000001,0.008387000000000033,-0.010603999999999947
2007.8494,-0.044675999999999993,0.00899799999999995,-0.009649000000000019
2007.8522,-0.04383199999999998,0.006839999999999957,-0.010441999999999951
2007.8549,-0.044953999999999994,0.00598999999999994,-0.00567200000000001
2007.8576,-0.04494300000000001,0.007368999999999959,-0.010048999999999975
2007.8604,-0.04492400000000002,0.0068429999999999325,-0.006989000000000023
2007.8631,-0.04460900000000001,0.006809999999999983,-0.010162000000000004
2007.8658,-0.04408899999999999,0.0070149999999999935,-0.013769000000000031
2007.8686,-0.045269000000000004,0.00894499999999998,-0.010348000000000024
2007.8713,-0.043789999999999996,0.008665999999999952,-0.013603000000000032
2007.8741,-0.04366599999999998,0.008276999999999979,-0.011730000000000018
2007.8768,-0.045094999999999996,0.00795099999999993,-0.010688999999999949
2007.8795,-0.04485899999999998,0.008390000000000009,-0.01149599999999995
2007.8823,-0.045254000000000016,0.00814400000000004,-0.010734999999999939
2007.885,-0.04486499999999999,0.008821999999999997,-0.011831000000000036
2007.8877,-0.04532199999999997,0.009075999999999973,-0.007881999999999945
2007.8905,-0.04487799999999997,0.008375000000000021,-0.014707999999999943
2007.8932,-0.04416300000000001,0.009287999999999963,-0.011498000000000008
2007.896,-0.043335999999999986,0.0071550000000000225,-0.009562999999999988
2007.8987,-0.04366399999999998,0.0072710000000000274,-0.009010999999999991
2007.9014,-0.04381799999999997,0.007296999999999998,-0.01049599999999995
2007.9042,-0.044425999999999966,0.007248000000000032,-0.01361699999999999
2007.9069,-0.043067999999999995,0.008539999999999992,-0.00936300000000001
2007.9097,-0.04548599999999997,0.007627999999999968,-0.013701999999999992
2007.9124,-0.04506899999999997,0.007317999999999936,-0.00939599999999996
2007.9151,-0.044603000000000004,0.008537999999999935,-0.009045999999999998
2007.9179,-0.04203800000000002,0.008774999999999977,-0.007545999999999942
2007.9206,-0.04317500000000002,0.008016000000000023,-0.011553999999999953
2007.9233,-0.04478399999999999,0.008867999999999987,-0.014058999999999933
2007.9261,-0.046082999999999985,0.007541999999999938,-0.013329999999999953
2007.9288,-0.045352,0.009491999999999945,-0.007245999999999975
2007.9316,-0.04843999999999998,0.00854100000000002,-0.007391999999999954
2007.9343,-0.04522700000000002,0.010989999999999944,-0.008709999999999996
2007.937,-0.04432999999999998,0.01023099999999999,-0.006749000000000005
2007.9398,-0.04463600000000001,0.010916999999999955,-0.014317000000000024
2007.9425,-0.047595,0.009028000000000036,-0.012998999999999983
2007.9452,-0.04556199999999999,0.008135000000000003,-0.014000000000000012
2007.948,-0.044565999999999995,0.00767299999999993,-0.014383000000000035
2007.9507,-0.04435,0.009643999999999986,-0.009526000000000034
2007.9535,-0.045769000000000004,0.010225999999999957,-0.010977000000000015
2007.9562,-0.045889999999999986,0.00795800000000002,-0.010340000000000016
2007.9589,-0.04720000000000002,0.008140999999999954,-0.010986999999999969
2007.9617,-0.04651499999999997,0.00740799999999997,-0.007939999999999947
2007.9644,-0.048306000000000016,0.010746000000000033,-0.015456000000000025
2007.9671,-0.04720399999999997,0.008267999999999942,-0.009430999999999967
2007.9699,-0.04536200000000001,0.009282000000000012,-0.00746800000000003
2007.9726,-0.047894999999999965,0.00853399999999993,-0.019727999999999968
2007.9754,-0.04732999999999998,0.008815000000000017,-0.016901999999999973
2007.9781,-0.047736999999999974,0.009558999999999984,-0.01727499999999993
2007.9808,-0.04872599999999999,0.009421000000000013,-0.01287499999999997
2007.9836,-0.049375999999999975,0.009622999999999937,-0.014498000000000011
2007.9863,-0.04859999999999998,0.008033999999999986,-0.00934299999999999
2007.989,-0.05008299999999999,0.010075999999999974,-0.007058000000000009
2007.9918,-0.048802999999999985,0.01024400000000003,-0.008334999999999981
2007.9945,-0.04917499999999997,0.010252999999999957,-0.009421000000000013
2007.9973,-0.048138000000000014,0.009592999999999963,-0.0072670000000000234
2008.0,-0.047678,0.009765000000000024,-0.01653199999999999
2008.0027,-0.04844399999999999,0.01010500000000003,-0.015054000000000012
2008.0055,-0.04647699999999999,0.008844999999999992,-0.007711999999999941
2008.0082,-0.04866100000000001,0.01031700000000002,-0.008369999999999989
2008.011,-0.04671399999999998,0.010267000000000026,-0.006306000000000034
2008.0137,-0.05025200000000002,0.009228000000000014,-0.004653999999999936
2008.0164,-0.049285999999999996,0.009033999999999986,-0.009696999999999956
2008.0192,-0.04859599999999997,0.010087999999999986,-0.015407999999999977
2008.0219,-0.049956999999999974,0.009072999999999998,-0.015039999999999942
2008.0246,-0.049344,0.010622999999999938,-0.013378000000000001
2008.0274,-0.049128000000000005,0.009950000000000014,-0.015197999999999934
2008.0301,-0.04942399999999997,0.00988,-0.012996000000000008
2008.0329,-0.04733999999999999,0.01132500000000003,-0.015271999999999952
2008.0356,-0.05011699999999997,0.010618000000000016,-0.01869199999999993
2008.0383,-0.049309999999999965,0.010274000000000005,-0.014349999999999974
2008.0411,-0.05007400000000001,0.009352999999999945,-0.012704999999999966
2008.0438,-0.04983599999999999,0.009661999999999948,-0.014993999999999952
2008.0465,-0.04884099999999997,0.010958999999999941,-0.013029999999999986
2008.0493,-0.04916100000000001,0.010599999999999943,-0.011699999999999933
2008.052,-0.047533999999999965,0.009622999999999937,-0.010460000000000025
2008.0548,-0.05031199999999997,0.009105999999999947,-0.01343799999999995
2008.0575,-0.049489000000000005,0.008583000000000007,-0.014036999999999966
2008.0602,-0.049759,0.00826899999999997,-0.012346999999999997
2008.063,-0.05069400000000002,0.00955499999999998,-0.013190000000000035
2008.0657,-0.04801099999999997,0.010745000000000005,-0.013801999999999981
2008.0684,-0.048389000000000015,0.008793999999999969,-0.01472399999999996
2008.0712,-0.04757,0.007711999999999941,-0.005508999999999986
2008.0739,-0.05143599999999998,0.009086000000000038,-0.011526999999999954
2008.0767,-0.04814799999999997,0.009002999999999983,-0.016679
2008.0794,-0.04814099999999999,0.00786600000000004,-0.014519999999999977
2008.0821,-0.04832900000000001,0.009576999999999947,-0.01924300000000001
2008.0849,-0.049248000000000014,0.007521,-0.01820900000000003
2008.0876,-0.04867699999999997,0.008191999999999977,-0.015759999999999996
2008.0903,-0.04841200000000001,0.007804000000000033,-0.007986999999999966
2008.0931,-0.048279000000000016,0.007952999999999988,-0.008178999999999936
2008.0958,-0.04883799999999999,0.008052999999999977,-0.012981999999999938
2008.0986,-0.04875799999999997,0.007653999999999939,-0.012280999999999986
2008.1013,-0.04887199999999997,0.00923099999999999,-0.01767799999999997
2008.104,-0.049468999999999985,0.008535999999999988,-0.014456000000000024
2008.1068,-0.046725000000000017,0.00909799999999994,-0.01871400000000001
2008.1095,-0.048213000000000006,0.008569999999999967,-0.012932999999999972
2008.1123,-0.049068,0.009113999999999955,-0.013786999999999994
2008.115,-0.048406000000000005,0.009823000000000026,-0.010249999999999981
2008.1177,-0.05064200000000002,0.007804000000000033,-0.016796000000000033
2008.1205,-0.05116399999999999,0.007848999999999995,-0.016109999999999958
2008.1232,-0.051400999999999974,0.007422999999999957,-0.019326999999999983
2008.1259,-0.05093500000000001,0.008662999999999976,-0.012624999999999997
2008.1287,-0.04945099999999997,0.00846099999999994,-0.010836999999999986
2008.1314,-0.051342,0.007121999999999962,-0.011259999999999937
2008.1342,-0.05079699999999998,0.0062550000000000106,-0.013421999999999934
2008.1369,-0.05206099999999997,0.007707999999999937,-0.015568999999999944
2008.1396,-0.05113800000000002,0.007970000000000033,-0.01666599999999996
2008.1424,-0.05288599999999999,0.007388999999999979,-0.013423999999999991
2008.1451,-0.051385000000000014,0.008002999999999982,-0.014940999999999982
2008.1478,-0.05180600000000002,0.005688000000000026,-0.005618000000000012
2008.1506,-0.05146499999999998,0.008282000000000012,-0.01642100000000002
2008.1533,-0.051873999999999976,0.008098999999999967,-0.020710000000000006
2008.1561,-0.05149900000000002,0.00869399999999998,-0.020166999999999935
2008.1588,-0.05201499999999998,0.007531999999999983,-0.01720900000000003
2008.1615,-0.05292999999999998,0.007862999999999953,-0.014866999999999964
2008.1643,-0.05279499999999998,0.008152999999999966,-0.016647999999999996
2008.167,-0.053255,0.008537000000000017,-0.01657900000000001
2008.1697,-0.05293399999999998,0.00819700000000001,-0.021297999999999928
2008.1725,-0.05473600000000001,0.008956999999999993,-0.021553999999999962
2008.1752,-0.052562,0.008117999999999959,-0.016911999999999927
2008.178,-0.053039999999999976,0.008255000000000012,-0.021189000000000013
2008.1807,-0.05346899999999999,0.008624999999999994,-0.018564999999999943
2008.1834,-0.05312699999999998,0.008211999999999997,-0.016894999999999993
2008.1862,-0.05211300000000002,0.007993000000000028,-0.020569999999999977
2008.1889,-0.05275799999999997,0.00832900000000003,-0.018834000000000017
2008.1916,-0.05546899999999999,0.009264999999999968,-0.01758599999999999
2008.1944,-0.05428299999999997,0.007852999999999999,-0.016154
2008.1971,-0.053763000000000005,0.006825999999999999,-0.017955999999999972
2008.1999,-0.05582599999999999,0.00819700000000001,-0.013025999999999982
2008.2026,-0.05494199999999999,0.008425000000000016,-0.018000000000000016
2008.2053,-0.05574499999999999,0.008214999999999972,-0.011912000000000034
2008.2081,-0.052678999999999976,0.008929999999999993,-0.016205000000000025
2008.2108,-0.05492399999999997,0.007631999999999972,-0.021621
2008.2136,-0.055255,0.00878599999999996,-0.019608999999999988
2008.2163,-0.054649999999999976,0.008180999999999994,-0.01675899999999997
2008.219,-0.05468200000000001,0.008823999999999943,-0.02215899999999993
2008.2218,-0.05568899999999999,0.009527999999999981,-0.02038299999999993
2008.2245,-0.055786,0.008703000000000016,-0.024595000000000034
2008.2272,-0.05498799999999998,0.00750699999999993,-0.019881999999999955
2008.23,-0.05534499999999998,0.008303999999999978,-0.014969999999999928
2008.2327,-0.05647799999999997,0.008862999999999954,-0.018926
2008.2355,-0.056589999999999974,0.008384999999999976,-0.021425000000000027
2008.2382,-0.05635899999999999,0.00871299999999997,-0.01756000000000002
2008.2409,-0.05754799999999999,0.008330999999999977,-0.01747500000000002
2008.2437,-0.05686599999999997,0.007755999999999985,-0.021591999999999945
2008.2464,-0.05572299999999997,0.008105999999999947,-0.01820900000000003
2008.2491,-0.05611299999999997,0.008002999999999982,-0.01800299999999999
2008.2519,-0.057896,0.008050000000000002,-0.01905000000000001
2008.2546,-0.057676000000000005,0.008564999999999934,-0.017475999999999936
2008.2574,-0.057603000000000015,0.009685999999999972,-0.02184699999999995
2008.2601,-0.05856800000000001,0.007203999999999988,-0.018562999999999996
2008.2628,-0.05874299999999999,0.009472999999999954,-0.014950000000000019
2008.2656,-0.059452000000000005,0.010043000000000024,-0.01645299999999994
2008.2683,-0.059365999999999974,0.010282999999999931,-0.020665999999999962
2008.271,-0.058184000000000013,0.010047000000000028,-0.012367000000000017
2008.2738,-0.05822299999999997,0.010619999999999963,-0.018210999999999977
2008.2765,-0.05834499999999998,0.00918399999999997,-0.019749999999999934
2008.2793,-0.05805499999999997,0.010013999999999967,-0.020969000000000015
2008.282,-0.057852000000000015,0.009929999999999994,-0.017355999999999927
2008.2847,-0.05909900000000001,0.008626000000000023,-0.016888000000000014
2008.2875,-0.05954700000000002,0.008099999999999996,-0.017106999999999983
2008.2902,-0.058825000000000016,0.009608999999999979,-0.018218999999999985
2008.293,-0.05848399999999998,0.009504999999999986,-0.021398999999999946
2008.2957,-0.06038100000000002,0.010211999999999999,-0.022758999999999974
2008.2984,-0.058838999999999975,0.010869999999999935,-0.018159999999999954
2008.3012,-0.05853199999999997,0.010917999999999983,-0.015900000000000025
2008.3039,-0.05917800000000001,0.011006999999999989,-0.020572000000000035
2008.3066,-0.05821399999999999,0.01149599999999995,-0.020187999999999984
2008.3094,-0.057946,0.010352999999999946,-0.01561099999999993
2008.3121,-0.058543999999999985,0.010463,-0.019567
2008.3149,-0.05859599999999998,0.011886999999999981,-0.022491999999999956
2008.3176,-0.05954300000000001,0.01107199999999997,-0.02136300000000002
2008.3203,-0.058802999999999994,0.01139699999999999,-0.018376999999999977
2008.3231,-0.059255,0.011573999999999973,-0.013029999999999986
2008.3258,-0.058755,0.010844999999999994,-0.018224000000000018
2008.3285,-0.061068999999999984,0.011626999999999943,-0.01822299999999999
2008.3313,-0.06029899999999999,0.012028999999999956,-0.013688999999999951
2008.334,-0.058697,0.010718000000000005,-0.01848099999999997
2008.3368,-0.06022499999999997,0.010655999999999999,-0.01694399999999996
2008.3395,-0.060195,0.011062000000000016,-0.01832100000000003
2008.3422,-0.059782999999999975,0.01070199999999999,-0.011508999999999991
2008.345,-0.06029499999999999,0.010804000000000036,-0.019055999999999962
2008.3477,-0.060819999999999985,0.01079399999999997,-0.017442999999999986
2008.3504,-0.06303700000000001,0.010094999999999965,-0.016422999999999965
2008.3532,-0.06243399999999999,0.011060999999999988,-0.015754999999999963
2008.3559,-0.061421,0.01188100000000003,-0.012593999999999994
2008.3587,-0.061004999999999976,0.012209999999999943,-0.013522999999999952
2008.3614,-0.06325599999999998,0.011024000000000034,-0.016351000000000004
2008.3641,-0.06260499999999997,0.010495000000000032,-0.018882999999999983
2008.3669,-0.06113799999999997,0.01201299999999994,-0.018444999999999934
2008.3696,-0.059975999999999974,0.011808999999999958,-0.01604799999999995
2008.3723,-0.06095400000000001,0.012089000000000016,-0.013996999999999926
2008.3751,-0.062915,0.011670999999999987,-0.01964100000000002
2008.3778,-0.062456999999999985,0.011719999999999953,-0.015498000000000012
2008.3806,-0.061160999999999965,0.012634999999999952,-0.020383999999999958
2008.3833,-0.061068999999999984,0.013766999999999974,-0.01424000000000003
2008.386,-0.06151400000000001,0.013024999999999953,-0.014508999999999994
2008.3888,-0.060018000000000016,0.012421000000000015,-0.008143000000000011
2008.3915,-0.06151699999999999,0.012660000000000005,-0.009503999999999957
2008.3943,-0.06161099999999997,0.012862999999999958,-0.011228000000000016
2008.397,-0.061487000000000014,0.013878999999999975,-0.015495999999999954
2008.3997,-0.062473,0.01347799999999999,-0.012773999999999952
2008.4025,-0.06189499999999998,0.013668000000000013,-0.014939999999999953
2008.4052,-0.06177699999999997,0.01341099999999995,-0.01586999999999994
2008.4079,-0.060699,0.013475999999999932,-0.013383999999999951
2008.4107,-0.06019199999999997,0.013823999999999947,-0.020201999999999942
2008.4134,-0.060583,0.014944999999999986,-0.01683099999999993
2008.4162,-0.060249,0.015054000000000012,-0.014619999999999966
2008.4189,-0.060811000000000004,0.015414000000000039,-0.01773899999999995
2008.4216,-0.06078499999999998,0.015665999999999958,-0.011738000000000026
2008.4244,-0.060545000000000015,0.013943000000000039,-0.011197000000000012
2008.4271,-0.06144299999999997,0.013576000000000032,-0.01796399999999998
2008.4298,-0.062273999999999996,0.014688999999999952,-0.012492999999999976
2008.4326,-0.06371699999999997,0.013340000000000019,-0.012591000000000019
2008.4353,-0.06141199999999997,0.014367999999999936,-0.01741399999999993
2008.4381,-0.061163999999999996,0.013537999999999939,-0.015063999999999966
2008.4408,-0.058962000000000014,0.01494200000000001,-0.01526700000000003
2008.4435,-0.05959500000000001,0.01526700000000003,-0.013322999999999974
2008.4463,-0.05921599999999999,0.01542599999999994,-0.013299999999999979
2008.449,-0.059634999999999994,0.015539999999999998,-0.014124000000000025
2008.4517,-0.06092399999999998,0.015961000000000003,-0.011889999999999956
2008.4545,-0.05834,0.01490899999999995,-0.015508999999999995
2008.4572,-0.059286000000000005,0.01533299999999993,-0.017371000000000025
2008.46,-0.059170999999999974,0.015639999999999987,-0.018542999999999976
2008.4627,-0.05934499999999998,0.01478999999999997,-0.014344000000000023
2008.4654,-0.059321999999999986,0.01579699999999995,-0.015542999999999974
2008.4682,-0.060278,0.015815000000000023,-0.014191999999999982
2008.4709,-0.05740899999999999,0.01601600000000003,-0.010433000000000026
2008.4736,-0.05812800000000001,0.01622699999999999,-0.018244999999999956
2008.4764,-0.05791200000000002,0.016437000000000035,-0.017521999999999927
2008.4791,-0.059255999999999975,0.015746000000000038,-0.011925999999999992
2008.4819,-0.05876399999999998,0.01697000000000004,-0.013445999999999958
2008.4846,-0.06091799999999997,0.017888000000000015,-0.01638600000000001
2008.4873,-0.05896600000000002,0.016264999999999974,-0.014569999999999972
2008.4901,-0.057881000000000016,0.016390999999999933,-0.012465999999999977
2008.4928,-0.057838999999999974,0.017888999999999933,-0.01694299999999993
2008.4956,-0.05794899999999997,0.017110999999999987,-0.020696999999999965
2008.4983,-0.06007600000000002,0.016243000000000007,-0.014241999999999977
2008.501,-0.060606999999999966,0.01789200000000002,-0.01579699999999995
2008.5038,-0.06113200000000002,0.016020999999999952,-0.017569999999999975
2008.5065,-0.06171899999999997,0.016997999999999958,-0.016834999999999933
2008.5092,-0.06008199999999997,0.01623399999999997,-0.015283999999999964
2008.512,-0.061016000000000015,0.015680000000000027,-0.012299999999999978
2008.5147,-0.060776,0.01540600000000003,-0.015452999999999939
2008.5175,-0.06138899999999997,0.016132999999999953,-0.013367000000000018
2008.5202,-0.058360999999999996,0.017031999999999936,-0.012064999999999992
2008.5229,-0.059524999999999995,0.015434999999999977,-0.01774599999999993
2008.5257,-0.05989899999999998,0.016390000000000016,-0.017604999999999982
2008.5284,-0.060004999999999975,0.015410999999999953,-0.020853999999999928
2008.5311,-0.06145099999999998,0.015243000000000007,-0.017693999999999988
2008.5339,-0.063828,0.016364999999999963,-0.017337999999999965
2008.5366,-0.061873999999999985,0.015641999999999934,-0.015737
2008.5394,-0.06093799999999999,0.016925999999999997,-0.020253999999999994
2008.5421,-0.06110300000000002,0.01497599999999999,-0.014819000000000027
2008.5448,-0.06192399999999998,0.017347,-0.017510999999999943
2008.5476,-0.061998,0.015885999999999956,-0.010122999999999993
2008.5503,-0.06182899999999997,0.01705000000000001,-0.012630999999999948
2008.553,-0.06125900000000001,0.015355000000000008,-0.016171999999999964
2008.5558,-0.06143199999999999,0.016066000000000025,-0.013545999999999947
2008.5585,-0.06074400000000002,0.016054000000000013,-0.019147999999999943
2008.5613,-0.060894000000000004,0.017813999999999997,-0.015784999999999938
2008.564,-0.060404999999999986,0.016387999999999958,-0.017120000000000024
2008.5667,-0.061257000000000006,0.018105999999999955,-0.016656000000000004
2008.5695,-0.06000099999999997,0.016921999999999993,-0.016456999999999944
2008.5722,-0.05905899999999997,0.01631499999999997,-0.019311999999999996
2008.5749,-0.06143599999999999,0.015612999999999988,-0.01260300000000003
2008.5777,-0.06151899999999999,0.015208,-0.012253999999999987
2008.5804,-0.06109999999999999,0.017618000000000023,-0.009337999999999957
2008.5832,-0.06190800000000002,0.01699600000000001,-0.014847999999999972
2008.5859,-0.059809,0.01687099999999997,-0.011672000000000016
2008.5886,-0.059689999999999965,0.016642999999999963,-0.013576000000000032
2008.5914,-0.05971599999999999,0.01649299999999998,-0.014915000000000012
2008.5941,-0.059597999999999984,0.015498000000000012,-0.009321000000000024
2008.5969,-0.06107499999999999,0.015785999999999967,-0.014608999999999983
2008.5996,-0.061085999999999974,0.01740699999999995,-0.018981999999999943
2008.6023,-0.060414999999999996,0.016129999999999978,-0.01367699999999994
2008.6051,-0.05943599999999999,0.016695999999999933,-0.01937500000000003
2008.6078,-0.06190800000000002,0.016369999999999996,-0.022679000000000005
2008.6105,-0.06137999999999999,0.016762999999999972,-0.01597700000000002
2008.6133,-0.06043399999999999,0.015144999999999964,-0.016873000000000027
2008.616,-0.060361,0.014494000000000007,-0.013000000000000012
2008.6188,-0.06041099999999999,0.01683699999999999,-0.017318999999999973
2008.6215,-0.06085099999999999,0.01670499999999997,-0.017496999999999985
2008.6242,-0.06154100000000001,0.01692399999999994,-0.01661199999999996
2008.627,-0.06092799999999998,0.01669200000000004,-0.020005999999999968
2008.6297,-0.059414999999999996,0.015680999999999945,-0.017437999999999954
2008.6324,-0.061900999999999984,0.01539999999999997,-0.01950099999999999
2008.6352,-0.060106999999999966,0.014369999999999994,-0.01661199999999996
2008.6379,-0.05969599999999997,0.014191999999999982,-0.01623399999999997
2008.6407,-0.062492999999999965,0.015043999999999946,-0.017575000000000007
2008.6434,-0.061002999999999974,0.014430999999999972,-0.019754999999999967
2008.6461,-0.06157299999999999,0.015518000000000032,-0.018789999999999973
2008.6489,-0.06105699999999997,0.017340000000000022,-0.01346499999999995
2008.6516,-0.062068999999999985,0.015475000000000017,-0.017256999999999967
2008.6543,-0.063365,0.015031999999999934,-0.017627999999999977
2008.6571,-0.06190699999999999,0.015193000000000012,-0.013128999999999946
2008.6598,-0.06090200000000001,0.013904000000000027,-0.015429999999999944
2008.6626,-0.06051400000000001,0.013464000000000031,-0.013885000000000036
2008.6653,-0.06124799999999997,0.014704999999999968,-0.010711999999999944
2008.668,-0.05987199999999998,0.01331199999999999,-0.013558999999999988
2008.6708,-0.06040200000000001,0.014371000000000023,-0.016695000000000015
2008.6735,-0.061160999999999965,0.014838999999999936,-0.017429999999999946
2008.6762,-0.060302999999999995,0.014468999999999954,-0.016190999999999955
2008.679,-0.06042700000000001,0.013766999999999974,-0.015236999999999945
2008.6817,-0.06104399999999999,0.015699999999999936,-0.01954699999999998
2008.6845,-0.05947199999999997,0.015005999999999964,-0.015674999999999994
2008.6872,-0.061415,0.013924999999999965,-0.011460999999999943
2008.6899,-0.06037100000000001,0.013499999999999956,-0.011504999999999987
2008.6927,-0.059170999999999974,0.012647999999999993,-0.015751999999999988
2008.6954,-0.05921199999999999,0.014090999999999965,-0.01337900000000003
2008.6982,-0.06153700000000001,0.013593999999999995,-0.014313999999999938
2008.7009,-0.06071899999999997,0.013346999999999998,-0.01123200000000002
2008.7036,-0.059674000000000005,0.014255000000000018,-0.015514999999999946
2008.7064,-0.060439999999999994,0.01380899999999996,-0.01608199999999993
2008.7091,-0.05967,0.014734000000000025,-0.018224999999999936
2008.7118,-0.05968200000000001,0.013479000000000019,-0.015892999999999935
2008.7146,-0.06170500000000001,0.014077000000000006,-0.014301000000000008
2008.7173,-0.06128800000000001,0.013369999999999993,-0.015781999999999963
2008.7201,-0.059599999999999986,0.013340999999999936,-0.016266000000000003
2008.7228,-0.061429999999999985,0.012859999999999983,-0.015116999999999936
2008.7255,-0.061597999999999986,0.01371699999999998,-0.015337999999999963
2008.7283,-0.06181900000000001,0.012657999999999947,-0.015774999999999983
2008.731,-0.061211000000000015,0.013301000000000007,-0.012753999999999932
2008.7337,-0.061367000000000005,0.013380999999999976,-0.014344999999999941
2008.7365,-0.06121899999999997,0.013668000000000013,-0.017236999999999947
2008.7392,-0.061958999999999986,0.01264299999999996,-0.014056999999999986
2008.742,-0.06077899999999997,0.01459100000000002,-0.01938799999999996
2008.7447,-0.061471,0.014371000000000023,-0.01790400000000003
2008.7474,-0.060799999999999965,0.013792999999999944,-0.021592999999999973
2008.7502,-0.06103700000000001,0.01352500000000001,-0.017556000000000016
2008.7529,-0.06220500000000001,0.01336499999999996,-0.01754599999999995
2008.7556,-0.062450000000000006,0.013792999999999944,-0.015295999999999976
2008.7584,-0.062998,0.015943999999999958,-0.014684999999999948
2008.7611,-0.06263599999999997,0.013136000000000037,-0.013982999999999968
2008.7639,-0.06304399999999999,0.013618999999999937,-0.018701999999999996
2008.7666,-0.062502,0.013646999999999965,-0.016962000000000033
2008.7693,-0.063521,0.013500999999999985,-0.017552000000000012
2008.7721,-0.065973,0.013666999999999985,-0.017494999999999927
2008.7748,-0.06301299999999999,0.014753000000000016,-0.018005999999999966
2008.7775,-0.06382199999999999,0.012206999999999968,-0.01797700000000002
2008.7803,-0.06289499999999998,0.012795,-0.02050099999999999
2008.783,-0.06293100000000001,0.01231799999999994,-0.023622000000000032
2008.7858,-0.062270999999999965,0.013058000000000014,-0.022438999999999987
2008.7885,-0.06273299999999998,0.01331199999999999,-0.022139999999999938
2008.7912,-0.06093700000000002,0.012859999999999983,-0.02026899999999998
2008.794,-0.06215100000000001,0.012580000000000036,-0.024552000000000018
2008.7967,-0.06431700000000001,0.013182000000000027,-0.016332000000000013
2008.7995,-0.06230199999999997,0.013569999999999971,-0.019495999999999958
2008.8022,-0.06254300000000002,0.013102999999999976,-0.018351000000000006
2008.8049,-0.063135,0.011487000000000025,-0.019890999999999992
2008.8077,-0.062776,0.012070000000000025,-0.021610000000000018
2008.8104,-0.06358399999999997,0.011102999999999974,-0.021101000000000036
2008.8131,-0.06390699999999999,0.011973000000000011,-0.01762699999999995
2008.8159,-0.06307400000000002,0.01231199999999999,-0.02088599999999996
2008.8186,-0.06189,0.012541999999999942,-0.020557999999999965
2008.8214,-0.06185499999999999,0.01177499999999998,-0.02270899999999998
2008.8241,-0.06077199999999999,0.011402999999999941,-0.024083999999999994
2008.8268,-0.06300099999999997,0.009931999999999941,-0.022841
2008.8296,-0.06240200000000001,0.011070000000000024,-0.017773999999999957
2008.8323,-0.061848000000000014,0.013248000000000038,-0.016668000000000016
2008.835,-0.06273899999999999,0.010655999999999999,-0.020477999999999996
2008.8378,-0.06256099999999998,0.010282999999999931,-0.015336000000000016
2008.8405,-0.06268400000000002,0.010869000000000018,-0.013270000000000004
2008.8433,-0.062639,0.010380999999999974,-0.01748099999999997
2008.846,-0.064714,0.011975999999999987,-0.022399999999999975
2008.8487,-0.06307799999999997,0.013624999999999998,-0.018955999999999973
2008.8515,-0.06405299999999997,0.01294799999999996,-0.01766000000000001
2008.8542,-0.06375399999999998,0.010365999999999986,-0.01979999999999993
2008.8569,-0.06620900000000002,0.011768,-0.011631999999999976
2008.8597,-0.065002,0.011786999999999992,-0.017853000000000008
2008.8624,-0.06544299999999997,0.01068099999999994,-0.02044899999999994
2008.8652,-0.065911,0.010699000000000014,-0.02396699999999996
2008.8679,-0.06624799999999997,0.010835000000000039,-0.021712999999999982
2008.8706,-0.064249,0.012790999999999997,-0.018510999999999944
2008.8734,-0.06452199999999997,0.013089999999999935,-0.02370899999999998
2008.8761,-0.064749,0.012222999999999984,-0.023743999999999987
2008.8789,-0.06639899999999999,0.01245699999999994,-0.024143000000000026
2008.8816,-0.06612800000000002,0.011063999999999963,-0.02239800000000003
2008.8843,-0.06519199999999997,0.010534999999999961,-0.020301000000000013
2008.8871,-0.06578800000000001,0.012333999999999956,-0.025334999999999996
2008.8898,-0.065691,0.010152999999999968,-0.02325199999999994
2008.8925,-0.06543499999999997,0.009391000000000038,-0.02025599999999994
2008.8953,-0.065272,0.011553999999999953,-0.024461999999999984
2008.898,-0.06517800000000001,0.010781999999999958,-0.021116000000000024
2008.9008,-0.064691,0.010143000000000013,-0.018390999999999935
2008.9035,-0.06559999999999999,0.010464999999999947,-0.01803699999999997
2008.9062,-0.06682100000000002,0.010643999999999987,-0.024062999999999946
2008.909,-0.06887899999999997,0.011043999999999943,-0.02297300000000002
2008.9117,-0.068627,0.009012999999999938,-0.020602999999999927
2008.9144,-0.06806000000000001,0.009882999999999975,-0.021672000000000025
2008.9172,-0.06783499999999998,0.010384999999999978,-0.019626000000000032
2008.9199,-0.06763799999999998,0.009767999999999999,-0.016363000000000016
2008.9227,-0.06847799999999998,0.009858000000000033,-0.022202999999999973
2008.9254,-0.067465,0.011646999999999963,-0.02217800000000003
2008.9281,-0.06770399999999999,0.010512999999999995,-0.026519999999999988
2008.9309,-0.06781999999999999,0.010333000000000037,-0.026355999999999935
2008.9336,-0.06851499999999999,0.010201000000000016,-0.02211799999999997
2008.9363,-0.06879299999999999,0.01044999999999996,-0.02082600000000001
2008.9391,-0.06871699999999997,0.010638999999999954,-0.023379999999999956
2008.9418,-0.06726300000000002,0.01049599999999995,-0.02762599999999993
2008.9446,-0.06947399999999998,0.01154299999999997,-0.023565999999999976
2008.9473,-0.06847799999999998,0.01133799999999996,-0.01647299999999996
2008.95,-0.06787100000000001,0.01051599999999997,-0.015788000000000024
2008.9528,-0.06862499999999999,0.011039000000000021,-0.01738699999999993
2008.9555,-0.068183,0.009449999999999958,-0.018413000000000013
2008.9582,-0.07012799999999997,0.010202999999999962,-0.017172999999999994
2008.961,-0.06924199999999997,0.010935999999999946,-0.01677099999999998
2008.9637,-0.070415,0.00981299999999996,-0.016013999999999973
2008.9665,-0.07059599999999999,0.01083999999999996,-0.019863999999999993
2008.9692,-0.07012799999999997,0.011946000000000012,-0.023352999999999957
2008.9719,-0.069571,0.012465999999999977,-0.021626999999999952
2008.9747,-0.07014500000000001,0.00966800000000001,-0.015448999999999935
2008.9774,-0.070716,0.008923999999999932,-0.015336000000000016
2008.9802,-0.068029,0.010317999999999938,-0.01641399999999993
2008.9829,-0.06928400000000001,0.009359000000000006,-0.017113999999999963
2008.9856,-0.06935599999999997,0.009650999999999965,-0.01775300000000002
2008.9884,-0.06941999999999998,0.011128000000000027,-0.019230999999999998
2008.9911,-0.069525,0.010929999999999995,-0.023256999999999972
2008.9938,-0.06911600000000001,0.00994700000000004,-0.02066099999999993
2008.9966,-0.07010499999999997,0.01133099999999998,-0.024687999999999932
2008.9993,-0.06829099999999999,0.009848999999999997,-0.020681999999999978
2009.0021,-0.07011400000000001,0.009616999999999987,-0.022193999999999936
2009.0048,-0.06980399999999998,0.008749000000000007,-0.014614000000000016
2009.0075,-0.07149899999999998,0.008927999999999936,-0.019251999999999936
2009.0103,-0.07060699999999998,0.008950999999999931,-0.020677999999999974
2009.013,-0.07094,0.008209000000000022,-0.019047000000000036
2009.0157,-0.07210499999999997,0.010282000000000013,-0.018789999999999973
2009.0185,-0.072957,0.008681999999999968,-0.01974100000000001
2009.0212,-0.07059199999999999,0.008665999999999952,-0.020220999999999933
2009.024,-0.07160099999999997,0.010209999999999941,-0.023704999999999976
2009.0267,-0.070907,0.012603999999999949,-0.02671099999999993
2009.0294,-0.071693,0.012070999999999943,-0.026119000000000003
2009.0322,-0.070857,0.012222999999999984,-0.026173000000000002
2009.0349,-0.07117600000000002,0.011529000000000011,-0.028768999999999934
2009.0376,-0.06887500000000002,0.010526000000000035,-0.02221799999999996
2009.0404,-0.069942,0.011131000000000002,-0.021015000000000006
2009.0431,-0.06984200000000002,0.012160999999999977,-0.021038
2009.0459,-0.06947399999999998,0.009985000000000022,-0.02415999999999996
2009.0486,-0.06964599999999999,0.009684000000000026,-0.026310999999999973
2009.0513,-0.06911499999999998,0.010658999999999974,-0.023950000000000027
2009.0541,-0.069266,0.009010999999999991,-0.019992999999999927
2009.0568,-0.06986999999999999,0.009907,-0.017364999999999964
2009.0595,-0.07083099999999998,0.01086699999999996,-0.013958999999999944
2009.0623,-0.07061200000000001,0.010943999999999954,-0.01609499999999997
2009.065,-0.06931999999999999,0.010214999999999974,-0.026804999999999968
2009.0678,-0.06878200000000001,0.008610000000000007,-0.017347
2009.0705,-0.07075799999999999,0.008873999999999937,-0.020075999999999983
2009.0732,-0.06894499999999998,0.009512999999999994,-0.02046099999999995
2009.076,-0.07000299999999998,0.00962200000000002,-0.029696999999999973
2009.0787,-0.069027,0.009263999999999939,-0.028024999999999967
2009.0815,-0.06928499999999999,0.010322999999999971,-0.025426999999999977
2009.0842,-0.07033800000000001,0.010012999999999939,-0.02102399999999993
2009.0869,-0.07031100000000001,0.00808399999999998,-0.02193899999999993
2009.0897,-0.06957399999999997,0.00967499999999999,-0.02497499999999997
2009.0924,-0.06926499999999997,0.010187999999999975,-0.026675000000000004
2009.0951,-0.07014799999999999,0.00879299999999994,-0.024432999999999927
2009.0979,-0.07044099999999998,0.010055999999999954,-0.02289399999999997
2009.1006,-0.07330599999999998,0.008931000000000022,-0.018074999999999952
2009.1034,-0.07114199999999998,0.009507999999999961,-0.014859999999999984
2009.1061,-0.073521,0.007315999999999989,-0.019919999999999938
2009.1088,-0.07229199999999997,0.008132999999999946,-0.01693599999999995
2009.1116,-0.07397199999999998,0.009530999999999956,-0.02427099999999993
2009.1143,-0.07469999999999999,0.009472999999999954,-0.030061000000000004
2009.117,-0.07217200000000001,0.009777999999999953,-0.02676299999999998
2009.1198,-0.07299,0.008021999999999974,-0.021186999999999956
2009.1225,-0.07383299999999998,0.01023699999999994,-0.02003900000000003
2009.1253,-0.07381300000000002,0.010310999999999959,-0.020722000000000018
2009.128,-0.07270199999999999,0.011838000000000015,-0.016249999999999987
2009.1307,-0.074206,0.011735999999999969,-0.01838200000000001
2009.1335,-0.072623,0.010433999999999943,-0.022591000000000028
2009.1362,-0.07369399999999998,0.008851999999999971,-0.025023000000000017
2009.1389,-0.07361800000000002,0.00917800000000002,-0.025873000000000035
2009.1417,-0.07402199999999998,0.010983999999999994,-0.02447900000000003
2009.1444,-0.07134499999999999,0.009782999999999986,-0.020572000000000035
2009.1472,-0.07420300000000002,0.009498000000000006,-0.02696900000000002
2009.1499,-0.07328000000000001,0.009788000000000019,-0.024536000000000002
2009.1526,-0.071992,0.01070199999999999,-0.025285000000000002
2009.1554,-0.073523,0.00911099999999998,-0.025260999999999978
2009.1581,-0.073826,0.010942000000000007,-0.023973000000000022
2009.1608,-0.07369799999999999,0.010902999999999996,-0.027522999999999964
2009.1636,-0.07289200000000001,0.00988,-0.02421899999999999
2009.1663,-0.07291999999999998,0.010994999999999977,-0.02747299999999997
2009.1691,-0.07139499999999999,0.012388999999999983,-0.024711999999999956
2009.1718,-0.07431699999999997,0.010174999999999934,-0.018718000000000012
2009.1745,-0.07472400000000001,0.009406000000000025,-0.026367999999999947
2009.1773,-0.07406999999999997,0.010336000000000012,-0.02605499999999994
2009.18,-0.075521,0.00964200000000004,-0.02728200000000003
2009.1828,-0.07520199999999999,0.010438999999999976,-0.02335100000000001
2009.1855,-0.07480700000000001,0.01113900000000001,-0.02484900000000001
2009.1882,-0.07510800000000001,0.01058199999999998,-0.025164999999999993
2009.191,-0.07505699999999998,0.010583000000000009,-0.026267999999999958
2009.1937,-0.07572600000000002,0.010220000000000007,-0.027483000000000035
2009.1964,-0.07606299999999999,0.009707000000000021,-0.029532000000000003
2009.1992,-0.07678499999999999,0.01089399999999996,-0.02643299999999993
2009.2019,-0.07686100000000001,0.010889000000000038,-0.02216600000000002
2009.2047,-0.07593699999999998,0.009711999999999943,-0.024359999999999937
2009.2074,-0.07610899999999998,0.009589999999999987,-0.030038999999999927
2009.2101,-0.07682699999999998,0.009094999999999964,-0.02916299999999994
2009.2129,-0.07702399999999998,0.009189000000000003,-0.029474
2009.2156,-0.07747799999999999,0.010819000000000023,-0.027761000000000036
2009.2183,-0.07736899999999997,0.010962999999999945,-0.025175999999999976
2009.2211,-0.08047599999999999,0.009923000000000015,-0.013784000000000018
2009.2238,-0.080146,0.01307400000000003,-0.031025999999999998
2009.2266,-0.07983699999999999,0.010643999999999987,-0.032638999999999974
2009.2293,-0.08129199999999998,0.010336000000000012,-0.03134399999999993
2009.232,-0.08197899999999997,0.00948300000000002,-0.027208999999999928
2009.2348,-0.079544,0.01208599999999993,-0.029710999999999932
2009.2375,-0.08007700000000001,0.011407999999999974,-0.03028799999999998
2009.2402,-0.081756,0.012078999999999951,-0.024368999999999974
2009.243,-0.08224399999999998,0.01245099999999999,-0.02981800000000001
2009.2457,-0.081295,0.010243000000000002,-0.028853999999999935
2009.2485,-0.08239399999999997,0.011414999999999953,-0.02410599999999996
2009.2512,-0.08279799999999998,0.01416099999999998,-0.02303999999999995
2009.2539,-0.08092699999999997,0.013160999999999978,-0.024413000000000018
2009.2567,-0.07999699999999998,0.01080800000000004,-0.026758999999999977
2009.2594,-0.08218700000000001,0.01238399999999995,-0.03312999999999999
2009.2621,-0.07935500000000001,0.01141800000000004,-0.028281
2009.2649,-0.07846700000000001,0.012167000000000039,-0.023699000000000026
2009.2676,-0.078841,0.008148999999999962,-0.020657000000000036
2009.2704,-0.08177600000000002,0.009974999999999956,-0.028614999999999946
2009.2731,-0.08059099999999997,0.010970000000000035,-0.02810199999999996
2009.2758,-0.08046599999999998,0.010499999999999954,-0.02742100000000003
2009.2786,-0.07977099999999998,0.01277499999999998,-0.032093999999999956
2009.2813,-0.08210400000000001,0.011203999999999992,-0.029796999999999962
2009.2841,-0.081739,0.01311299999999993,-0.025843999999999978
2009.2868,-0.08110600000000001,0.011274000000000006,-0.02946799999999994
2009.2895,-0.08083699999999999,0.01263599999999998,-0.03111799999999998
2009.2923,-0.080789,0.012797999999999976,-0.03056099999999995
2009.295,-0.08058899999999997,0.012618999999999936,-0.030549999999999966
2009.2977,-0.08083200000000001,0.01373000000000002,-0.03065399999999996
2009.3005,-0.080268,0.013885999999999954,-0.03097799999999995
2009.3032,-0.081654,0.013506000000000018,-0.026932999999999985
2009.306,-0.08190399999999998,0.01304700000000003,-0.02781
2009.3087,-0.08162999999999998,0.011450999999999989,-0.02624599999999999
2009.3114,-0.081588,0.012024999999999952,-0.026017999999999986
2009.3142,-0.08321899999999999,0.012630999999999948,-0.030093000000000036
2009.3169,-0.082125,0.014548000000000005,-0.02838200000000002
2009.3196,-0.08353699999999997,0.013036999999999965,-0.030838000000000032
2009.3224,-0.08197300000000002,0.01348499999999997,-0.03250999999999993
2009.3251,-0.08279500000000001,0.013375999999999943,-0.029256999999999977
2009.3279,-0.08326699999999998,0.013294999999999946,-0.029212000000000016
2009.3306,-0.082988,0.012890999999999986,-0.02934199999999998
2009.3333,-0.08191700000000002,0.011797999999999975,-0.02831399999999995
2009.3361,-0.08165699999999998,0.011889000000000038,-0.028186999999999962
2009.3388,-0.08114299999999997,0.012438999999999978,-0.02812199999999998
2009.3415,-0.08082699999999998,0.013255000000000017,-0.029070999999999958
2009.3443,-0.08108500000000002,0.013048999999999977,-0.026421999999999946
2009.347,-0.08191100000000001,0.01494300000000004,-0.028714000000000017
2009.3498,-0.08261200000000002,0.013319999999999999,-0.028737000000000013
2009.3525,-0.08171899999999999,0.013082000000000038,-0.02796900000000002
2009.3552,-0.08280899999999997,0.014344000000000023,-0.02658399999999994
2009.358,-0.083951,0.01352500000000001,-0.027576999999999963
2009.3607,-0.08313700000000002,0.013087999999999989,-0.024286999999999948
2009.3634,-0.08237299999999997,0.01390899999999995,-0.02930100000000002
2009.3662,-0.082366,0.014158000000000004,-0.029410999999999965
2009.3689,-0.08165099999999997,0.014993999999999952,-0.023707000000000034
2009.3717,-0.08194999999999997,0.015010999999999997,-0.024712999999999985
2009.3744,-0.082071,0.016000999999999932,-0.029935999999999963
2009.3771,-0.08085500000000001,0.015085000000000015,-0.031882999999999995
2009.3799,-0.08175899999999997,0.014916999999999958,-0.026998999999999995
2009.3826,-0.08207799999999998,0.014490000000000003,-0.029372999999999982
2009.3854,-0.082932,0.01498900000000003,-0.032120999999999955
2009.3881,-0.08210200000000001,0.015641999999999934,-0.028371000000000035
2009.3908,-0.08168199999999998,0.015074000000000032,-0.030934999999999935
2009.3936,-0.08144299999999999,0.014946000000000015,-0.03003800000000001
2009.3963,-0.08236499999999997,0.01527400000000001,-0.02723500000000001
2009.399,-0.08146999999999999,0.015172999999999992,-0.028939999999999966
2009.4018,-0.08105200000000001,0.015338999999999992,-0.02960099999999999
2009.4045,-0.08266099999999998,0.016079999999999983,-0.02431300000000003
2009.4073,-0.08273399999999997,0.016249999999999987,-0.02731300000000003
2009.41,-0.08254299999999998,0.01624800000000004,-0.025000000000000022
2009.4127,-0.08171299999999998,0.016338999999999992,-0.02786299999999997
2009.4155,-0.08221099999999998,0.01675199999999999,-0.029537999999999953
2009.4182,-0.08157500000000001,0.01631499999999997,-0.022969999999999935
2009.4209,-0.08148,0.01653899999999997,-0.02951999999999999
2009.4237,-0.08216299999999999,0.01591699999999996,-0.025553999999999966
2009.4264,-0.082036,0.016904999999999948,-0.02873799999999993
2009.4292,-0.08233499999999999,0.016216000000000008,-0.02310699999999999
2009.4319,-0.08226699999999998,0.017120000000000024,-0.024156999999999984
2009.4346,-0.08257799999999998,0.016803000000000012,-0.024897999999999976
2009.4374,-0.07889599999999997,0.016568000000000027,-0.028510000000000035
2009.4401,-0.082287,0.018090999999999968,-0.023826000000000014
2009.4428,-0.08229700000000001,0.017063999999999968,-0.02866599999999997
2009.4456,-0.081932,0.018340000000000023,-0.022446999999999995
2009.4483,-0.08192299999999997,0.018118999999999996,-0.02663799999999994
2009.4511,-0.08044699999999999,0.019459000000000004,-0.025424000000000002
2009.4538,-0.080766,0.017429000000000028,-0.02959299999999998
2009.4565,-0.08185500000000001,0.01770499999999997,-0.023050000000000015
2009.4593,-0.083563,0.01613600000000004,-0.023040999999999978
2009.462,-0.08278999999999997,0.017780999999999936,-0.02490799999999993
2009.4648,-0.08044099999999998,0.017205999999999944,-0.02034999999999998
2009.4675,-0.082368,0.015089000000000019,-0.020244999999999957
2009.4702,-0.08271800000000001,0.01600899999999994,-0.02702300000000002
2009.473,-0.083974,0.015808999999999962,-0.025958999999999954
2009.4757,-0.08205600000000002,0.01818200000000003,-0.027137999999999995
2009.4784,-0.08429799999999998,0.01674600000000004,-0.024089000000000027
2009.4812,-0.085536,0.016556000000000015,-0.025082999999999966
2009.4839,-0.08188499999999999,0.016487999999999947,-0.02063399999999993
2009.4867,-0.08194099999999999,0.017479000000000022,-0.027258000000000004
2009.4894,-0.082874,0.01680399999999993,-0.032008000000000036
2009.4921,-0.08462700000000001,0.018484999999999974,-0.027741999999999933
2009.4949,-0.08325100000000002,0.019228000000000023,-0.02126499999999998
2009.4976,-0.08458499999999997,0.01844699999999999,-0.022851999999999983
2009.5003,-0.082899,0.01917599999999997,-0.02573099999999995
2009.5031,-0.08335700000000001,0.019363999999999937,-0.031278999999999946
2009.5058,-0.08421600000000001,0.018942999999999932,-0.025151999999999952
2009.5086,-0.08435300000000001,0.01840799999999998,-0.02443899999999999
2009.5113,-0.08242899999999997,0.018877000000000033,-0.023398999999999948
2009.514,-0.08382099999999998,0.01867299999999994,-0.022070000000000034
2009.5168,-0.08377999999999997,0.018118999999999996,-0.023147999999999946
2009.5195,-0.08347300000000002,0.018815999999999944,-0.022946000000000022
2009.5222,-0.08323199999999997,0.01903699999999997,-0.024592999999999976
2009.525,-0.083876,0.019113999999999964,-0.02206600000000003
2009.5277,-0.08385100000000001,0.018212000000000006,-0.02866000000000002
2009.5305,-0.08453099999999997,0.019822000000000006,-0.024170999999999943
2009.5332,-0.083451,0.01820199999999994,-0.02392799999999995
2009.5359,-0.08343099999999998,0.01844199999999996,-0.02979299999999996
2009.5387,-0.08437099999999997,0.01791799999999999,-0.025222999999999995
2009.5414,-0.08484199999999997,0.017522999999999955,-0.027503999999999973
2009.5441,-0.084532,0.016483000000000025,-0.026355000000000017
2009.5469,-0.08429900000000001,0.01760700000000004,-0.02582200000000001
2009.5496,-0.08146900000000001,0.017476999999999965,-0.02615400000000001
2009.5524,-0.08393400000000001,0.018197999999999936,-0.018069
2009.5551,-0.084117,0.017568999999999946,-0.02476999999999996
2009.5578,-0.083179,0.018105999999999955,-0.02466899999999994
2009.5606,-0.08193800000000001,0.01786500000000002,-0.029675000000000007
2009.5633,-0.085428,0.01821600000000001,-0.02882499999999999
2009.5661,-0.08295399999999997,0.01829599999999998,-0.026768000000000014
2009.5688,-0.084208,0.016948999999999992,-0.03159299999999998
2009.5715,-0.08634799999999998,0.017954999999999943,-0.019446999999999992
2009.5743,-0.08481499999999997,0.015454999999999997,-0.03256300000000001
2009.577,-0.08448299999999997,0.016886999999999985,-0.026382000000000017
2009.5797,-0.08497100000000002,0.01804300000000003,-0.027436000000000016
2009.5825,-0.084339,0.01785800000000004,-0.026228999999999947
2009.5852,-0.08473599999999998,0.01850200000000002,-0.028548000000000018
2009.588,-0.08334399999999997,0.017369999999999997,-0.023626999999999954
2009.5907,-0.08296100000000001,0.018167999999999962,-0.024544999999999928
2009.5934,-0.084171,0.016928999999999972,-0.030359999999999943
2009.5962,-0.08378799999999997,0.017800000000000038,-0.02385499999999996
2009.5989,-0.08302999999999999,0.01649400000000001,-0.03147500000000003
2009.6016,-0.08305499999999999,0.016298999999999952,-0.032579000000000025
2009.6044,-0.08360800000000002,0.01676500000000003,-0.035792999999999964
2009.6071,-0.08481899999999998,0.018062000000000022,-0.029198999999999975
2009.6099,-0.08227400000000001,0.01744800000000002,-0.03031600000000001
2009.6126,-0.08339000000000002,0.017278999999999933,-0.025638999999999967
2009.6153,-0.08495599999999998,0.016288999999999998,-0.03266000000000002
2009.6181,-0.083476,0.01718299999999995,-0.024684999999999957
2009.6208,-0.08387299999999998,0.01685700000000001,-0.024480999999999975
2009.6235,-0.08326499999999998,0.015878999999999976,-0.026897999999999977
2009.6263,-0.08318199999999998,0.01612800000000003,-0.02725999999999995
2009.629,-0.08344400000000002,0.016164999999999985,-0.024399999999999977
2009.6318,-0.08303899999999997,0.016935000000000033,-0.02933399999999997
2009.6345,-0.08464699999999997,0.015904999999999947,-0.02549899999999994
2009.6372,-0.08315099999999997,0.01642100000000002,-0.02186599999999994
2009.64,-0.08411200000000002,0.016957,-0.027891
2009.6427,-0.08460499999999999,0.01716899999999999,-0.025348999999999955
2009.6454,-0.08524399999999999,0.015637000000000012,-0.029266999999999932
2009.6482,-0.08299400000000001,0.015068999999999999,-0.02576899999999993
2009.6509,-0.08414499999999997,0.015765999999999947,-0.032135000000000025
2009.6537,-0.08493299999999998,0.016602000000000006,-0.03094399999999997
2009.6564,-0.08395599999999998,0.01770499999999997,-0.028501
2009.6591,-0.08337899999999998,0.01763999999999999,-0.027596999999999983
2009.6619,-0.08249499999999999,0.017298000000000036,-0.025820999999999983
2009.6646,-0.08474900000000002,0.016634999999999955,-0.023421999999999943
2009.6674,-0.08369199999999999,0.01516799999999996,-0.024168999999999996
2009.6701,-0.08474999999999999,0.016073000000000004,-0.025843999999999978
2009.6728,-0.08499699999999999,0.015846000000000027,-0.025826000000000016
2009.6756,-0.08321699999999999,0.01625500000000002,-0.030066999999999955
2009.6783,-0.08382,0.016027000000000013,-0.02477499999999999
2009.681,-0.08293099999999998,0.014681999999999973,-0.03051399999999993
2009.6838,-0.08517599999999997,0.015541999999999945,-0.028227000000000002
2009.6865,-0.08468799999999999,0.014873000000000025,-0.02231700000000003
2009.6893,-0.08487299999999998,0.014522999999999953,-0.02097199999999999
2009.692,-0.08193499999999998,0.01572399999999996,-0.02223900000000001
2009.6947,-0.08334599999999998,0.013136999999999954,-0.02806299999999995
2009.6975,-0.085086,0.01453199999999999,-0.026402000000000037
2009.7002,-0.08596900000000002,0.013797999999999977,-0.02352999999999994
2009.7029,-0.08429900000000001,0.013580000000000036,-0.02667799999999998
2009.7057,-0.08442499999999997,0.014203999999999994,-0.02848699999999993
2009.7084,-0.08369399999999999,0.014355000000000007,-0.02784500000000001
2009.7112,-0.08413100000000001,0.013912000000000035,-0.029591000000000034
2009.7139,-0.08533099999999999,0.014248999999999956,-0.028556000000000026
2009.7166,-0.08503099999999997,0.014421000000000017,-0.02459100000000003
2009.7194,-0.08563899999999997,0.013257999999999992,-0.025866999999999973
2009.7221,-0.08496799999999999,0.013867999999999991,-0.026382000000000017
2009.7248,-0.084949,0.014622999999999942,-0.027289000000000008
2009.7276,-0.08443099999999998,0.01553799999999994,-0.02817000000000003
2009.7303,-0.08597299999999997,0.013722000000000012,-0.029749000000000025
2009.7331,-0.08560299999999998,0.014171999999999962,-0.030506000000000033
2009.7358,-0.08579900000000001,0.014321999999999946,-0.02298100000000003
2009.7385,-0.08658499999999997,0.013224000000000014,-0.025509000000000004
2009.7413,-0.08695799999999998,0.014224999999999932,-0.022637999999999936
2009.744,-0.086227,0.013704999999999967,-0.022685999999999984
2009.7467,-0.08510000000000001,0.013850999999999947,-0.02803699999999998
2009.7495,-0.08564699999999997,0.012857000000000007,-0.030842999999999954
2009.7522,-0.086596,0.013290000000000024,-0.02540500000000001
2009.755,-0.08601399999999998,0.014213000000000031,-0.026800999999999964
2009.7577,-0.08507799999999999,0.013217000000000034,-0.01948899999999998
2009.7604,-0.08668700000000001,0.013963999999999976,-0.02832199999999996
2009.7632,-0.08785700000000002,0.01282899999999998,-0.028059999999999974
2009.7659,-0.08640399999999998,0.012553000000000036,-0.021445999999999965
2009.7687,-0.08768900000000002,0.01307400000000003,-0.029266000000000014
2009.7714,-0.08585700000000002,0.014402999999999944,-0.026629000000000014
2009.7741,-0.086845,0.013722000000000012,-0.02474199999999993
2009.7769,-0.08685100000000001,0.013241999999999976,-0.02429799999999993
2009.7796,-0.086957,0.012461999999999973,-0.02382899999999999
2009.7823,-0.08717399999999997,0.01469100000000001,-0.020754999999999968
2009.7851,-0.08468999999999999,0.016070999999999946,-0.029363999999999946
2009.7878,-0.085337,0.013037999999999994,-0.030475999999999948
2009.7906,-0.08416000000000001,0.012813999999999992,-0.03147699999999998
2009.7933,-0.08409899999999998,0.012280999999999986,-0.033830999999999944
2009.796,-0.08511000000000002,0.010742999999999947,-0.026115
2009.7988,-0.086142,0.011063999999999963,-0.02853899999999998
2009.8015,-0.08581699999999998,0.01194099999999998,-0.030510999999999955
2009.8042,-0.085584,0.01289499999999999,-0.02535900000000002
2009.807,-0.08485900000000002,0.013139000000000012,-0.02685700000000002
2009.8097,-0.08535199999999998,0.012687000000000004,-0.024162999999999935
2009.8125,-0.08668900000000002,0.011789999999999967,-0.02590799999999993
2009.8152,-0.085864,0.012832999999999983,-0.026143000000000027
2009.8179,-0.08587899999999998,0.011074999999999946,-0.02516699999999994
2009.8207,-0.086281,0.011328000000000005,-0.027332000000000023
2009.8234,-0.08534599999999998,0.011921999999999988,-0.021379999999999955
2009.8261,-0.08523399999999998,0.012095999999999996,-0.02143699999999993
2009.8289,-0.085901,0.011251000000000011,-0.02712899999999996
2009.8316,-0.086418,0.010947999999999958,-0.027409999999999934
2009.8344,-0.08415899999999998,0.010612999999999984,-0.029528
2009.8371,-0.08462700000000001,0.011375000000000024,-0.03033600000000003
2009.8398,-0.08455799999999997,0.011406999999999945,-0.029695000000000027
2009.8426,-0.08474300000000001,0.009182000000000023,-0.030841000000000007
2009.8453,-0.08579599999999998,0.00960799999999995,-0.020444999999999935
2009.848,-0.08705000000000002,0.00883299999999998,-0.027088
2009.8508,-0.087536,0.008360000000000034,-0.02231099999999997
2009.8535,-0.08655499999999999,0.010098999999999969,-0.028200000000000003
2009.8563,-0.08712700000000001,0.011657000000000028,-0.02534000000000003
2009.859,-0.08656199999999997,0.010693999999999981,-0.02699499999999999
2009.8617,-0.08879999999999999,0.011217000000000033,-0.029209999999999958
2009.8645,-0.08943000000000001,0.01115199999999994,-0.02947299999999997
2009.8672,-0.08986,0.010894999999999988,-0.026615999999999973
2009.87,-0.08740700000000001,0.009367000000000014,-0.027124999999999955
2009.8727,-0.087816,0.010682999999999998,-0.03015699999999999
2009.8754,-0.087922,0.010437999999999947,-0.03068099999999996
2009.8782,-0.08807399999999999,0.010487000000000024,-0.034023000000000025
2009.8809,-0.08907199999999998,0.009912000000000032,-0.028478000000000003
2009.8836,-0.088814,0.010433000000000026,-0.032679000000000014
2009.8864,-0.08898699999999998,0.010602,-0.032691000000000026
2009.8891,-0.089426,0.010869000000000018,-0.027541999999999955
2009.8919,-0.090119,0.010332000000000008,-0.030694
2009.8946,-0.09047899999999998,0.01214000000000004,-0.03445100000000001
2009.8973,-0.09019099999999997,0.01112599999999997,-0.032796999999999965
2009.9001,-0.08954699999999999,0.01142999999999994,-0.031603999999999965
2009.9028,-0.08884599999999998,0.011622999999999939,-0.02788299999999999
2009.9055,-0.09082699999999999,0.009626999999999941,-0.03022999999999998
2009.9083,-0.091148,0.010618000000000016,-0.026776000000000022
2009.911,-0.088835,0.011336000000000013,-0.030815000000000037
2009.9138,-0.08994399999999997,0.011472000000000038,-0.031903000000000015
2009.9165,-0.09137800000000001,0.011086999999999958,-0.03239700000000001
2009.9192,-0.09329300000000001,0.012939000000000034,-0.029595999999999956
2009.922,-0.091947,0.011614999999999931,-0.029517000000000015
2009.9247,-0.09063499999999997,0.010838000000000014,-0.030097999999999958
2009.9274,-0.09092299999999998,0.011329999999999951,-0.028799999999999937
2009.9302,-0.09095199999999998,0.011271000000000031,-0.025668999999999942
2009.9329,-0.09300399999999998,0.011442999999999981,-0.024988999999999928
2009.9357,-0.09198600000000001,0.013221000000000038,-0.02102399999999993
2009.9384,-0.09098400000000001,0.011182000000000025,-0.02854599999999996
2009.9411,-0.091897,0.01153000000000004,-0.023606999999999934
2009.9439,-0.092003,0.011294000000000026,-0.023839999999999972
2009.9466,-0.08977299999999999,0.012278000000000011,-0.02323200000000003
2009.9493,-0.09050199999999997,0.012298000000000031,-0.02595599999999998
2009.9521,-0.089858,0.011923999999999935,-0.02537199999999995
2009.9548,-0.09057700000000002,0.01170899999999997,-0.028689999999999993
2009.9576,-0.08846599999999999,0.011614000000000013,-0.027548999999999935
2009.9603,-0.091302,0.011866999999999961,-0.027137999999999995
2009.963,-0.091283,0.012692000000000037,-0.029675000000000007
2009.9658,-0.09071099999999999,0.011309000000000013,-0.02722099999999994
2009.9685,-0.092451,0.011216000000000004,-0.029702000000000006
2009.9713,-0.09190799999999999,0.00925100000000001,-0.02739999999999998
2009.974,-0.091806,0.010723999999999956,-0.02362900000000001
2009.9767,-0.09027200000000002,0.011259000000000019,-0.025668000000000024
2009.9795,-0.09154899999999999,0.011159999999999948,-0.029198999999999975
2009.9822,-0.091333,0.011925999999999992,-0.032035000000000036
2009.9849,-0.09235199999999999,0.011236000000000024,-0.028081000000000023
2009.9877,-0.09112100000000001,0.011286999999999936,-0.03050699999999995
2009.9904,-0.090308,0.010824999999999974,-0.029683999999999933
2009.9932,-0.09188099999999999,0.010226999999999986,-0.028630999999999962
2009.9959,-0.09078900000000001,0.011176999999999992,-0.024831999999999965
2009.9986,-0.09097499999999997,0.01043700000000003,-0.02690999999999999
2010.0014,-0.08895399999999998,0.009908000000000028,-0.028994999999999993
2010.0041,-0.09094599999999997,0.01216600000000001,-0.028496999999999995
2010.0068,-0.09158699999999997,0.010971999999999982,-0.03487899999999999
2010.0096,-0.09085300000000002,0.010465999999999975,-0.02997099999999997
2010.0123,-0.09152499999999997,0.011253999999999986,-0.029779
2010.0151,-0.09249200000000002,0.01130500000000001,-0.02996999999999994
2010.0178,-0.091223,0.01137100000000002,-0.025893999999999973
2010.0205,-0.09043600000000002,0.01016499999999998,-0.02957999999999994
2010.0233,-0.09144999999999998,0.010512999999999995,-0.031291999999999986
2010.026,-0.089868,0.010855999999999977,-0.030828999999999995
2010.0287,-0.09018900000000002,0.01076100000000002,-0.027853999999999934
2010.0315,-0.092167,0.009353999999999973,-0.03365600000000002
2010.0342,-0.09135300000000002,0.010709999999999997,-0.03661899999999996
2010.037,-0.09250599999999998,0.010086999999999957,-0.03181899999999993
2010.0397,-0.092837,0.010159000000000029,-0.03076499999999993
2010.0424,-0.091478,0.009008999999999934,-0.03111799999999998
2010.0452,-0.09268300000000002,0.008703000000000016,-0.028217999999999965
2010.0479,-0.09293999999999997,0.008622999999999936,-0.022514000000000034
2010.0507,-0.09326000000000001,0.009564999999999935,-0.024367999999999945
2010.0534,-0.09219,0.009063999999999961,-0.026050000000000018
2010.0561,-0.093358,0.010678999999999994,-0.019576999999999956
2010.0589,-0.09349399999999997,0.007751999999999981,-0.02205899999999994
2010.0616,-0.09383399999999997,0.009677999999999964,-0.02505999999999997
2010.0643,-0.09284300000000001,0.010321000000000025,-0.033471999999999946
2010.0671,-0.09399200000000002,0.009994999999999976,-0.03769899999999993
2010.0698,-0.09404200000000001,0.009753000000000012,-0.038595999999999964
2010.0726,-0.092472,0.007454999999999989,-0.032313000000000036
2010.0753,-0.09334999999999999,0.008256999999999959,-0.03352199999999994
2010.078,-0.09488199999999997,0.011247000000000007,-0.038752999999999926
2010.0808,-0.09514099999999998,0.010672999999999933,-0.038826999999999945
2010.0835,-0.095003,0.009649000000000019,-0.03751099999999996
2010.0862,-0.09451799999999999,0.008382,-0.03506900000000002
2010.089,-0.09384599999999998,0.009309000000000012,-0.030074999999999963
2010.0917,-0.093752,0.008866999999999958,-0.033425999999999956
2010.0945,-0.095028,0.009338999999999986,-0.024903999999999926
2010.0972,-0.09488000000000002,0.009767999999999999,-0.029708999999999985
2010.0999,-0.09497099999999997,0.009677999999999964,-0.03667900000000002
2010.1027,-0.09308299999999997,0.008939999999999948,-0.030205999999999955
2010.1054,-0.09577599999999997,0.009526000000000034,-0.030604999999999993
2010.1081,-0.09419699999999998,0.010095999999999994,-0.028907000000000016
2010.1109,-0.09485699999999997,0.011197000000000012,-0.03630699999999998
2010.1136,-0.095132,0.010016999999999943,-0.03382600000000002
2010.1164,-0.092748,0.00986699999999996,-0.036277000000000004
2010.1191,-0.09222999999999998,0.011006999999999989,-0.033486999999999933
2010.1218,-0.091891,0.010673999999999961,-0.036314999999999986
2010.1246,-0.09280099999999997,0.009790999999999994,-0.03620000000000001
2010.1273,-0.09392800000000001,0.011433999999999944,-0.03530999999999995
2010.13,-0.092918,0.009182999999999941,-0.03657900000000003
2010.1328,-0.09276899999999999,0.009898999999999991,-0.036341999999999985
2010.1355,-0.09320600000000001,0.009225000000000039,-0.031625000000000014
2010.1383,-0.09436,0.007377999999999996,-0.030299999999999994
2010.141,-0.09609099999999998,0.010911000000000004,-0.03093099999999993
2010.1437,-0.09450999999999998,0.008488999999999969,-0.034075999999999995
2010.1465,-0.094279,0.00960099999999997,-0.03649800000000003
2010.1492,-0.09616599999999997,0.010778999999999983,-0.037097999999999964
2010.152,-0.09515600000000002,0.00973400000000002,-0.03948799999999997
2010.1547,-0.096528,0.010225999999999957,-0.03710599999999997
2010.1574,-0.09748899999999999,0.010901999999999967,-0.028971999999999998
2010.1602,-0.09658499999999998,0.009549999999999947,-0.03488999999999998
2010.1629,-0.09729500000000002,0.010337999999999958,-0.035957999999999934
2010.1656,-0.09664299999999998,0.008724999999999983,-0.04276000000000002
2010.1684,-0.09762799999999999,0.009352000000000027,-0.03496100000000002
2010.1711,-0.09745100000000001,0.008194999999999952,-0.034479999999999955
2010.1739,-0.09765999999999997,0.009140000000000037,-0.03500499999999995
2010.1766,-0.097553,0.009971999999999981,-0.04079900000000003
2010.1793,-0.09898200000000001,0.009916000000000036,-0.036466
2010.1821,-0.09917599999999999,0.010334999999999983,-0.04140699999999997
2010.1848,-0.09996699999999997,0.00876599999999994,-0.038443000000000005
2010.1875,-0.09893200000000002,0.008788000000000018,-0.03807700000000003
2010.1903,-0.09969099999999997,0.01019099999999995,-0.04012300000000002
2010.193,-0.09944199999999997,0.008851999999999971,-0.04346899999999998
2010.1958,-0.10058,0.009000000000000008,-0.038269
2010.1985,-0.09759000000000001,0.009951999999999961,-0.03985899999999998
2010.2012,-0.09946699999999997,0.010054000000000007,-0.04854400000000003
2010.204,-0.09930299999999997,0.00997300000000001,-0.04184699999999997
2010.2067,-0.09975899999999999,0.011863999999999986,-0.04653099999999999
2010.2094,-0.09936600000000001,0.013004000000000016,-0.041906
2010.2122,-0.10044199999999998,0.011132999999999948,-0.040883
2010.2149,-0.097408,0.011326999999999976,-0.04413
2010.2177,-0.10034500000000002,0.011341999999999963,-0.043884000000000034
2010.2204,-0.09817999999999999,0.011422999999999961,-0.045366999999999935
2010.2231,-0.100962,0.010757999999999934,-0.04030899999999993
2010.2259,-0.100607,0.011021999999999976,-0.04330299999999998
2010.2286,-0.10114000000000001,0.012602000000000002,-0.03884999999999994
2010.2313,-0.10123599999999999,0.010928999999999967,-0.036646999999999985
2010.2341,-0.100493,0.01242399999999999,-0.04066099999999995
2010.2368,-0.09977399999999997,0.011491000000000029,-0.037408
2010.2396,-0.10124899999999998,0.009583000000000008,-0.037044999999999995
2010.2423,-0.101802,0.010094999999999965,-0.027303999999999995
2010.245,-0.10210799999999998,0.011483999999999939,-0.03743799999999997
2010.2478,-0.10256300000000002,0.011309000000000013,-0.03751700000000002
2010.2505,-0.101605,0.010623999999999967,-0.036839999999999984
2010.2533,-0.102381,0.011205999999999938,-0.03509899999999999
2010.256,-0.10231200000000001,0.010332000000000008,-0.03380799999999995
2010.2587,-0.104244,0.01153700000000002,-0.03749199999999997
2010.2615,-0.103159,0.011570999999999998,-0.04091899999999993
2010.2642,-0.10381999999999997,0.01203299999999996,-0.04149499999999995
2010.2669,-0.10339999999999999,0.011190000000000033,-0.039158999999999944
2010.2697,-0.104022,0.011826000000000003,-0.034745999999999944
2010.2724,-0.10286600000000001,0.011684000000000028,-0.03692399999999996
2010.2752,-0.101468,0.012449999999999961,-0.03700000000000003
2010.2779,-0.10222999999999999,0.012942000000000009,-0.03564999999999996
2010.2806,-0.10269600000000001,0.012344000000000022,-0.037131000000000025
2010.2834,-0.10555900000000001,0.011083999999999983,-0.040524000000000004
2010.2861,-0.10462299999999997,0.010649999999999937,-0.04027000000000003
2010.2888,-0.10666599999999998,0.010518999999999945,-0.04005799999999993
2010.2916,-0.105329,0.011313999999999935,-0.03836200000000001
2010.2943,-0.105433,0.009919000000000011,-0.03853200000000001
2010.2971,-0.107132,0.009666999999999981,-0.03387399999999996
2010.2998,-0.106408,0.011089000000000016,-0.035255000000000036
2010.3025,-0.10613800000000001,0.010496999999999979,-0.03788400000000003
2010.3053,-0.10570999999999997,0.010934,-0.038085000000000035
2010.308,-0.10678899999999997,0.010252999999999957,-0.03709399999999996
2010.3107,-0.10724699999999998,0.013487000000000027,-0.03644599999999998
2010.3135,-0.10497800000000002,0.012089000000000016,-0.038600999999999996
2010.3162,-0.10576599999999997,0.011341999999999963,-0.037162999999999946
2010.319,-0.10495399999999999,0.010546999999999973,-0.03806599999999993
2010.3217,-0.104456,0.012182000000000026,-0.03274199999999994
2010.3244,-0.10460900000000001,0.010697999999999985,-0.03786800000000001
2010.3272,-0.10600900000000002,0.012405,-0.032416
2010.3299,-0.10604199999999997,0.011946000000000012,-0.032084
2010.3326,-0.10655700000000001,0.01172799999999996,-0.034034999999999926
2010.3354,-0.10447400000000001,0.013294999999999946,-0.03385199999999999
2010.3381,-0.10395300000000002,0.013145999999999991,-0.03322599999999998
2010.3409,-0.10403499999999999,0.014758999999999967,-0.03288599999999997
2010.3436,-0.105246,0.014734000000000025,-0.029490999999999934
2010.3463,-0.10426599999999997,0.013458999999999999,-0.03281400000000001
2010.3491,-0.10439599999999999,0.013769000000000031,-0.03312599999999999
2010.3518,-0.10377999999999998,0.013836999999999988,-0.03239700000000001
2010.3546,-0.104734,0.013715000000000033,-0.03323900000000002
2010.3573,-0.105875,0.014591999999999938,-0.03103199999999995
2010.36,-0.10611300000000001,0.01349100000000003,-0.03340799999999999
2010.3628,-0.107398,0.01446499999999995,-0.03105199999999997
2010.3655,-0.10469699999999998,0.015266000000000002,-0.034930999999999934
2010.3682,-0.104514,0.013778999999999986,-0.034605
2010.371,-0.10526000000000002,0.014792999999999945,-0.036011000000000015
2010.3737,-0.10519499999999998,0.013475000000000015,-0.028568999999999956
2010.3765,-0.10439700000000002,0.014136000000000037,-0.02959299999999998
2010.3792,-0.10382399999999997,0.013433999999999946,-0.03254400000000002
2010.3819,-0.104719,0.011932999999999971,-0.030217999999999967
2010.3847,-0.10457499999999997,0.013588999999999962,-0.03301799999999999
2010.3874,-0.10589100000000001,0.013048999999999977,-0.029530999999999974
2010.3901,-0.10585299999999997,0.012600999999999973,-0.03250200000000003
2010.3929,-0.10464400000000001,0.014734000000000025,-0.03238200000000002
2010.3956,-0.103155,0.014514000000000027,-0.032887
2010.3984,-0.104404,0.01333300000000004,-0.03476999999999997
2010.4011,-0.10286400000000001,0.015257999999999994,-0.02956599999999998
2010.4038,-0.10387399999999997,0.014726999999999935,-0.02887099999999998
2010.4066,-0.10424699999999998,0.015920999999999963,-0.033405999999999936
2010.4093,-0.10518,0.015849000000000002,-0.03256099999999995
2010.412,-0.10588799999999998,0.015699999999999936,-0.030124999999999957
2010.4148,-0.106122,0.015398000000000023,-0.02738099999999999
2010.4175,-0.105551,0.015033999999999992,-0.03061999999999998
2010.4203,-0.10652800000000001,0.01562600000000003,-0.031538999999999984
2010.423,-0.10612299999999997,0.015016999999999947,-0.03201199999999993
2010.4257,-0.105574,0.017464000000000035,-0.02698199999999995
2010.4285,-0.104545,0.016244000000000036,-0.030996000000000024
2010.4312,-0.106016,0.016010999999999997,-0.026595000000000035
2010.4339,-0.10684499999999997,0.016583999999999932,-0.033443
2010.4367,-0.10660199999999997,0.01650699999999994,-0.03204399999999996
2010.4394,-0.10544700000000001,0.015917999999999988,-0.03262900000000002
2010.4422,-0.104607,0.016284999999999994,-0.02976000000000001
2010.4449,-0.10545300000000002,0.016773000000000038,-0.034421000000000035
2010.4476,-0.105933,0.01779200000000003,-0.03020999999999996
2010.4504,-0.10564099999999998,0.017224000000000017,-0.029795999999999934
2010.4531,-0.10684499999999997,0.015240999999999949,-0.025600999999999985
2010.4559,-0.10811399999999999,0.017668000000000017,-0.024784999999999946
2010.4586,-0.10768099999999997,0.01681699999999997,-0.031954999999999956
2010.4613,-0.10680600000000001,0.018730999999999942,-0.027070999999999956
2010.4641,-0.10783399999999999,0.017764000000000002,-0.03018399999999999
2010.4668,-0.10562699999999997,0.01732100000000003,-0.02909699999999993
2010.4695,-0.10575499999999999,0.01683100000000004,-0.030336999999999947
2010.4723,-0.10721900000000001,0.016942000000000013,-0.03210299999999999
2010.475,-0.106159,0.016480999999999968,-0.03507799999999994
2010.4778,-0.10579499999999997,0.014878999999999976,-0.028741000000000017
2010.4805,-0.10643999999999998,0.015680000000000027,-0.028173000000000004
2010.4832,-0.10628700000000002,0.016681999999999975,-0.02783099999999994
2010.486,-0.1063,0.016414999999999957,-0.026859999999999995
2010.4887,-0.10624899999999998,0.015652,-0.027807000000000026
2010.4914,-0.107072,0.017974999999999963,-0.02720800000000001
2010.4942,-0.10568699999999998,0.017898999999999998,-0.030491999999999964
2010.4969,-0.10570099999999999,0.016801999999999984,-0.031054999999999944
2010.4997,-0.106267,0.016715000000000035,-0.031405000000000016
2010.5024,-0.10665599999999997,0.016568999999999945,-0.03088499999999994
2010.5051,-0.10692999999999997,0.017834999999999934,-0.028621000000000008
2010.5079,-0.10689500000000002,0.015931999999999946,-0.029899999999999927
2010.5106,-0.10744100000000001,0.015589999999999993,-0.03120299999999998
2010.5133,-0.106319,0.016807000000000016,-0.03462299999999996
2010.5161,-0.10592799999999997,0.01721399999999995,-0.03327599999999997
2010.5188,-0.10615399999999997,0.01742100000000002,-0.030564000000000036
2010.5216,-0.10705900000000002,0.015037999999999996,-0.030232999999999954
2010.5243,-0.105522,0.016946999999999934,-0.021642999999999968
2010.527,-0.106047,0.01593699999999998,-0.027652999999999928
2010.5298,-0.10541400000000001,0.016620999999999997,-0.031695999999999946
2010.5325,-0.10539799999999999,0.016986999999999974,-0.032537999999999956
2010.5352,-0.10558699999999999,0.016734000000000027,-0.026864
2010.538,-0.105657,0.016469999999999985,-0.02494699999999994
2010.5407,-0.10596099999999997,0.015912000000000037,-0.03407300000000002
2010.5435,-0.10449799999999998,0.01827499999999993,-0.02655799999999997
2010.5462,-0.10598999999999997,0.017299999999999982,-0.02784399999999998
2010.5489,-0.10444199999999998,0.017429000000000028,-0.02736099999999997
2010.5517,-0.107207,0.01575700000000002,-0.029615999999999976
2010.5544,-0.10590299999999997,0.016627999999999976,-0.031811000000000034
2010.5572,-0.10611599999999999,0.01728200000000002,-0.028696999999999973
2010.5599,-0.103846,0.016553999999999958,-0.031586
2010.5626,-0.105151,0.017649000000000026,-0.03078000000000003
2010.5654,-0.10705900000000002,0.01645299999999994,-0.03066599999999997
2010.5681,-0.10850500000000002,0.016363999999999934,-0.036347999999999936
2010.5708,-0.10559099999999999,0.015503999999999962,-0.03840500000000002
2010.5736,-0.10480600000000001,0.015839999999999965,-0.031505000000000005
2010.5763,-0.106794,0.016518000000000033,-0.033884000000000025
2010.5791,-0.10454199999999997,0.014705999999999997,-0.037189999999999945
2010.5818,-0.10666399999999998,0.01664500000000002,-0.03501199999999993
2010.5845,-0.10619099999999998,0.01603599999999994,-0.031980999999999926
2010.5873,-0.10680600000000001,0.01684299999999994,-0.029012999999999955
2010.59,-0.10800700000000002,0.01627500000000004,-0.029383999999999966
2010.5927,-0.10685699999999998,0.01588400000000001,-0.031398999999999955
2010.5955,-0.10740899999999998,0.015815000000000023,-0.026131999999999933
2010.5982,-0.107929,0.015625,-0.025587999999999944
2010.601,-0.10906699999999997,0.01581599999999994,-0.033425999999999956
2010.6037,-0.10678199999999999,0.014903,-0.02987200000000001
2010.6064,-0.10581799999999997,0.016746999999999956,-0.02826699999999993
2010.6092,-0.107068,0.016444999999999932,-0.03057500000000002
2010.6119,-0.10728899999999997,0.01499499999999998,-0.029120999999999952
2010.6146,-0.10671199999999997,0.016127000000000002,-0.03154999999999997
2010.6174,-0.10616300000000001,0.01683800000000002,-0.029371000000000036
2010.6201,-0.10638700000000001,0.015913999999999984,-0.030722999999999945
2010.6229,-0.106296,0.016656000000000004,-0.03374699999999997
2010.6256,-0.10752800000000001,0.016351000000000004,-0.03009699999999993
2010.6283,-0.107605,0.015765999999999947,-0.03931899999999999
2010.6311,-0.10852200000000001,0.014673999999999965,-0.027056999999999998
2010.6338,-0.10752699999999998,0.015993999999999953,-0.02961199999999997
2010.6366,-0.107151,0.015842000000000023,-0.02194600000000002
2010.6393,-0.106632,0.015792999999999946,-0.02937999999999996
2010.642,-0.106825,0.01594300000000004,-0.03251399999999993
2010.6448,-0.10789599999999999,0.01562600000000003,-0.03342299999999998
2010.6475,-0.10702299999999998,0.015202999999999967,-0.030822999999999934
2010.6502,-0.10575699999999999,0.014306999999999959,-0.031556999999999946
2010.653,-0.108182,0.015873999999999944,-0.03290099999999996
2010.6557,-0.10802699999999998,0.01362299999999994,-0.02852599999999994
2010.6585,-0.10857499999999998,0.014257999999999993,-0.02939999999999998
2010.6612,-0.10838799999999998,0.01527999999999996,-0.03244999999999998
2010.6639,-0.10704999999999998,0.015735999999999972,-0.031669999999999976
2010.6667,-0.10805900000000002,0.014348000000000027,-0.030367000000000033
2010.6694,-0.107761,0.015411999999999981,-0.029706999999999928
2010.6721,-0.10786999999999997,0.01591100000000001,-0.030918
2010.6749,-0.10833799999999999,0.015047000000000033,-0.02807700000000002
2010.6776,-0.10838900000000001,0.014797999999999978,-0.027309999999999945
2010.6804,-0.10821599999999998,0.015800999999999954,-0.02745299999999995
2010.6831,-0.10891600000000001,0.014016999999999946,-0.027649000000000035
2010.6858,-0.10819499999999999,0.014302000000000037,-0.02751199999999998
2010.6886,-0.10902,0.014480999999999966,-0.027980000000000005
2010.6913,-0.108962,0.01388900000000004,-0.02989799999999998
2010.694,-0.10831000000000002,0.014494000000000007,-0.03170300000000004
2010.6968,-0.109738,0.014831999999999956,-0.029569999999999985
2010.6995,-0.10994399999999999,0.014773999999999954,-0.02952100000000002
2010.7023,-0.10916199999999998,0.014542999999999973,-0.029980000000000007
2010.705,-0.108688,0.012782999999999989,-0.028243000000000018
2010.7077,-0.109068,0.013479999999999936,-0.031205999999999956
2010.7105,-0.10830699999999999,0.014446999999999988,-0.028749000000000025
2010.7132,-0.10816799999999999,0.014056999999999986,-0.02534000000000003
2010.7159,-0.108952,0.014127,-0.026262000000000008
2010.7187,-0.10869299999999998,0.013666999999999985,-0.02786999999999995
2010.7214,-0.11071999999999999,0.013429999999999942,-0.027177000000000007
2010.7242,-0.108983,0.013700999999999963,-0.024989999999999957
2010.7269,-0.109396,0.011871999999999994,-0.028382999999999936
2010.7296,-0.108379,0.012283999999999962,-0.029675000000000007
2010.7324,-0.11000599999999999,0.011477999999999988,-0.030637000000000025
2010.7351,-0.10875699999999999,0.011631999999999976,-0.030672000000000033
2010.7379,-0.10880400000000001,0.011587999999999932,-0.029317999999999955
2010.7406,-0.11042399999999997,0.010438999999999976,-0.028225999999999973
2010.7433,-0.10930000000000001,0.012634999999999952,-0.029376999999999986
2010.7461,-0.11079499999999998,0.014475000000000016,-0.022181000000000006
2010.7488,-0.109981,0.011148999999999964,-0.024982999999999977
2010.7515,-0.108317,0.013128000000000029,-0.02491399999999999
2010.7543,-0.110757,0.010479999999999934,-0.029656999999999933
2010.757,-0.109435,0.010734000000000021,-0.023533999999999944
2010.7598,-0.10900100000000001,0.010270000000000001,-0.033282000000000034
2010.7625,-0.10922100000000001,0.009645000000000015,-0.030741999999999936
2010.7652,-0.110817,0.010307999999999984,-0.030681999999999987
2010.768,-0.10916900000000002,0.010618000000000016,-0.032565999999999984
2010.7707,-0.10889699999999997,0.01180099999999995,-0.032656999999999936
2010.7734,-0.10842299999999999,0.011441999999999952,-0.02956099999999995
2010.7762,-0.109066,0.009851999999999972,-0.031371999999999955
2010.7789,-0.10872700000000002,0.010946000000000011,-0.027317000000000036
2010.7817,-0.10950899999999997,0.00972699999999993,-0.03420499999999993
2010.7844,-0.10949700000000001,0.010004000000000013,-0.028676999999999953
2010.7871,-0.109288,0.009217999999999948,-0.028344999999999954
2010.7899,-0.109377,0.009325000000000028,-0.025660999999999934
2010.7926,-0.10957299999999998,0.008128000000000024,-0.030696999999999974
2010.7953,-0.111315,0.010275999999999952,-0.03048899999999999
2010.7981,-0.11108099999999999,0.011255999999999933,-0.02948099999999998
2010.8008,-0.10959999999999998,0.010920999999999959,-0.023472999999999966
2010.8036,-0.11171900000000001,0.009956999999999994,-0.026818999999999926
2010.8063,-0.11187999999999998,0.009731999999999963,-0.02751999999999999
2010.809,-0.11236200000000002,0.011386000000000007,-0.023480999999999974
2010.8118,-0.11177300000000001,0.00903799999999999,-0.02648499999999998
2010.8145,-0.11241099999999998,0.010719000000000034,-0.026170999999999944
2010.8172,-0.11344300000000002,0.010518000000000027,-0.024077999999999933
2010.82,-0.11266799999999999,0.009572000000000025,-0.030533000000000032
2010.8227,-0.11198399999999997,0.009865000000000013,-0.03248699999999993
2010.8255,-0.11321599999999998,0.008773999999999949,-0.033876999999999935
2010.8282,-0.112294,0.009303999999999979,-0.029465999999999992
2010.8309,-0.11338700000000002,0.009423999999999988,-0.033977000000000035
2010.8337,-0.11260199999999998,0.00927699999999998,-0.03376699999999999
2010.8364,-0.113817,0.01061499999999993,-0.03917599999999999
2010.8392,-0.11280600000000002,0.010421999999999931,-0.033842999999999956
2010.8419,-0.11188399999999998,0.009657000000000027,-0.03536499999999998
2010.8446,-0.11367,0.007975999999999983,-0.03130199999999994
2010.8474,-0.114535,0.007608999999999977,-0.028487999999999958
2010.8501,-0.114313,0.009078999999999948,-0.03413100000000002
2010.8528,-0.115404,0.009411999999999976,-0.02763300000000002
2010.8556,-0.11457299999999998,0.009205000000000019,-0.029815000000000036
2010.8583,-0.11353999999999997,0.009423999999999988,-0.034035999999999955
2010.8611,-0.11486999999999997,0.00988699999999998,-0.034401000000000015
2010.8638,-0.114481,0.009195999999999982,-0.03618699999999997
2010.8665,-0.11396099999999998,0.008997000000000033,-0.03723900000000002
2010.8693,-0.11430799999999997,0.009078999999999948,-0.035426999999999986
2010.872,-0.114649,0.009785999999999961,-0.031233999999999984
2010.8747,-0.115037,0.009292999999999996,-0.03159899999999993
2010.8775,-0.11582700000000001,0.009441000000000033,-0.030008000000000035
2010.8802,-0.115114,0.00880599999999998,-0.03219099999999997
2010.883,-0.11602400000000002,0.011232999999999937,-0.03101100000000001
2010.8857,-0.11440600000000001,0.009318999999999966,-0.027474
2010.8884,-0.11688700000000002,0.009862000000000037,-0.030796999999999963
2010.8912,-0.115792,0.009689999999999976,-0.03192099999999998
2010.8939,-0.117529,0.008375999999999939,-0.03390199999999999
2010.8966,-0.11731599999999998,0.009584000000000037,-0.031306999999999974
2010.8994,-0.115817,0.008117999999999959,-0.029266000000000014
2010.9021,-0.115649,0.00851499999999994,-0.03505499999999995
2010.9049,-0.11633199999999999,0.008047000000000026,-0.034127999999999936
2010.9076,-0.11521399999999998,0.008383999999999947,-0.02560499999999999
2010.9103,-0.11580999999999997,0.007800000000000029,-0.03285899999999997
2010.9131,-0.115363,0.009315999999999991,-0.03406200000000004
2010.9158,-0.11583100000000002,0.007978999999999958,-0.03463099999999997
2010.9185,-0.11515399999999998,0.008305000000000007,-0.035320999999999936
2010.9213,-0.114087,0.009657999999999944,-0.027403999999999984
2010.924,-0.11367,0.010360999999999954,-0.02323799999999998
2010.9268,-0.11318899999999998,0.010110999999999981,-0.026341999999999977
2010.9295,-0.11306,0.009951999999999961,-0.03351099999999996
2010.9322,-0.11518600000000001,0.00916399999999995,-0.033405999999999936
2010.935,-0.113535,0.008045999999999998,-0.03366099999999994
2010.9377,-0.114736,0.009105999999999947,-0.03195199999999998
2010.9405,-0.11638199999999999,0.0067070000000000185,-0.032089000000000034
2010.9432,-0.11369000000000001,0.009484999999999966,-0.024434999999999985
2010.9459,-0.112541,0.009193000000000007,-0.02890399999999993
2010.9487,-0.11368099999999998,0.008824999999999972,-0.02903
2010.9514,-0.11577599999999999,0.00825599999999993,-0.028935999999999962
2010.9541,-0.11554599999999998,0.00899799999999995,-0.02179399999999998
2010.9569,-0.115344,0.009035999999999933,-0.02660499999999999
2010.9596,-0.11535099999999998,0.009004000000000012,-0.02568300000000001
2010.9624,-0.11565599999999998,0.00880000000000003,-0.024421999999999944
2010.9651,-0.11524699999999999,0.008811999999999931,-0.02661099999999994
2010.9678,-0.11549999999999999,0.009843999999999964,-0.030611999999999973
2010.9706,-0.114261,0.009469999999999978,-0.02996999999999994
2010.9733,-0.11547000000000002,0.007890999999999981,-0.02970499999999998
2010.976,-0.11451899999999998,0.009489999999999998,-0.03487499999999999
2010.9788,-0.11353399999999997,0.009384999999999977,-0.03814899999999999
2010.9815,-0.11217899999999997,0.008051999999999948,-0.03185300000000002
2010.9843,-0.11427999999999999,0.008619999999999961,-0.034240999999999966
2010.987,-0.114089,0.007468999999999948,-0.038224000000000036
2010.9897,-0.115755,0.0065669999999999895,-0.038475999999999955
2010.9925,-0.11707800000000002,0.007186000000000026,-0.028590000000000004
2010.9952,-0.11537999999999998,0.008047999999999944,-0.026197999999999944
2010.9979,-0.11449300000000001,0.008933999999999997,-0.031384999999999996
2011.0007,-0.11506299999999997,0.008367999999999931,-0.03515899999999994
2011.0034,-0.114871,0.008993999999999946,-0.03847100000000003
2011.0062,-0.11608200000000002,0.00847500000000001,-0.03652599999999995
2011.0089,-0.11622899999999997,0.007301000000000002,-0.038834000000000035
2011.0116,-0.117149,0.008731999999999962,-0.04664999999999997
2011.0144,-0.11563699999999999,0.009352999999999945,-0.03605999999999998
2011.0171,-0.11625399999999997,0.009939999999999949,-0.031671000000000005
2011.0198,-0.1154,0.011133999999999977,-0.03483700000000001
2011.0226,-0.116058,0.010789999999999966,-0.03485300000000002
2011.0253,-0.11663800000000002,0.011342999999999992,-0.03723999999999994
2011.0281,-0.116004,0.009148999999999963,-0.04077200000000003
2011.0308,-0.11438999999999999,0.01064900000000002,-0.03983199999999998
2011.0335,-0.1144,0.010249999999999981,-0.03979599999999994
2011.0363,-0.11684800000000001,0.00848099999999996,-0.039217999999999975
2011.039,-0.11681199999999997,0.009492999999999974,-0.04346099999999997
2011.0418,-0.11936399999999997,0.009533000000000014,-0.04005599999999998
2011.0445,-0.11763800000000002,0.009669999999999956,-0.03490899999999997
2011.0472,-0.11778099999999997,0.009576999999999947,-0.03293299999999999
2011.05,-0.11728699999999997,0.008974999999999955,-0.03676099999999993
2011.0527,-0.11710999999999999,0.009495000000000031,-0.03700400000000004
2011.0554,-0.118224,0.009116000000000013,-0.03591299999999997
2011.0582,-0.119199,0.009770999999999974,-0.035851999999999995
2011.0609,-0.11781900000000001,0.00996600000000003,-0.040007000000000015
2011.0637,-0.11750499999999997,0.009001999999999954,-0.03840599999999994
2011.0664,-0.11791000000000001,0.008525000000000005,-0.033378999999999936
2011.0691,-0.11717,0.008650999999999964,-0.03561099999999995
2011.0719,-0.116502,0.010762999999999967,-0.040359000000000034
2011.0746,-0.11641200000000002,0.00984699999999994,-0.036619999999999986
2011.0773,-0.11686999999999997,0.011585999999999985,-0.03911100000000001
2011.0801,-0.11615599999999998,0.011040999999999968,-0.03884999999999994
2011.0828,-0.11660599999999999,0.01112599999999997,-0.04218299999999997
2011.0856,-0.11598799999999998,0.01042999999999994,-0.04290399999999994
2011.0883,-0.11578499999999997,0.010008000000000017,-0.045016999999999974
2011.091,-0.116207,0.009847999999999968,-0.04665699999999995
2011.0938,-0.116315,0.011070000000000024,-0.04067500000000002
2011.0965,-0.11798999999999998,0.01111300000000004,-0.04589900000000002
2011.0992,-0.11593900000000001,0.009244999999999948,-0.041543
2011.102,-0.11583699999999997,0.009929999999999994,-0.04276199999999997
2011.1047,-0.11733199999999999,0.009788999999999937,-0.03298000000000001
2011.1075,-0.11782300000000001,0.009091999999999989,-0.03765200000000002
2011.1102,-0.11777199999999999,0.008371000000000017,-0.039634999999999976
2011.1129,-0.11766399999999999,0.009109000000000034,-0.03862500000000002
2011.1157,-0.11768,0.009218999999999977,-0.041463999999999945
2011.1184,-0.11883499999999997,0.008446999999999982,-0.04244700000000001
2011.1211,-0.11879899999999999,0.0069350000000000245,-0.04054599999999997
2011.1239,-0.11982999999999999,0.007801999999999976,-0.04241699999999993
2011.1266,-0.121504,0.0049120000000000275,-0.04504699999999995
2011.1294,-0.11831199999999997,0.007425999999999933,-0.03801500000000002
2011.1321,-0.11816199999999999,0.009122999999999992,-0.031252999999999975
2011.1348,-0.11774999999999997,0.009170000000000011,-0.037170999999999954
2011.1376,-0.11943700000000002,0.009477999999999986,-0.04008899999999993
2011.1403,-0.11861699999999997,0.009989000000000026,-0.039941000000000004
2011.1431,-0.11931799999999998,0.008560000000000012,-0.03943799999999997
2011.1458,-0.12027699999999997,0.009402000000000021,-0.04173899999999997
2011.1485,-0.11807400000000001,0.01221300000000003,-0.03947199999999995
2011.1513,-0.118952,0.011153999999999997,-0.03770600000000002
2011.154,-0.123523,0.008634999999999948,-0.04035599999999995
2011.1567,-0.1189,0.008622999999999936,-0.03755900000000001
2011.1595,-0.12013400000000002,0.009418999999999955,-0.038156999999999996
2011.1622,-0.11949899999999997,0.009630999999999945,-0.04427099999999995
2011.165,-0.120732,0.010792999999999942,-0.044803999999999955
2011.1677,-0.12180399999999997,0.01116499999999998,-0.04452999999999996
2011.1704,-0.12027300000000002,0.010093999999999936,-0.043718000000000035
2011.1732,-0.12071500000000002,0.009427999999999992,-0.045088999999999935
2011.1759,-0.11924600000000002,0.011561999999999961,-0.04633199999999993
2011.1786,-0.12059900000000001,0.010464000000000029,-0.04139300000000001
2011.1814,-0.12010700000000002,0.009900999999999938,-0.04290700000000003
2011.1841,-0.12076500000000001,0.012442999999999982,-0.04533900000000002
2011.1869,-0.120334,0.00864100000000001,-0.042574
2011.1896,-0.12182700000000002,0.009059999999999957,-0.04122300000000001
2011.1923,-0.12130599999999997,0.009929999999999994,-0.03984999999999994
2011.1951,-0.12287900000000002,0.009844999999999993,-0.042269
2011.1978,-0.12166100000000002,0.01029800000000003,-0.04401999999999995
2011.2005,-0.12309900000000001,0.009599999999999942,-0.045274999999999954
2011.2033,-0.122703,0.00894600000000001,-0.04685399999999995
2011.206,-0.12267600000000001,0.009346999999999994,-0.045108999999999955
2011.2088,-0.12138199999999999,0.010750000000000037,-0.043451999999999935
2011.2115,-0.123442,0.009533999999999931,-0.04214799999999996
2011.2142,-0.12002200000000002,0.011753999999999931,-0.03256000000000003
2011.217,-0.12443599999999999,0.009989999999999943,-0.03892799999999996
2011.2197,-0.12348100000000001,0.009340999999999933,-0.045950999999999964
2011.2225,-0.12245099999999998,0.008908000000000027,-0.034498999999999946
2011.2252,-0.12251600000000001,0.010000000000000009,-0.04143299999999994
2011.2279,-0.126494,0.009848999999999997,-0.041578000000000004
2011.2307,-0.12524000000000002,0.00951499999999994,-0.03997799999999996
2011.2334,-0.12441399999999997,0.010329000000000033,-0.040798
2011.2361,-0.125191,0.008627999999999969,-0.042391999999999985
2011.2389,-0.12410100000000002,0.00964200000000004,-0.043345999999999996
2011.2416,-0.124643,0.00964100000000001,-0.047030000000000016
2011.2444,-0.12560499999999997,0.009263000000000021,-0.042557999999999985
2011.2471,-0.12459900000000002,0.00998599999999994,-0.04008100000000003
2011.2498,-0.126882,0.010298999999999947,-0.034968
2011.2526,-0.126983,0.00852200000000003,-0.04192699999999994
2011.2553,-0.12626700000000002,0.009705999999999992,-0.04447499999999993
2011.258,-0.125763,0.009128000000000025,-0.042491999999999974
2011.2608,-0.127336,0.008519999999999972,-0.03915599999999997
2011.2635,-0.127811,0.00906499999999999,-0.03833600000000004
2011.2663,-0.127778,0.009147000000000016,-0.03918699999999997
2011.269,-0.12633499999999998,0.00972099999999998,-0.04420999999999997
2011.2717,-0.126251,0.009602,-0.043273000000000006
2011.2745,-0.12894,0.009591000000000016,-0.04429099999999997
2011.2772,-0.128369,0.009168999999999983,-0.044242000000000004
2011.2799,-0.126481,0.009323999999999999,-0.04493899999999995
2011.2827,-0.12484299999999998,0.011518000000000028,-0.04273499999999997
2011.2854,-0.12521699999999997,0.011732999999999993,-0.04272199999999993
2011.2882,-0.12474099999999999,0.011342999999999992,-0.04334499999999997
2011.2909,-0.126199,0.010780000000000012,-0.038444000000000034
2011.2936,-0.126133,0.01081399999999999,-0.036667000000000005
2011.2964,-0.128189,0.011438999999999977,-0.03367500000000001
2011.2991,-0.12663999999999997,0.011730000000000018,-0.038363000000000036
2011.3018,-0.128091,0.012333999999999956,-0.03904699999999994
2011.3046,-0.126967,0.010894999999999988,-0.03783599999999998
2011.3073,-0.12630199999999997,0.009960999999999998,-0.03734799999999994
2011.3101,-0.12531599999999998,0.009989999999999943,-0.038594999999999935
2011.3128,-0.127544,0.010792000000000024,-0.03866599999999998
2011.3155,-0.12761099999999997,0.010217000000000032,-0.037605
2011.3183,-0.12557799999999997,0.009815999999999936,-0.03700199999999998
2011.321,-0.125311,0.01092700000000002,-0.033909999999999996
2011.3238,-0.126324,0.011068999999999996,-0.04369400000000001
2011.3265,-0.127452,0.011685999999999974,-0.03923599999999994
2011.3292,-0.12645800000000001,0.012078999999999951,-0.036255999999999955
2011.332,-0.127591,0.011834000000000011,-0.041107000000000005
2011.3347,-0.127025,0.01354500000000003,-0.038514999999999966
2011.3374,-0.12710499999999997,0.012213999999999947,-0.040409999999999946
2011.3402,-0.126365,0.010983999999999994,-0.04044199999999998
2011.3429,-0.127218,0.01156299999999999,-0.03663899999999998
2011.3457,-0.127542,0.012966000000000033,-0.03205800000000003
2011.3484,-0.128388,0.012722000000000011,-0.03448899999999999
2011.3511,-0.128145,0.012336000000000014,-0.03479599999999994
2011.3539,-0.12883299999999998,0.012893999999999961,-0.033677999999999986
2011.3566,-0.127639,0.012333000000000038,-0.03831200000000001
2011.3593,-0.12741399999999997,0.013549000000000033,-0.03951899999999997
2011.3621,-0.127106,0.013651999999999997,-0.03777900000000001
2011.3648,-0.128199,0.012989999999999946,-0.04096900000000003
2011.3676,-0.127741,0.010445999999999955,-0.03617899999999996
2011.3703,-0.12826700000000002,0.012784000000000018,-0.03522499999999995
2011.373,-0.12831399999999998,0.011782999999999988,-0.03483999999999998
2011.3758,-0.12766299999999997,0.013800999999999952,-0.03229199999999999
2011.3785,-0.12848700000000002,0.015773999999999955,-0.03441700000000003
2011.3812,-0.128766,0.012871999999999995,-0.03257999999999994
2011.384,-0.12776700000000002,0.013966999999999952,-0.03827999999999998
2011.3867,-0.12937500000000002,0.013950999999999936,-0.034914
2011.3895,-0.132035,0.014286999999999939,-0.03410499999999994
2011.3922,-0.12993899999999997,0.01402800000000004,-0.038116999999999956
2011.3949,-0.12895,0.013770999999999978,-0.03880499999999998
2011.3977,-0.12827,0.013871999999999995,-0.04191400000000001
2011.4004,-0.130266,0.013047999999999949,-0.03452299999999997
2011.4031,-0.129743,0.013595000000000024,-0.032699000000000034
2011.4059,-0.132494,0.012469999999999981,-0.03451099999999996
2011.4086,-0.12944,0.013174000000000019,-0.037170000000000036
2011.4114,-0.13019599999999998,0.014483999999999941,-0.03834799999999994
2011.4141,-0.12932299999999997,0.01413999999999993,-0.036739999999999995
2011.4168,-0.12958599999999998,0.014822000000000002,-0.03989100000000001
2011.4196,-0.130689,0.013992000000000004,-0.03971899999999995
2011.4223,-0.12827,0.014039000000000024,-0.03294799999999998
2011.4251,-0.12849899999999997,0.014981000000000022,-0.04327599999999998
2011.4278,-0.129909,0.015047000000000033,-0.03542499999999993
2011.4305,-0.13187500000000002,0.014688000000000034,-0.03729199999999999
2011.4333,-0.131457,0.01373599999999997,-0.035791999999999935
2011.436,-0.132324,0.01240399999999997,-0.036625999999999936
2011.4387,-0.131031,0.015000000000000013,-0.03525899999999993
2011.4415,-0.13219999999999998,0.013811000000000018,-0.03214399999999995
2011.4442,-0.13061499999999998,0.014151999999999942,-0.030884000000000023
2011.447,-0.13225399999999998,0.012102999999999975,-0.032452000000000036
2011.4497,-0.129687,0.014449999999999963,-0.0343
2011.4524,-0.13013399999999997,0.013579000000000008,-0.03224300000000002
2011.4552,-0.13102799999999998,0.01446499999999995,-0.027622000000000035
2011.4579,-0.13348699999999997,0.014013999999999971,-0.03001699999999996
2011.4606,-0.13009199999999999,0.013993999999999951,-0.03296699999999997
2011.4634,-0.13146999999999998,0.015009999999999968,-0.028464999999999963
2011.4661,-0.12872099999999997,0.014807000000000015,-0.030982999999999983
2011.4689,-0.13001600000000002,0.013680000000000025,-0.031613
2011.4716,-0.128652,0.012579000000000007,-0.03337699999999999
2011.4743,-0.130251,0.014519999999999977,-0.032501
2011.4771,-0.12998899999999997,0.013657999999999948,-0.03616200000000003
2011.4798,-0.12975799999999998,0.01453799999999994,-0.031121999999999983
2011.4825,-0.129594,0.013337999999999961,-0.033320000000000016
2011.4853,-0.129799,0.014405000000000001,-0.030374000000000012
2011.488,-0.129506,0.013132000000000033,-0.03330199999999994
2011.4908,-0.128542,0.01376299999999997,-0.02992499999999998
2011.4935,-0.12991599999999998,0.014653999999999945,-0.033811000000000035
2011.4962,-0.12893699999999997,0.015128999999999948,-0.027997999999999967
2011.499,-0.129255,0.01427899999999993,-0.03543600000000002
2011.5017,-0.129255,0.013912999999999953,-0.035413999999999946
2011.5044,-0.12889699999999998,0.015046000000000004,-0.03951499999999997
2011.5072,-0.13093100000000002,0.015867999999999993,-0.036758999999999986
2011.5099,-0.12960099999999997,0.015375999999999945,-0.03184799999999999
2011.5127,-0.129842,0.015550999999999982,-0.03359800000000002
2011.5154,-0.130276,0.014396999999999993,-0.03044199999999997
2011.5181,-0.12938,0.014317999999999942,-0.029915000000000025
2011.5209,-0.12980599999999998,0.014704999999999968,-0.035911999999999944
2011.5236,-0.12931900000000002,0.014337999999999962,-0.036533999999999955
2011.5264,-0.129413,0.015189000000000008,-0.03349000000000002
2011.5291,-0.130193,0.014464000000000032,-0.034957999999999934
2011.5318,-0.13023400000000002,0.016502999999999934,-0.03464100000000003
2011.5346,-0.13049499999999997,0.014695999999999931,-0.034718999999999944
2011.5373,-0.129318,0.013660000000000005,-0.031888999999999945
2011.54,-0.129168,0.015378000000000003,-0.031164999999999998
2011.5428,-0.129774,0.014039000000000024,-0.036301999999999945
2011.5455,-0.13005699999999998,0.013151000000000024,-0.03549099999999994
2011.5483,-0.129342,0.014708999999999972,-0.034845000000000015
2011.551,-0.130367,0.014993000000000034,-0.03604699999999994
2011.5537,-0.13095,0.014812999999999965,-0.03198499999999993
2011.5565,-0.129955,0.015735999999999972,-0.03658499999999998
2011.5592,-0.130011,0.013739999999999974,-0.03202399999999994
2011.5619,-0.13302599999999998,0.014869999999999939,-0.034115000000000006
2011.5647,-0.132502,0.01532699999999998,-0.033169000000000004
2011.5674,-0.13182,0.014626000000000028,-0.03373999999999999
2011.5702,-0.129677,0.015055999999999958,-0.030710999999999933
2011.5729,-0.131797,0.012545000000000028,-0.03802399999999995
2011.5756,-0.12937500000000002,0.01546599999999998,-0.030807999999999947
2011.5784,-0.13246599999999997,0.014903,-0.027143000000000028
2011.5811,-0.13326899999999997,0.01425999999999994,-0.030285000000000006
2011.5838,-0.132585,0.014553999999999956,-0.02820199999999995
2011.5866,-0.13244,0.014129999999999976,-0.03654199999999996
2011.5893,-0.13288099999999997,0.014548000000000005,-0.03587499999999999
2011.5921,-0.133367,0.015218999999999983,-0.03506500000000001
2011.5948,-0.131631,0.016257999999999995,-0.03810899999999995
2011.5975,-0.130876,0.01590899999999995,-0.03501399999999999
2011.6003,-0.130291,0.015151000000000026,-0.037714000000000025
2011.603,-0.132751,0.01555200000000001,-0.03716600000000003
2011.6057,-0.13293,0.015190999999999955,-0.03164599999999995
2011.6085,-0.13277,0.015714000000000006,-0.03379999999999994
2011.6112,-0.13220700000000002,0.016025999999999985,-0.033540000000000014
2011.614,-0.13033499999999998,0.015225999999999962,-0.03706299999999996
2011.6167,-0.13199499999999997,0.01454500000000003,-0.03266800000000003
2011.6194,-0.13307199999999997,0.014978999999999965,-0.034293999999999936
2011.6222,-0.132355,0.015125999999999973,-0.03205099999999994
2011.6249,-0.13188499999999997,0.01607000000000003,-0.032416
2011.6277,-0.131697,0.013834000000000013,-0.032497
2011.6304,-0.13305299999999998,0.014444000000000012,-0.03447500000000003
2011.6331,-0.132399,0.014454999999999996,-0.03164
2011.6359,-0.13196599999999997,0.013842000000000021,-0.032227000000000006
2011.6386,-0.13321099999999997,0.01337900000000003,-0.02570300000000003
2011.6413,-0.132527,0.013684999999999947,-0.02798899999999993
2011.6441,-0.134044,0.013575000000000004,-0.02578999999999998
2011.6468,-0.13355,0.013116999999999934,-0.027529000000000026
2011.6496,-0.13555,0.012939999999999952,-0.032062000000000035
2011.6523,-0.13275399999999998,0.014195999999999986,-0.029587999999999948
2011.655,-0.13411499999999998,0.012457999999999969,-0.03160699999999994
2011.6578,-0.13186399999999998,0.013790999999999998,-0.028760000000000008
2011.6605,-0.13361099999999998,0.012618000000000018,-0.03808800000000001
2011.6632,-0.13253399999999999,0.013996000000000008,-0.03215000000000001
2011.666,-0.134189,0.013275000000000037,-0.027447
2011.6687,-0.133077,0.012932999999999972,-0.02956599999999998
2011.6715,-0.13380599999999998,0.013449999999999962,-0.03523399999999999
2011.6742,-0.134664,0.013481999999999994,-0.02541799999999994
2011.6769,-0.13237500000000002,0.014665000000000039,-0.029530999999999974
2011.6797,-0.133567,0.013129999999999975,-0.030907999999999936
2011.6824,-0.13192500000000001,0.014838999999999936,-0.03056700000000001
2011.6851,-0.134231,0.012522000000000033,-0.034799000000000024
2011.6879,-0.134058,0.013187999999999978,-0.026059999999999972
2011.6906,-0.134594,0.011086999999999958,-0.027992999999999935
2011.6934,-0.132749,0.011425999999999936,-0.038594999999999935
2011.6961,-0.13272299999999998,0.01203999999999994,-0.03898999999999997
2011.6988,-0.133075,0.012001999999999957,-0.03383499999999995
2011.7016,-0.133838,0.011815999999999938,-0.023434999999999984
2011.7043,-0.133662,0.010987999999999998,-0.024407999999999985
2011.707,-0.13323599999999997,0.01084099999999999,-0.031055999999999973
2011.7098,-0.13253900000000002,0.011844999999999994,-0.02861199999999997
2011.7125,-0.13207399999999997,0.011642999999999959,-0.029550999999999994
2011.7153,-0.13394899999999998,0.012089999999999934,-0.029035000000000033
2011.718,-0.132681,0.011046,-0.026799999999999935
2011.7207,-0.13421,0.010344999999999938,-0.031093999999999955
2011.7235,-0.135052,0.010019,-0.02952100000000002
2011.7262,-0.133212,0.011179999999999968,-0.033054999999999946
2011.729,-0.13576299999999997,0.012078999999999951,-0.028527999999999998
2011.7317,-0.13456200000000001,0.01126399999999994,-0.026264999999999983
2011.7344,-0.132695,0.010445000000000038,-0.024392999999999998
2011.7372,-0.13257799999999997,0.011170000000000013,-0.030244999999999966
2011.7399,-0.132538,0.010639999999999983,-0.03021699999999994
2011.7426,-0.132168,0.011650999999999967,-0.028071999999999986
2011.7454,-0.13372699999999998,0.009843999999999964,-0.024768000000000012
2011.7481,-0.13122,0.010086999999999957,-0.025065000000000004
2011.7509,-0.133189,0.010780000000000012,-0.031313000000000035
2011.7536,-0.134154,0.00939599999999996,-0.027896000000000032
2011.7563,-0.13412999999999997,0.007819999999999938,-0.030263999999999958
2011.7591,-0.136614,0.006827999999999945,-0.030133999999999994
2011.7618,-0.13463399999999998,0.008630000000000027,-0.032235000000000014
2011.7645,-0.13554,0.008556000000000008,-0.038654999999999995
2011.7673,-0.13535399999999997,0.008730000000000016,-0.03480799999999995
2011.77,-0.13430999999999998,0.009755999999999987,-0.03307799999999994
2011.7728,-0.135998,0.00909099999999996,-0.02956700000000001
2011.7755,-0.13547199999999998,0.009503999999999957,-0.025173
2011.7782,-0.13504299999999997,0.009936999999999974,-0.03311399999999998
2011.781,-0.137922,0.009885000000000033,-0.03272299999999995
2011.7837,-0.13681,0.008974999999999955,-0.027835999999999972
2011.7864,-0.13523399999999997,0.009799000000000002,-0.026275999999999966
2011.7892,-0.13579799999999997,0.007966999999999946,-0.028348999999999958
2011.7919,-0.136695,0.009124999999999939,-0.029274000000000022
2011.7947,-0.13512599999999997,0.008311999999999986,-0.02604200000000001
2011.7974,-0.13461299999999998,0.010669999999999957,-0.028317999999999954
2011.8001,-0.135793,0.00999300000000003,-0.029289999999999927
2011.8029,-0.136214,0.008104,-0.03226899999999999
2011.8056,-0.13586399999999998,0.009928999999999966,-0.03251499999999996
2011.8084,-0.134577,0.009726000000000012,-0.027947999999999973
2011.8111,-0.134689,0.009665999999999952,-0.026967999999999992
2011.8138,-0.13476,0.008859999999999979,-0.028958999999999957
2011.8166,-0.135824,0.009047999999999945,-0.031052999999999997
2011.8193,-0.13649,0.008730000000000016,-0.030564999999999953
2011.822,-0.13532899999999998,0.009608999999999979,-0.029822999999999933
2011.8248,-0.136274,0.008900000000000019,-0.028131999999999935
2011.8275,-0.137843,0.008549000000000029,-0.032444999999999946
2011.8303,-0.13651399999999997,0.009158,-0.031251999999999946
2011.833,-0.13750099999999998,0.007765000000000022,-0.030040999999999984
2011.8357,-0.137133,0.007064999999999988,-0.034725000000000006
2011.8385,-0.139032,0.00893199999999994,-0.027927999999999953
2011.8412,-0.13838699999999998,0.006639999999999979,-0.02429799999999993
2011.8439,-0.13739099999999999,0.008179999999999965,-0.03184399999999998
2011.8467,-0.13630599999999998,0.007642000000000038,-0.031457999999999986
2011.8494,-0.13752599999999998,0.007441000000000031,-0.036421999999999954
2011.8522,-0.137741,0.009067999999999965,-0.038548999999999944
2011.8549,-0.13914300000000002,0.008881000000000028,-0.038444000000000034
2011.8576,-0.138218,0.008879999999999999,-0.030730000000000035
2011.8604,-0.13987699999999997,0.008630999999999944,-0.02516099999999999
2011.8631,-0.139642,0.007174999999999931,-0.02828799999999998
2011.8658,-0.14083800000000002,0.007259999999999933,-0.027876000000000012
2011.8686,-0.139922,0.008087999999999984,-0.027580999999999967
2011.8713,-0.139803,0.007727000000000039,-0.02805499999999994
2011.8741,-0.13890599999999997,0.008371999999999935,-0.029110999999999998
2011.8768,-0.13809899999999997,0.009480999999999962,-0.030146000000000006
2011.8795,-0.13854699999999998,0.008265999999999996,-0.029115000000000002
2011.8823,-0.139196,0.009164999999999979,-0.023783
2011.885,-0.138442,0.008409,-0.023730999999999947
2011.8877,-0.137627,0.007716999999999974,-0.023928999999999978
2011.8905,-0.137073,0.007816999999999963,-0.031437999999999966
2011.8932,-0.13726899999999997,0.008705999999999992,-0.03319300000000003
2011.896,-0.138712,0.00901200000000002,-0.02747199999999994
2011.8987,-0.138083,0.008847999999999967,-0.026768000000000014
2011.9014,-0.13663999999999998,0.010479000000000016,-0.02801599999999993
2011.9042,-0.13633299999999998,0.008817999999999993,-0.031108000000000025
2011.9069,-0.138115,0.006908000000000025,-0.03401500000000002
2011.9097,-0.13801199999999997,0.009001999999999954,-0.03231600000000001
2011.9124,-0.14026299999999997,0.007884000000000002,-0.028178999999999954
2011.9151,-0.138529,0.008394000000000013,-0.030827999999999967
2011.9179,-0.13974399999999998,0.008081000000000005,-0.02694200000000002
2011.9206,-0.13796799999999998,0.007133999999999974,-0.026403999999999983
2011.9233,-0.139164,0.007180999999999993,-0.030901999999999985
2011.9261,-0.139733,0.0070789999999999464,-0.03234999999999999
2011.9288,-0.140164,0.00620199999999993,-0.029762999999999984
2011.9316,-0.13875899999999997,0.008237999999999968,-0.03013599999999994
2011.9343,-0.138361,0.008325999999999945,-0.026970999999999967
2011.937,-0.136438,0.009106999999999976,-0.027222999999999997
2011.9398,-0.138038,0.008236000000000021,-0.027452000000000032
2011.9425,-0.13832299999999997,0.007236999999999938,-0.027430999999999983
2011.9452,-0.13887299999999997,0.006942000000000004,-0.02370300000000003
2011.948,-0.138957,0.006904999999999939,-0.025537000000000032
2011.9507,-0.13848099999999997,0.007337999999999956,-0.030147000000000035
2011.9535,-0.140706,0.008406999999999942,-0.028872999999999927
2011.9562,-0.138745,0.008630000000000027,-0.029113999999999973
2011.9589,-0.138106,0.008496999999999977,-0.033035999999999954
2011.9617,-0.13840199999999997,0.007854000000000028,-0.023904000000000036
2011.9644,-0.141523,0.00702400000000003,-0.022670999999999997
2011.9671,-0.139808,0.008035999999999932,-0.02688999999999997
2011.9699,-0.14096799999999998,0.007920999999999956,-0.030370000000000008
2011.9726,-0.14075300000000002,0.007734000000000019,-0.02975300000000003
2011.9754,-0.139196,0.007066000000000017,-0.03138200000000002
2011.9781,-0.14193899999999998,0.006960999999999995,-0.034745000000000026
2011.9808,-0.14098699999999997,0.006740999999999997,-0.032538999999999985
2011.9836,-0.14023599999999997,0.005796999999999941,-0.030637999999999943
2011.9863,-0.141447,0.007363000000000008,-0.027892999999999946
2011.989,-0.142052,0.006836999999999982,-0.02710800000000002
2011.9918,-0.140847,0.0070949999999999624,-0.025436999999999932
2011.9945,-0.14119700000000002,0.008234999999999992,-0.024422999999999973
2011.9973,-0.142476,0.00766,-0.026208999999999927
2012.0,-0.14153699999999997,0.008078999999999947,-0.030101999999999962
2012.0027,-0.14071299999999998,0.006993999999999945,-0.032420000000000004
2012.0055,-0.142389,0.006772,-0.03203199999999995
2012.0082,-0.14215899999999998,0.006973000000000007,-0.03387600000000002
2012.011,-0.14235199999999998,0.007669000000000037,-0.02996399999999999
2012.0137,-0.14290599999999998,0.008248000000000033,-0.029310999999999976
2012.0164,-0.14409,0.008751999999999982,-0.029696999999999973
2012.0192,-0.14212799999999998,0.00888599999999995,-0.030869000000000035
2012.0219,-0.143999,0.008877000000000024,-0.03163399999999994
2012.0246,-0.143179,0.008531999999999984,-0.029210999999999987
2012.0274,-0.14188800000000001,0.009425000000000017,-0.028370000000000006
2012.0301,-0.14127,0.00962799999999997,-0.025336999999999943
2012.0329,-0.14203300000000002,0.009611999999999954,-0.02917499999999995
2012.0356,-0.141102,0.008792000000000022,-0.03039499999999995
2012.0383,-0.143102,0.008132000000000028,-0.026502999999999943
2012.0411,-0.14436,0.0068749999999999645,-0.025237999999999983
2012.0438,-0.14395799999999997,0.008296999999999999,-0.02934099999999995
2012.0465,-0.14306799999999997,0.008514000000000022,-0.029882999999999993
2012.0493,-0.14305299999999999,0.008406999999999942,-0.02595000000000003
2012.052,-0.144216,0.007554999999999978,-0.02021699999999993
2012.0548,-0.145432,0.0063549999999999995,-0.022835999999999967
2012.0575,-0.14480700000000002,0.009039999999999937,-0.028065000000000007
2012.0602,-0.144677,0.007701999999999987,-0.026553999999999967
2012.063,-0.14479599999999998,0.008966999999999947,-0.027146000000000003
2012.0657,-0.14549299999999998,0.007379999999999942,-0.035055999999999976
2012.0684,-0.14485199999999998,0.009267000000000025,-0.032857000000000025
2012.0712,-0.14519699999999996,0.009005999999999958,-0.031864
2012.0739,-0.143897,0.009900999999999938,-0.03571599999999997
2012.0767,-0.14361200000000002,0.009162000000000003,-0.03375499999999998
2012.0794,-0.145468,0.0065269999999999495,-0.029859999999999998
2012.0821,-0.143932,0.008145999999999987,-0.028576999999999964
2012.0849,-0.143752,0.008993999999999946,-0.030768000000000018
2012.0876,-0.145258,0.010334999999999983,-0.030220999999999942
2012.0903,-0.14520899999999998,0.010425000000000018,-0.030608999999999997
2012.0931,-0.144405,0.009688999999999948,-0.03081299999999998
2012.0958,-0.14526899999999998,0.008705999999999992,-0.03248399999999996
2012.0986,-0.144407,0.008418000000000037,-0.027537000000000034
2012.1013,-0.145702,0.00897899999999996,-0.028739999999999988
2012.104,-0.145681,0.008279000000000036,-0.030169
2012.1068,-0.14782299999999998,0.008283999999999958,-0.030362
2012.1095,-0.14665699999999998,0.008078999999999947,-0.03225599999999995
2012.1123,-0.14627,0.008550999999999975,-0.025989999999999958
2012.115,-0.14799,0.008081000000000005,-0.030838000000000032
2012.1177,-0.148605,0.007403999999999966,-0.02907599999999999
2012.1205,-0.147789,0.007803000000000004,-0.033555
2012.1232,-0.14824700000000002,0.010201000000000016,-0.03428399999999998
2012.1259,-0.14751799999999998,0.008939999999999948,-0.03531799999999996
2012.1287,-0.147521,0.009131,-0.038217999999999974
2012.1314,-0.14820299999999997,0.00791900000000001,-0.03705599999999998
2012.1342,-0.14748099999999997,0.008819000000000021,-0.03479599999999994
2012.1369,-0.14696900000000002,0.00948300000000002,-0.033914
2012.1396,-0.14594799999999997,0.008201000000000014,-0.03244800000000003
2012.1424,-0.14885199999999998,0.007236999999999938,-0.03843099999999999
2012.1451,-0.14943099999999998,0.007692000000000032,-0.03396599999999994
2012.1478,-0.148575,0.007736999999999994,-0.03708
2012.1506,-0.147604,0.009799000000000002,-0.03491
2012.1533,-0.148658,0.007472999999999952,-0.03510000000000002
2012.1561,-0.14867799999999998,0.007337000000000038,-0.029828999999999994
2012.1588,-0.149741,0.008398999999999934,-0.035177000000000014
2012.1615,-0.15093800000000002,0.007715999999999945,-0.03740100000000002
2012.1643,-0.150517,0.009045999999999998,-0.03613299999999997
2012.167,-0.150808,0.009774999999999978,-0.035856
2012.1697,-0.150105,0.009214999999999973,-0.03732800000000003
2012.1725,-0.149167,0.010240999999999945,-0.037231000000000014
2012.1752,-0.15054499999999998,0.00906499999999999,-0.03562399999999999
2012.178,-0.152804,0.010427999999999993,-0.03209099999999998
2012.1807,-0.15025899999999998,0.010350999999999999,-0.02673799999999993
2012.1834,-0.15105799999999997,0.010457999999999967,-0.03499200000000002
2012.1862,-0.149522,0.01102000000000003,-0.03617899999999996
2012.1889,-0.15011599999999997,0.009171999999999958,-0.03102399999999994
2012.1916,-0.15133999999999997,0.009311999999999987,-0.03286199999999995
2012.1944,-0.150349,0.009460000000000024,-0.03275300000000003
2012.1971,-0.15150599999999997,0.00982700000000003,-0.030517000000000016
2012.1999,-0.15122999999999998,0.010823999999999945,-0.03311299999999995
2012.2026,-0.150331,0.011282999999999932,-0.034200999999999926
2012.2053,-0.15120699999999998,0.010518999999999945,-0.03694200000000003
2012.2081,-0.149926,0.010425999999999935,-0.029880999999999935
2012.2108,-0.151283,0.009655999999999998,-0.03132299999999999
2012.2136,-0.15278199999999997,0.010514000000000023,-0.035899000000000014
2012.2163,-0.150988,0.010800000000000032,-0.03125
2012.219,-0.15301399999999998,0.010252999999999957,-0.03697600000000001
2012.2218,-0.15452499999999997,0.012163999999999953,-0.03629300000000002
2012.2245,-0.152941,0.00961500000000004,-0.03753299999999993
2012.2272,-0.152829,0.009043999999999941,-0.03800300000000001
2012.23,-0.15165800000000002,0.011437999999999948,-0.031173000000000006
2012.2327,-0.153188,0.009892000000000012,-0.03329599999999999
2012.2355,-0.152619,0.011759999999999993,-0.03133799999999998
2012.2382,-0.15224,0.010673999999999961,-0.036115999999999926
2012.2409,-0.15306399999999998,0.009344999999999937,-0.02910899999999994
2012.2437,-0.15237699999999998,0.009257999999999988,-0.03286100000000003
2012.2464,-0.15422999999999998,0.008265999999999996,-0.03243499999999999
2012.2491,-0.1552,0.009780000000000011,-0.036718999999999946
2012.2519,-0.15270099999999998,0.009948999999999986,-0.030445999999999973
2012.2546,-0.151779,0.009986999999999968,-0.031955999999999984
2012.2574,-0.152677,0.010560999999999932,-0.03672399999999998
2012.2601,-0.153042,0.00960799999999995,-0.03400000000000003
2012.2628,-0.15353,0.009669000000000039,-0.036077000000000026
2012.2656,-0.153912,0.008152999999999966,-0.03605599999999998
2012.2683,-0.15316799999999997,0.009602,-0.034513999999999934
2012.271,-0.15261199999999997,0.010319999999999996,-0.034228999999999954
2012.2738,-0.15262199999999998,0.010070000000000023,-0.035753000000000035
2012.2765,-0.153897,0.00851499999999994,-0.03746399999999994
2012.2793,-0.154428,0.010074999999999945,-0.03894500000000001
2012.282,-0.15266399999999997,0.01042999999999994,-0.028467999999999938
2012.2847,-0.15415600000000002,0.009360999999999953,-0.030656999999999934
2012.2875,-0.15412700000000001,0.009295999999999971,-0.03719399999999995
2012.2902,-0.15374300000000002,0.00896600000000003,-0.03543600000000002
2012.293,-0.15404,0.009842999999999935,-0.036177000000000015
2012.2957,-0.15455599999999997,0.01029800000000003,-0.03645299999999996
2012.2984,-0.15455799999999997,0.009808000000000039,-0.03200599999999998
2012.3012,-0.15456599999999998,0.010998999999999981,-0.03096399999999999
2012.3039,-0.15288999999999997,0.010036999999999963,-0.02991699999999997
2012.3066,-0.1542,0.009962999999999944,-0.030928999999999984
2012.3094,-0.15519499999999997,0.010530999999999957,-0.02768399999999993
2012.3121,-0.15332600000000002,0.010083999999999982,-0.03161400000000003
2012.3149,-0.153785,0.010954999999999937,-0.030928999999999984
2012.3176,-0.15415299999999998,0.011017999999999972,-0.024992999999999932
2012.3203,-0.155628,0.012186999999999948,-0.030644000000000005
2012.3231,-0.154045,0.011650999999999967,-0.030318999999999985
2012.3258,-0.153717,0.012031999999999932,-0.029873999999999956
2012.3285,-0.15590199999999999,0.011905999999999972,-0.027734999999999954
2012.3313,-0.156769,0.010781999999999958,-0.026267999999999958
2012.334,-0.155748,0.012342999999999993,-0.02359100000000003
2012.3368,-0.15543099999999999,0.01212599999999997,-0.029077999999999937
2012.3395,-0.15447699999999998,0.011338999999999988,-0.030039999999999956
2012.3422,-0.154704,0.011546999999999974,-0.037331
2012.345,-0.153217,0.013029999999999986,-0.033235000000000015
2012.3477,-0.15572599999999998,0.011778999999999984,-0.03256799999999993
2012.3504,-0.15555199999999997,0.0121,-0.03046099999999996
2012.3532,-0.156256,0.011525000000000007,-0.03314399999999995
2012.3559,-0.15637099999999998,0.01168199999999997,-0.034667
2012.3587,-0.15615,0.012685999999999975,-0.036343000000000014
2012.3614,-0.15551199999999998,0.014270000000000005,-0.033452999999999955
2012.3641,-0.156302,0.012483000000000022,-0.035748
2012.3669,-0.156507,0.012862999999999958,-0.02859999999999996
2012.3696,-0.155798,0.012902999999999998,-0.03071299999999999
2012.3723,-0.155675,0.012753000000000014,-0.03548399999999996
2012.3751,-0.15542,0.01258300000000001,-0.03037599999999996
2012.3778,-0.15688999999999997,0.011797999999999975,-0.032094999999999985
2012.3806,-0.15728799999999998,0.013809999999999989,-0.031416
2012.3833,-0.157839,0.013155000000000028,-0.03277299999999994
2012.386,-0.157053,0.014475999999999933,-0.031084
2012.3888,-0.15699399999999997,0.012572000000000028,-0.025399999999999978
2012.3915,-0.15839799999999998,0.014495000000000036,-0.025930999999999926
2012.3943,-0.156679,0.014131000000000005,-0.024243999999999932
2012.397,-0.15784900000000002,0.013677999999999968,-0.030326999999999993
2012.3997,-0.15602299999999997,0.013905999999999974,-0.03662999999999994
2012.4025,-0.15641099999999997,0.014321999999999946,-0.03232899999999994
2012.4052,-0.158634,0.01472299999999993,-0.030482999999999927
2012.4079,-0.157551,0.014131000000000005,-0.030286999999999953
2012.4107,-0.15764699999999998,0.014325000000000032,-0.032062000000000035
2012.4134,-0.157704,0.014701999999999993,-0.03165899999999999
2012.4162,-0.156576,0.015735999999999972,-0.028286000000000033
2012.4189,-0.15483399999999997,0.017078000000000038,-0.026853000000000016
2012.4216,-0.157107,0.015288999999999997,-0.024633999999999934
2012.4244,-0.15747699999999998,0.015979999999999994,-0.030797999999999992
2012.4271,-0.156845,0.017240000000000033,-0.03293199999999996
2012.4298,-0.155775,0.017117999999999967,-0.02913599999999994
2012.4326,-0.156669,0.016818,-0.028328999999999938
2012.4353,-0.1567,0.015446999999999989,-0.03170200000000001
2012.4381,-0.15738199999999997,0.013707999999999942,-0.03118399999999999
2012.4408,-0.15725299999999998,0.014396999999999993,-0.032909999999999995
2012.4435,-0.15701500000000002,0.014961000000000002,-0.026865000000000028
2012.4463,-0.15635899999999997,0.015302999999999956,-0.027826999999999935
2012.449,-0.15660000000000002,0.014538999999999969,-0.029363999999999946
2012.4517,-0.157327,0.014979999999999993,-0.025322999999999984
2012.4545,-0.15662500000000001,0.01488899999999993,-0.02918900000000002
2012.4572,-0.155036,0.015483000000000025,-0.028660999999999937
2012.46,-0.15699799999999997,0.015097000000000027,-0.029204000000000008
2012.4627,-0.15718,0.016676999999999942,-0.02612700000000001
2012.4654,-0.156594,0.015876,-0.02710899999999994
2012.4682,-0.156399,0.01870700000000003,-0.027599999999999958
2012.4709,-0.15768899999999997,0.017780999999999936,-0.025002999999999997
2012.4736,-0.15549799999999997,0.01742699999999997,-0.027580999999999967
2012.4764,-0.155285,0.01707700000000001,-0.027422999999999975
2012.4791,-0.155953,0.017490000000000006,-0.033186999999999967
2012.4819,-0.15498099999999998,0.015997999999999957,-0.03287499999999999
2012.4846,-0.15593200000000002,0.01581699999999997,-0.03196100000000002
2012.4873,-0.15600399999999998,0.016351000000000004,-0.02838699999999994
2012.4901,-0.155233,0.018159999999999954,-0.030456999999999956
2012.4928,-0.156291,0.01809700000000003,-0.028958999999999957
2012.4956,-0.15605399999999997,0.015741000000000005,-0.031532000000000004
2012.4983,-0.15536899999999998,0.017371000000000025,-0.02842
2012.501,-0.156152,0.017338999999999993,-0.025911000000000017
2012.5038,-0.158352,0.017877000000000032,-0.027826999999999935
2012.5065,-0.15904799999999997,0.018598000000000003,-0.027768999999999933
2012.5092,-0.158758,0.01843399999999995,-0.025843999999999978
2012.512,-0.15783399999999997,0.01819599999999999,-0.03088599999999997
2012.5147,-0.15625099999999997,0.01766599999999996,-0.02742699999999998
2012.5175,-0.15563899999999997,0.019043000000000032,-0.02666999999999997
2012.5202,-0.15864299999999998,0.01908500000000002,-0.027905999999999986
2012.5229,-0.15827999999999998,0.019166999999999934,-0.028621000000000008
2012.5257,-0.15700599999999998,0.017302999999999957,-0.027193000000000023
2012.5284,-0.15695900000000002,0.018093000000000026,-0.025333999999999968
2012.5311,-0.15759299999999998,0.01991200000000004,-0.026090999999999975
2012.5339,-0.15669899999999998,0.01981299999999997,-0.02814799999999995
2012.5366,-0.15687299999999998,0.018900000000000028,-0.028025999999999995
2012.5394,-0.158011,0.017405000000000004,-0.022631999999999985
2012.5421,-0.15858099999999997,0.01760600000000001,-0.02504799999999996
2012.5448,-0.158624,0.017882999999999982,-0.026393
2012.5476,-0.159051,0.01818900000000001,-0.03138200000000002
2012.5503,-0.15863699999999997,0.018042000000000002,-0.031040999999999985
2012.553,-0.157949,0.019707999999999948,-0.030028999999999972
2012.5558,-0.15985299999999997,0.017803000000000013,-0.028668999999999945
2012.5585,-0.157567,0.02023699999999995,-0.03234999999999999
2012.5613,-0.15742499999999998,0.01869299999999996,-0.03431099999999998
2012.564,-0.15842299999999998,0.017757000000000023,-0.03372799999999998
2012.5667,-0.158296,0.01907700000000001,-0.027837
2012.5695,-0.15881499999999998,0.018167999999999962,-0.03024799999999994
2012.5722,-0.15849199999999997,0.018230999999999997,-0.03180799999999995
2012.5749,-0.158024,0.017325000000000035,-0.031459000000000015
2012.5777,-0.15755799999999998,0.018996000000000013,-0.02963300000000002
2012.5804,-0.156524,0.01943399999999995,-0.03271599999999997
2012.5832,-0.156265,0.016263000000000027,-0.03115099999999993
2012.5859,-0.157644,0.018728999999999996,-0.025834000000000024
2012.5886,-0.159321,0.017291999999999974,-0.02778999999999998
2012.5914,-0.15855199999999997,0.01754100000000003,-0.019033999999999995
2012.5941,-0.156887,0.020326999999999984,-0.03016299999999994
2012.5969,-0.159495,0.020471999999999935,-0.03234199999999998
2012.5996,-0.157416,0.018352000000000035,-0.03403899999999993
2012.6023,-0.15711599999999998,0.01959500000000003,-0.03455600000000003
2012.6051,-0.15798299999999998,0.019213000000000036,-0.02606799999999998
2012.6078,-0.15892499999999998,0.018425000000000025,-0.024924999999999975
2012.6105,-0.15811799999999998,0.020236000000000032,-0.022796999999999956
2012.6133,-0.159294,0.020391999999999966,-0.024787000000000003
2012.616,-0.15737800000000002,0.019560000000000022,-0.028019000000000016
2012.6188,-0.158478,0.018603000000000036,-0.026695000000000024
2012.6215,-0.158337,0.020536,-0.025834000000000024
2012.6242,-0.157455,0.019039000000000028,-0.02552999999999994
2012.627,-0.15878199999999998,0.021955999999999976,-0.027811999999999948
2012.6297,-0.15608699999999998,0.019255000000000022,-0.027671
2012.6324,-0.156854,0.018468999999999958,-0.029259999999999953
2012.6352,-0.15643,0.018554999999999988,-0.023982999999999977
2012.6379,-0.15771200000000002,0.020206999999999975,-0.02856499999999995
2012.6407,-0.15743999999999997,0.01739499999999994,-0.027100000000000013
2012.6434,-0.15792499999999998,0.017865999999999937,-0.02786999999999995
2012.6461,-0.15841299999999997,0.01641300000000001,-0.02674399999999999
2012.6489,-0.15787,0.01779799999999998,-0.02654599999999996
2012.6516,-0.156808,0.01700999999999997,-0.02812300000000001
2012.6543,-0.156758,0.017012000000000027,-0.027807000000000026
2012.6571,-0.15743200000000002,0.017886999999999986,-0.028757000000000033
2012.6598,-0.157982,0.019649000000000028,-0.021239000000000008
2012.6626,-0.157964,0.01732900000000004,-0.027726999999999946
2012.6653,-0.15819499999999997,0.01791699999999996,-0.023536
2012.668,-0.15774899999999997,0.01738799999999996,-0.025773999999999964
2012.6708,-0.158115,0.01847399999999999,-0.02105899999999994
2012.6735,-0.15838599999999997,0.017966000000000037,-0.02887099999999998
2012.6762,-0.159733,0.017544000000000004,-0.02535299999999996
2012.679,-0.160165,0.01684299999999994,-0.023131000000000013
2012.6817,-0.15773500000000001,0.017915999999999932,-0.01649999999999996
2012.6845,-0.16135699999999997,0.018437000000000037,-0.029297999999999935
2012.6872,-0.158572,0.01608799999999999,-0.025843999999999978
2012.6899,-0.159109,0.01612199999999997,-0.029117999999999977
2012.6927,-0.15771200000000002,0.015020000000000033,-0.029344999999999954
2012.6954,-0.159082,0.01526700000000003,-0.02463099999999996
2012.6982,-0.15695399999999998,0.015336999999999934,-0.03249999999999997
2012.7009,-0.157262,0.016361999999999988,-0.03237099999999993
2012.7036,-0.158043,0.01558499999999996,-0.035274999999999945
2012.7064,-0.15736899999999998,0.014839999999999964,-0.030907000000000018
2012.7091,-0.15948800000000002,0.015131000000000006,-0.03194600000000003
2012.7118,-0.159082,0.015075999999999978,-0.026263000000000036
2012.7146,-0.160298,0.016568000000000027,-0.030047999999999964
2012.7173,-0.160092,0.01581100000000002,-0.03025
2012.7201,-0.16036499999999998,0.014313999999999938,-0.030194999999999972
2012.7228,-0.160704,0.014449999999999963,-0.028806
2012.7255,-0.15976400000000002,0.014109000000000038,-0.029602000000000017
2012.7283,-0.158188,0.01345799999999997,-0.027197999999999944
2012.731,-0.159931,0.012931999999999944,-0.024904999999999955
2012.7337,-0.15893999999999997,0.014255999999999935,-0.02428600000000003
2012.7365,-0.159296,0.013537999999999939,-0.028862999999999972
2012.7392,-0.158337,0.014005999999999963,-0.03150200000000003
2012.742,-0.15960000000000002,0.014838000000000018,-0.030754999999999977
2012.7447,-0.15983199999999997,0.012398999999999938,-0.03255699999999995
2012.7474,-0.16135,0.01319300000000001,-0.032591999999999954
2012.7502,-0.160055,0.01467099999999999,-0.03331200000000001
2012.7529,-0.161441,0.01435900000000001,-0.030379999999999963
2012.7556,-0.16041499999999997,0.014048999999999978,-0.027778999999999998
2012.7584,-0.16087999999999997,0.014753999999999934,-0.032996000000000025
2012.7611,-0.16001100000000001,0.014576000000000033,-0.030332999999999943
2012.7639,-0.159678,0.013900999999999941,-0.02788999999999997
2012.7666,-0.159547,0.01488199999999995,-0.02971299999999999
2012.7693,-0.160379,0.014444000000000012,-0.02999799999999997
2012.7721,-0.16093000000000002,0.013811999999999935,-0.025846999999999953
2012.7748,-0.161495,0.01465099999999997,-0.030125999999999986
2012.7775,-0.160113,0.014129999999999976,-0.03142800000000001
2012.7803,-0.159395,0.014085999999999932,-0.032165
2012.783,-0.16052,0.013940999999999981,-0.034201999999999955
2012.7858,-0.162765,0.014218999999999982,-0.03154699999999999
2012.7885,-0.163684,0.013464000000000031,-0.032362
2012.7912,-0.161447,0.014202999999999966,-0.02805599999999997
2012.794,-0.16092299999999998,0.013971999999999984,-0.024687999999999932
2012.7967,-0.16052,0.013375000000000026,-0.031703999999999954
2012.7995,-0.161427,0.013306999999999958,-0.029073999999999933
2012.8022,-0.16074099999999997,0.014352999999999949,-0.024436000000000013
2012.8049,-0.162167,0.013029999999999986,-0.025606999999999935
2012.8077,-0.162437,0.012372999999999967,-0.030583000000000027
2012.8104,-0.161489,0.014441000000000037,-0.028147000000000033
2012.8131,-0.16041099999999997,0.014683000000000002,-0.027718999999999938
2012.8159,-0.160009,0.01435900000000001,-0.031162000000000023
2012.8186,-0.15959800000000002,0.015867999999999993,-0.03489299999999995
2012.8214,-0.161545,0.012817999999999996,-0.03348299999999993
2012.8241,-0.16066399999999997,0.013070999999999944,-0.03172200000000003
2012.8268,-0.16069299999999997,0.01286200000000004,-0.03348299999999993
2012.8296,-0.161404,0.011329000000000033,-0.030588999999999977
2012.8323,-0.162738,0.012553999999999954,-0.03303100000000003
2012.835,-0.16215000000000002,0.013661999999999952,-0.03040199999999993
2012.8378,-0.16119499999999998,0.01149699999999998,-0.024660999999999933
2012.8405,-0.161041,0.011639999999999984,-0.029992999999999936
2012.8433,-0.160634,0.01253700000000002,-0.03476000000000001
2012.846,-0.16035099999999997,0.011236999999999941,-0.03103199999999995
2012.8487,-0.1602,0.012306000000000039,-0.029244999999999965
2012.8515,-0.16202899999999998,0.011629,-0.028348999999999958
2012.8542,-0.16220600000000002,0.011541000000000023,-0.030476999999999976
2012.8569,-0.162173,0.01224499999999995,-0.029027000000000025
2012.8597,-0.16150599999999998,0.011746000000000034,-0.02826099999999998
2012.8624,-0.16062500000000002,0.011553000000000035,-0.02820800000000001
2012.8652,-0.161099,0.012056999999999984,-0.030959999999999988
2012.8679,-0.160588,0.012557999999999958,-0.033710999999999935
2012.8706,-0.161184,0.01142399999999999,-0.030263999999999958
2012.8734,-0.16167700000000002,0.01200000000000001,-0.02527400000000002
2012.8761,-0.16120600000000002,0.014002999999999988,-0.030065999999999926
2012.8789,-0.16226200000000002,0.011889000000000038,-0.03018199999999993
2012.8816,-0.16289399999999998,0.010638999999999954,-0.03182399999999996
2012.8843,-0.162161,0.012653999999999943,-0.031722999999999946
2012.8871,-0.161646,0.012014999999999998,-0.03419399999999995
2012.8898,-0.161408,0.01264299999999996,-0.032432000000000016
2012.8925,-0.163014,0.014095999999999997,-0.02912199999999998
2012.8953,-0.16078599999999998,0.011286999999999936,-0.032981999999999956
2012.898,-0.16116399999999997,0.011315999999999993,-0.03129499999999996
2012.9008,-0.16335,0.010160999999999976,-0.028143999999999947
2012.9035,-0.16204599999999997,0.011707000000000023,-0.02757799999999999
2012.9062,-0.161541,0.013256999999999963,-0.029038999999999926
2012.909,-0.161993,0.011673999999999962,-0.027275999999999967
2012.9117,-0.16189399999999998,0.011692999999999953,-0.031384999999999996
2012.9144,-0.16016199999999997,0.013085000000000013,-0.026687000000000016
2012.9172,-0.162829,0.010345999999999966,-0.027104999999999935
2012.9199,-0.16283999999999998,0.01353099999999996,-0.030166999999999944
2012.9227,-0.162439,0.010672000000000015,-0.02838099999999999
2012.9254,-0.16268,0.010265999999999997,-0.03210499999999994
2012.9281,-0.16248200000000002,0.009445000000000037,-0.029827999999999966
2012.9309,-0.165145,0.010927999999999938,-0.025671
2012.9336,-0.163647,0.011877999999999944,-0.029615999999999976
2012.9363,-0.16432399999999997,0.010877999999999943,-0.02966000000000002
2012.9391,-0.165132,0.011271999999999949,-0.03207599999999999
2012.9418,-0.16534899999999997,0.011279999999999957,-0.030638999999999972
2012.9446,-0.16516199999999998,0.010472999999999955,-0.030088000000000004
2012.9473,-0.164526,0.01058199999999998,-0.02702799999999994
2012.95,-0.16641899999999998,0.010970000000000035,-0.02542599999999995
2012.9528,-0.164339,0.009854999999999947,-0.02451799999999993
2012.9555,-0.16637399999999997,0.010286999999999935,-0.028510999999999953
2012.9582,-0.16579499999999997,0.009496999999999978,-0.025866999999999973
2012.961,-0.16498400000000002,0.011472999999999955,-0.024649000000000032
2012.9637,-0.167396,0.008751999999999982,-0.027480999999999978
2012.9665,-0.16540299999999997,0.011070000000000024,-0.02714799999999995
2012.9692,-0.16587999999999997,0.010757000000000017,-0.028822000000000014
2012.9719,-0.16618499999999997,0.012091999999999992,-0.025089000000000028
2012.9747,-0.16581,0.012979999999999992,-0.028455000000000008
2012.9774,-0.16517900000000002,0.013182000000000027,-0.031326999999999994
2012.9802,-0.165593,0.01269600000000004,-0.03269199999999994
2012.9829,-0.16517199999999999,0.011620999999999992,-0.02896500000000002
2012.9856,-0.165684,0.012485999999999997,-0.02747199999999994
2012.9884,-0.16568099999999997,0.011247000000000007,-0.03109699999999993
2012.9911,-0.16455799999999998,0.011758999999999964,-0.03273899999999996
2012.9938,-0.16496899999999998,0.010939000000000032,-0.030166000000000026
2012.9966,-0.16635899999999998,0.011796000000000029,-0.03231899999999999
2012.9993,-0.16592800000000002,0.011750999999999956,-0.031160999999999994
2013.0021,-0.166201,0.011143000000000014,-0.032557999999999976
2013.0048,-0.16563299999999997,0.012314999999999965,-0.032517999999999936
2013.0075,-0.165091,0.011133999999999977,-0.030214999999999992
2013.0103,-0.16402099999999997,0.010479999999999934,-0.033281000000000005
2013.013,-0.16612299999999997,0.010198999999999958,-0.03492699999999993
2013.0157,-0.167338,0.010506999999999933,-0.030160999999999993
2013.0185,-0.16656100000000001,0.010638000000000036,-0.03343799999999997
2013.0212,-0.16626199999999997,0.011214999999999975,-0.02804299999999993
2013.024,-0.16605799999999998,0.011390000000000011,-0.03179299999999996
2013.0267,-0.16876799999999997,0.011836999999999986,-0.02960099999999999
2013.0294,-0.16803200000000001,0.011209000000000024,-0.02889799999999998
2013.0322,-0.16690099999999997,0.011772000000000005,-0.03435900000000003
2013.0349,-0.167122,0.011029999999999984,-0.031484999999999985
2013.0376,-0.16602899999999998,0.01116499999999998,-0.03320899999999993
2013.0404,-0.16594799999999998,0.011360000000000037,-0.032999
2013.0431,-0.16575299999999998,0.011039000000000021,-0.038807999999999954
2013.0459,-0.16580499999999998,0.011461999999999972,-0.03412499999999996
2013.0486,-0.166062,0.010635999999999979,-0.032806
2013.0513,-0.16560199999999997,0.011724999999999985,-0.034896999999999956
2013.0541,-0.16744399999999998,0.010352999999999946,-0.035870999999999986
2013.0568,-0.16734300000000002,0.01032999999999995,-0.03350799999999998
2013.0595,-0.16531600000000002,0.009983999999999993,-0.03790799999999994
2013.0623,-0.166118,0.009001999999999954,-0.036567000000000016
2013.065,-0.16706300000000002,0.008858000000000033,-0.03400000000000003
2013.0678,-0.168076,0.008917999999999981,-0.03557100000000002
2013.0705,-0.16802099999999998,0.009781999999999957,-0.032498999999999945
2013.0732,-0.16833900000000002,0.008749000000000007,-0.034572999999999965
2013.076,-0.168742,0.010094999999999965,-0.03770499999999999
2013.0787,-0.16844199999999998,0.011491000000000029,-0.03914799999999996
2013.0815,-0.16951099999999997,0.010626000000000024,-0.04300399999999993
2013.0842,-0.16827999999999999,0.01078100000000004,-0.040381
2013.0869,-0.16887399999999997,0.011382000000000003,-0.04217700000000002
2013.0897,-0.16792200000000002,0.011056999999999984,-0.03982399999999997
2013.0924,-0.168481,0.01157600000000003,-0.03726099999999999
2013.0951,-0.17031799999999997,0.011295999999999973,-0.03567699999999996
2013.0979,-0.170346,0.009133999999999975,-0.03213199999999994
2013.1006,-0.167779,0.011504999999999987,-0.036880000000000024
2013.1034,-0.16756899999999997,0.01116499999999998,-0.03833900000000001
2013.1061,-0.16949999999999998,0.011064999999999992,-0.03522599999999998
2013.1088,-0.170748,0.010128000000000026,-0.03866999999999998
2013.1116,-0.170153,0.012465999999999977,-0.03688099999999994
2013.1143,-0.172533,0.01146999999999998,-0.04304600000000003
2013.117,-0.16838399999999998,0.009441000000000033,-0.04474899999999993
2013.1198,-0.16917,0.009568000000000021,-0.03973300000000002
2013.1225,-0.171136,0.010136000000000034,-0.042432000000000025
2013.1253,-0.168898,0.00976699999999997,-0.042637999999999954
2013.128,-0.169047,0.011012000000000022,-0.042632
2013.1307,-0.16813499999999998,0.011182000000000025,-0.04042599999999996
2013.1335,-0.16886400000000001,0.011274000000000006,-0.040632
2013.1362,-0.16815799999999997,0.011232999999999937,-0.03632800000000003
2013.1389,-0.169674,0.010006999999999988,-0.03824499999999997
2013.1417,-0.17081799999999997,0.010823999999999945,-0.04062699999999997
2013.1444,-0.17034499999999997,0.009375000000000022,-0.041769999999999974
2013.1472,-0.171628,0.008743999999999974,-0.039945999999999926
2013.1499,-0.17163,0.01072200000000001,-0.037714000000000025
2013.1526,-0.171939,0.009770999999999974,-0.040834999999999955
2013.1554,-0.170668,0.012445999999999957,-0.03584299999999996
2013.1581,-0.16988799999999998,0.01221300000000003,-0.03981000000000001
2013.1608,-0.171192,0.012950000000000017,-0.042895000000000016
2013.1636,-0.171674,0.013606000000000007,-0.04528299999999996
2013.1663,-0.169508,0.013017999999999974,-0.04223599999999994
2013.1691,-0.169315,0.011641000000000012,-0.03536300000000003
2013.1718,-0.17039899999999997,0.012738999999999945,-0.03880499999999998
2013.1745,-0.170744,0.011182999999999943,-0.03711299999999995
2013.1773,-0.17217100000000002,0.01235799999999998,-0.036202999999999985
2013.18,-0.17024499999999998,0.01152299999999995,-0.03746099999999997
2013.1828,-0.17100700000000002,0.010768,-0.03227099999999994
2013.1855,-0.17258099999999998,0.01284799999999997,-0.03706699999999996
2013.1882,-0.172431,0.011726000000000014,-0.042445999999999984
2013.191,-0.17114200000000002,0.010194000000000036,-0.040389999999999926
2013.1937,-0.17226599999999997,0.009676999999999936,-0.04220800000000002
2013.1964,-0.17132599999999998,0.011666999999999983,-0.03700400000000004
2013.1992,-0.172209,0.011811000000000016,-0.03914099999999998
2013.2019,-0.172595,0.012481999999999993,-0.036599999999999966
2013.2047,-0.174388,0.011808999999999958,-0.03539700000000001
2013.2074,-0.17416700000000002,0.011122999999999994,-0.03516399999999997
2013.2101,-0.17418299999999998,0.010638000000000036,-0.03456199999999998
2013.2129,-0.174396,0.011639999999999984,-0.03677799999999998
2013.2156,-0.172686,0.01030399999999998,-0.033877999999999964
2013.2183,-0.17522699999999997,0.012685999999999975,-0.033633000000000024
2013.2211,-0.17446899999999999,0.011916000000000038,-0.03681699999999999
2013.2238,-0.174425,0.012554999999999983,-0.03689500000000001
2013.2266,-0.17352800000000002,0.011178000000000021,-0.037031999999999954
2013.2293,-0.174176,0.011456000000000022,-0.03612799999999994
2013.232,-0.175126,0.012131000000000003,-0.03527800000000003
2013.2348,-0.174734,0.01256299999999999,-0.036401999999999934
2013.2375,-0.17429499999999998,0.011634999999999951,-0.039800999999999975
2013.2402,-0.17434899999999998,0.012877999999999945,-0.037951999999999986
2013.243,-0.174883,0.01200699999999999,-0.03651899999999997
2013.2457,-0.17545,0.009788999999999937,-0.03522000000000003
2013.2485,-0.17602600000000002,0.011719000000000035,-0.035474000000000006
2013.2512,-0.174039,0.014255999999999935,-0.03147699999999998
2013.2539,-0.175257,0.014185000000000003,-0.033889999999999976
2013.2567,-0.17531999999999998,0.012896000000000019,-0.035797999999999996
2013.2594,-0.17542799999999997,0.01229199999999997,-0.03799399999999997
2013.2621,-0.174414,0.012348000000000026,-0.03814299999999993
2013.2649,-0.17532599999999998,0.013545999999999947,-0.034304
2013.2676,-0.17721199999999998,0.013067999999999969,-0.029371000000000036
2013.2704,-0.176956,0.012239,-0.03506100000000001
2013.2731,-0.175973,0.01235799999999998,-0.03495300000000001
2013.2758,-0.178226,0.012846000000000024,-0.033115000000000006
2013.2786,-0.175877,0.011955999999999967,-0.03391900000000003
2013.2813,-0.174483,0.013653000000000026,-0.030581999999999998
2013.2841,-0.177016,0.01218600000000003,-0.029259000000000035
2013.2868,-0.176095,0.013216000000000006,-0.029608999999999996
2013.2895,-0.17474,0.01249699999999998,-0.031802
2013.2923,-0.17572899999999997,0.012611000000000039,-0.037555000000000005
2013.295,-0.17696499999999998,0.012962999999999947,-0.036845999999999934
2013.2977,-0.17550100000000002,0.01252299999999995,-0.03597899999999998
2013.3005,-0.17508600000000002,0.012939999999999952,-0.031132999999999966
2013.3032,-0.17501699999999998,0.011947999999999959,-0.032810000000000006
2013.306,-0.17665599999999998,0.011696999999999957,-0.03259299999999998
2013.3087,-0.177066,0.013581999999999983,-0.032914
2013.3114,-0.175398,0.013463000000000003,-0.03331600000000001
2013.3142,-0.17791200000000001,0.01207400000000003,-0.03282499999999999
2013.3169,-0.17647400000000002,0.012877000000000027,-0.03700599999999998
2013.3196,-0.17631399999999997,0.012649000000000021,-0.03659499999999993
2013.3224,-0.17817099999999997,0.013095999999999997,-0.036540999999999935
2013.3251,-0.17854399999999998,0.013956999999999997,-0.033943999999999974
2013.3279,-0.17823699999999998,0.01358400000000004,-0.03495000000000004
2013.3306,-0.177645,0.01293500000000003,-0.038270000000000026
2013.3333,-0.177033,0.014240999999999948,-0.04292299999999993
2013.3361,-0.17701699999999998,0.014276999999999984,-0.03964599999999996
2013.3388,-0.17755899999999997,0.015454999999999997,-0.03744099999999995
2013.3415,-0.17694300000000002,0.014329000000000036,-0.04068700000000003
2013.3443,-0.178969,0.013639999999999985,-0.03667900000000002
2013.347,-0.18163999999999997,0.013990999999999976,-0.03493199999999996
2013.3498,-0.17915399999999998,0.014475000000000016,-0.03908999999999996
2013.3525,-0.178539,0.01776500000000003,-0.04252999999999996
2013.3552,-0.178085,0.015325000000000033,-0.039988000000000024
2013.358,-0.179332,0.015376999999999974,-0.039482999999999935
2013.3607,-0.179122,0.015342999999999996,-0.04213100000000003
2013.3634,-0.17890899999999998,0.014923999999999937,-0.04086899999999993
2013.3662,-0.17863999999999997,0.014745000000000008,-0.035785999999999984
2013.3689,-0.178935,0.015606000000000009,-0.03516699999999995
2013.3717,-0.17863999999999997,0.015935000000000032,-0.03358099999999997
2013.3744,-0.178925,0.014549000000000034,-0.04080699999999993
2013.3771,-0.179008,0.014788000000000023,-0.03887600000000002
2013.3799,-0.18064199999999997,0.016529000000000016,-0.03615299999999999
2013.3826,-0.178023,0.016966000000000037,-0.034803999999999946
2013.3854,-0.17806699999999998,0.017224000000000017,-0.03786800000000001
2013.3881,-0.179128,0.017318999999999973,-0.038514999999999966
2013.3908,-0.177049,0.016657000000000033,-0.03850699999999996
2013.3936,-0.178328,0.01719399999999993,-0.04087299999999994
2013.3963,-0.179682,0.01686399999999999,-0.03941799999999995
2013.399,-0.17920999999999998,0.017484999999999973,-0.03918299999999997
2013.4018,-0.17980599999999997,0.016066000000000025,-0.03702899999999998
2013.4045,-0.17896299999999998,0.014990999999999977,-0.03898099999999993
2013.4073,-0.17862699999999998,0.01689799999999997,-0.038077999999999945
2013.41,-0.17821900000000002,0.016266000000000003,-0.03816299999999995
2013.4127,-0.178153,0.016753999999999936,-0.035919000000000034
2013.4155,-0.17865999999999999,0.01702199999999998,-0.03720499999999993
2013.4182,-0.17837199999999998,0.017131000000000007,-0.03680399999999995
2013.4209,-0.178404,0.016974999999999962,-0.035826000000000024
2013.4237,-0.17816700000000002,0.017444000000000015,-0.04255599999999993
2013.4264,-0.178141,0.01619499999999996,-0.036970999999999976
2013.4292,-0.17821199999999998,0.01706299999999994,-0.038412
2013.4319,-0.17795299999999997,0.017739999999999978,-0.03235699999999997
2013.4346,-0.17855,0.018425000000000025,-0.03620699999999999
2013.4374,-0.179792,0.018900000000000028,-0.044213999999999976
2013.4401,-0.17790299999999998,0.018144999999999967,-0.03821299999999994
2013.4428,-0.177217,0.01725399999999999,-0.036115999999999926
2013.4456,-0.17806699999999998,0.017927000000000026,-0.03769
2013.4483,-0.17971900000000002,0.01743399999999995,-0.038308999999999926
2013.4511,-0.178193,0.019313000000000025,-0.04150299999999996
2013.4538,-0.178873,0.017957,-0.04249599999999998
2013.4565,-0.17682199999999998,0.019750999999999963,-0.038941
2013.4593,-0.17853599999999997,0.01958700000000002,-0.037663
2013.462,-0.17796800000000002,0.021094999999999975,-0.04298299999999999
2013.4648,-0.180483,0.02061499999999994,-0.03864699999999999
2013.4675,-0.18005,0.01934999999999998,-0.03965200000000002
2013.4702,-0.18032700000000002,0.020406000000000035,-0.038883
2013.473,-0.177763,0.02016299999999993,-0.03841300000000003
2013.4757,-0.17798799999999998,0.01924999999999999,-0.039622999999999964
2013.4784,-0.176682,0.01994499999999999,-0.04133699999999996
2013.4812,-0.178018,0.019348000000000032,-0.042879
2013.4839,-0.179491,0.019776000000000016,-0.040642999999999985
2013.4867,-0.17856299999999997,0.020677999999999974,-0.04330800000000001
2013.4894,-0.17815999999999999,0.021491000000000038,-0.041808999999999985
2013.4921,-0.17911100000000002,0.018981000000000026,-0.04388000000000003
2013.4949,-0.18012,0.020245999999999986,-0.04674699999999998
2013.4976,-0.18018800000000001,0.01881199999999994,-0.037096999999999936
2013.5003,-0.18026799999999998,0.018996000000000013,-0.04005000000000003
2013.5031,-0.180749,0.020079999999999987,-0.041296
2013.5058,-0.17958000000000002,0.019544000000000006,-0.038661999999999974
2013.5086,-0.18020799999999998,0.019723999999999964,-0.035268999999999995
2013.5113,-0.178442,0.02035699999999996,-0.03359000000000001
2013.514,-0.17727199999999999,0.018884000000000012,-0.040827999999999975
2013.5168,-0.17778699999999997,0.01922299999999999,-0.041908999999999974
2013.5195,-0.17968699999999999,0.019722999999999935,-0.04544499999999996
2013.5222,-0.180637,0.019784000000000024,-0.037714000000000025
2013.525,-0.180317,0.020683000000000007,-0.04109499999999999
2013.5277,-0.18033299999999997,0.021353999999999984,-0.044987
2013.5305,-0.179014,0.021503999999999968,-0.04212899999999997
2013.5332,-0.17911,0.020764000000000005,-0.040575999999999945
2013.5359,-0.179072,0.021536,-0.03934899999999997
2013.5387,-0.17924600000000002,0.02141599999999999,-0.04313699999999998
2013.5414,-0.179927,0.02003699999999997,-0.04701500000000003
2013.5441,-0.177533,0.022585999999999995,-0.045016999999999974
2013.5469,-0.17860199999999998,0.02198599999999995,-0.038111000000000006
2013.5496,-0.178261,0.021816999999999975,-0.04382799999999998
2013.5524,-0.17856699999999998,0.02235599999999993,-0.03299200000000002
2013.5551,-0.178095,0.022526999999999964,-0.03166199999999997
2013.5578,-0.17913099999999998,0.02150799999999997,-0.04249400000000003
2013.5606,-0.17882199999999998,0.022904999999999953,-0.04014899999999999
2013.5633,-0.179525,0.021823000000000037,-0.04485600000000001
2013.5661,-0.178911,0.02355099999999999,-0.043849999999999945
2013.5688,-0.18053199999999997,0.022514000000000034,-0.039192000000000005
2013.5715,-0.179533,0.021957000000000004,-0.042974999999999985
2013.5743,-0.17893900000000001,0.021226999999999996,-0.03835299999999997
2013.577,-0.17880000000000001,0.021836999999999995,-0.03966800000000004
2013.5797,-0.17815199999999998,0.021406999999999954,-0.03822899999999996
2013.5825,-0.17823899999999998,0.021792000000000034,-0.04075899999999999
2013.5852,-0.17942399999999997,0.023108000000000017,-0.041112999999999955
2013.588,-0.179305,0.02210499999999993,-0.04134199999999999
2013.5907,-0.17889699999999997,0.02171999999999996,-0.04115099999999994
2013.5934,-0.17778299999999997,0.020021999999999984,-0.04102799999999995
2013.5962,-0.17778299999999997,0.020401000000000002,-0.037229999999999985
2013.5989,-0.17929499999999998,0.02007700000000001,-0.043462
2013.6016,-0.17894699999999997,0.020464000000000038,-0.04151199999999999
2013.6044,-0.178967,0.020306999999999964,-0.03738600000000003
2013.6071,-0.17868099999999998,0.021081000000000016,-0.04373899999999997
2013.6099,-0.17674099999999998,0.020882999999999985,-0.038834000000000035
2013.6126,-0.17662899999999998,0.020517000000000007,-0.038766999999999996
2013.6153,-0.17683699999999997,0.020857999999999932,-0.03867999999999994
2013.6181,-0.17799399999999999,0.01941599999999999,-0.038714000000000026
2013.6208,-0.17815599999999998,0.020513000000000003,-0.038687999999999945
2013.6235,-0.17706099999999997,0.02288000000000001,-0.03962399999999999
2013.6263,-0.178751,0.019190999999999958,-0.03761899999999996
2013.629,-0.177722,0.01744800000000002,-0.03900099999999995
2013.6318,-0.179093,0.018662999999999985,-0.031743999999999994
2013.6345,-0.17883300000000002,0.01716200000000001,-0.036116999999999955
2013.6372,-0.17791400000000002,0.01892499999999997,-0.038409000000000026
2013.64,-0.17751099999999997,0.01848799999999995,-0.03491900000000003
2013.6427,-0.178288,0.018828999999999985,-0.03783700000000001
2013.6454,-0.177655,0.019591999999999943,-0.037235999999999936
2013.6482,-0.17746499999999998,0.01856000000000002,-0.03580399999999995
2013.6509,-0.17862899999999998,0.019676999999999945,-0.040324999999999944
2013.6537,-0.17983299999999997,0.018728999999999996,-0.04082600000000003
2013.6564,-0.17828299999999997,0.019186000000000036,-0.035524
2013.6591,-0.179769,0.02047599999999994,-0.04245699999999997
2013.6619,-0.17934,0.017888999999999933,-0.043074999999999974
2013.6646,-0.179126,0.017320000000000002,-0.04122199999999998
2013.6674,-0.18064999999999998,0.017249999999999988,-0.03671499999999994
2013.6701,-0.17926799999999998,0.016218999999999983,-0.03606199999999993
2013.6728,-0.17765399999999998,0.016588999999999965,-0.04097899999999999
2013.6756,-0.17859999999999998,0.01696399999999998,-0.03946799999999995
2013.6783,-0.180736,0.017726999999999937,-0.039622999999999964
2013.681,-0.17842399999999997,0.017183999999999977,-0.04127800000000004
2013.6838,-0.18063799999999997,0.017463000000000006,-0.04009099999999999
2013.6865,-0.18034899999999998,0.017442999999999986,-0.038383999999999974
2013.6893,-0.178973,0.018834000000000017,-0.04006799999999999
2013.692,-0.177846,0.017653999999999948,-0.036872000000000016
2013.6947,-0.179491,0.017549999999999955,-0.03472999999999993
2013.6975,-0.17704999999999999,0.018139999999999934,-0.04400099999999996
2013.7002,-0.17826999999999998,0.016498000000000013,-0.035494000000000026
2013.7029,-0.179014,0.016823000000000032,-0.038582000000000005
2013.7057,-0.18043199999999998,0.016315999999999997,-0.036999000000000004
2013.7084,-0.18037799999999998,0.015541000000000027,-0.041517999999999944
2013.7112,-0.17928499999999997,0.016924999999999968,-0.037348999999999966
2013.7139,-0.178359,0.01671800000000001,-0.03727800000000003
2013.7166,-0.17935,0.01614099999999996,-0.03464500000000004
2013.7194,-0.180301,0.015820999999999974,-0.037235999999999936
2013.7221,-0.18013600000000002,0.01736099999999996,-0.03824799999999995
2013.7248,-0.180157,0.015900999999999943,-0.03507399999999994
2013.7276,-0.17955,0.01427299999999998,-0.03557699999999997
2013.7303,-0.18047799999999997,0.015328000000000008,-0.034660000000000024
2013.7331,-0.18120199999999997,0.01599499999999998,-0.02812300000000001
2013.7358,-0.179367,0.01663899999999996,-0.03352900000000003
2013.7385,-0.179834,0.014813999999999994,-0.03849400000000003
2013.7413,-0.182083,0.014888000000000012,-0.04023699999999997
2013.744,-0.18044100000000002,0.01564500000000002,-0.038395999999999986
2013.7467,-0.18082900000000002,0.01625999999999994,-0.03969199999999995
2013.7495,-0.18198799999999998,0.017284999999999995,-0.03920099999999993
2013.7522,-0.181568,0.016780999999999935,-0.03611299999999995
2013.755,-0.18075999999999998,0.017251000000000016,-0.03839899999999996
2013.7577,-0.18189899999999998,0.016311999999999993,-0.040622999999999965
2013.7604,-0.18074400000000002,0.016967999999999983,-0.04220499999999994
2013.7632,-0.179778,0.016737000000000002,-0.04429499999999997
2013.7659,-0.18013999999999997,0.016313000000000022,-0.03821399999999997
2013.7687,-0.18021399999999999,0.016271999999999953,-0.037887000000000004
2013.7714,-0.18179800000000002,0.015089000000000019,-0.03603899999999993
2013.7741,-0.18148799999999998,0.015649000000000024,-0.04308400000000001
2013.7769,-0.18186799999999997,0.01593699999999998,-0.04250999999999994
2013.7796,-0.18104399999999998,0.017118999999999995,-0.035970999999999975
2013.7823,-0.181382,0.016224000000000016,-0.041239000000000026
2013.7851,-0.181162,0.015600999999999976,-0.04394399999999998
2013.7878,-0.18168299999999998,0.017143999999999937,-0.04335
2013.7906,-0.182128,0.016807000000000016,-0.04184399999999999
2013.7933,-0.181875,0.01603500000000002,-0.04011500000000001
2013.796,-0.18199700000000002,0.016031999999999935,-0.039166000000000034
2013.7988,-0.182093,0.017418999999999962,-0.041080000000000005
2013.8015,-0.180759,0.016726999999999936,-0.040220000000000034
2013.8042,-0.180948,0.017707999999999946,-0.037341999999999986
2013.807,-0.180817,0.016993999999999954,-0.040376999999999996
2013.8097,-0.181404,0.017302999999999957,-0.037363000000000035
2013.8125,-0.18077899999999997,0.015641999999999934,-0.037461999999999995
2013.8152,-0.179232,0.015754999999999963,-0.04122300000000001
2013.8179,-0.180564,0.015244999999999953,-0.044042000000000026
2013.8207,-0.18036599999999997,0.01443899999999998,-0.040305000000000035
2013.8234,-0.181658,0.014490000000000003,-0.03070600000000001
2013.8261,-0.18052600000000002,0.014224000000000014,-0.035765999999999964
2013.8289,-0.18185099999999998,0.013437000000000032,-0.03656499999999996
2013.8316,-0.18026199999999998,0.013186000000000031,-0.03879100000000002
2013.8344,-0.18134699999999998,0.013712999999999975,-0.03885099999999997
2013.8371,-0.18022100000000002,0.014579000000000009,-0.03822499999999995
2013.8398,-0.18106299999999997,0.014658999999999978,-0.037800999999999974
2013.8426,-0.180234,0.015409000000000006,-0.035653999999999963
2013.8453,-0.18115599999999998,0.015533999999999937,-0.03642400000000001
2013.848,-0.180743,0.01414099999999996,-0.041686
2013.8508,-0.180633,0.015051999999999954,-0.04163899999999998
2013.8535,-0.180931,0.013149999999999995,-0.03830199999999995
2013.8563,-0.18203799999999998,0.013629000000000002,-0.036023999999999945
2013.859,-0.18098399999999998,0.013753000000000015,-0.04097699999999993
2013.8617,-0.18078699999999998,0.012971999999999984,-0.03672999999999993
2013.8645,-0.17959399999999998,0.013206999999999969,-0.041852
2013.8672,-0.18173299999999998,0.013692000000000037,-0.040343999999999935
2013.87,-0.181413,0.012638999999999956,-0.040211
2013.8727,-0.180077,0.011871999999999994,-0.03577699999999995
2013.8754,-0.18095699999999998,0.012349999999999972,-0.032517999999999936
2013.8782,-0.18203999999999998,0.013077000000000005,-0.035614000000000035
2013.8809,-0.183085,0.013280999999999987,-0.044632000000000005
2013.8836,-0.18034099999999997,0.012738999999999945,-0.03927000000000003
2013.8864,-0.181153,0.01260300000000003,-0.03513900000000003
2013.8891,-0.18037999999999998,0.013315999999999995,-0.037488999999999995
2013.8919,-0.18238899999999997,0.013618000000000019,-0.037111000000000005
2013.8946,-0.18157,0.013421999999999934,-0.038143999999999956
2013.8973,-0.181411,0.013095999999999997,-0.038717
2013.9001,-0.18128499999999997,0.012938000000000005,-0.04212399999999994
2013.9028,-0.182052,0.012934000000000001,-0.042161000000000004
2013.9055,-0.18139899999999998,0.01269600000000004,-0.04112199999999999
2013.9083,-0.184019,0.011356000000000033,-0.036131000000000024
2013.911,-0.182631,0.010956999999999995,-0.04054800000000003
2013.9138,-0.18372899999999998,0.01417999999999997,-0.04345399999999999
2013.9165,-0.183714,0.012086999999999959,-0.04368700000000003
2013.9192,-0.18261,0.013703999999999938,-0.04220299999999999
2013.922,-0.18430999999999997,0.012588999999999961,-0.035443
2013.9247,-0.183786,0.012817999999999996,-0.037636
2013.9274,-0.184328,0.012782999999999989,-0.03810599999999997
2013.9302,-0.18316699999999997,0.013039000000000023,-0.04081800000000002
2013.9329,-0.18127899999999997,0.012286999999999937,-0.04221799999999998
2013.9357,-0.18502799999999997,0.012109999999999954,-0.03916200000000003
2013.9384,-0.18428299999999997,0.012654999999999972,-0.04224799999999995
2013.9411,-0.18181399999999998,0.013295999999999975,-0.044462
2013.9439,-0.182977,0.013661999999999952,-0.04181800000000002
2013.9466,-0.18435200000000002,0.013120999999999938,-0.04002499999999998
2013.9493,-0.18279299999999998,0.01270300000000002,-0.043113999999999986
2013.9521,-0.18335200000000001,0.01415999999999995,-0.04201599999999994
2013.9548,-0.18416499999999997,0.014189000000000007,-0.043644999999999934
2013.9576,-0.183232,0.013934000000000002,-0.04140900000000003
2013.9603,-0.182483,0.012934000000000001,-0.04100799999999993
2013.963,-0.18457999999999997,0.014774999999999983,-0.03882200000000002
2013.9658,-0.18448399999999998,0.013222999999999985,-0.03522000000000003
2013.9685,-0.18464999999999998,0.01342500000000002,-0.03826099999999999
2013.9713,-0.185963,0.013885999999999954,-0.038771
2013.974,-0.184429,0.013419999999999987,-0.043293000000000026
2013.9767,-0.18404199999999998,0.013809999999999989,-0.044459999999999944
2013.9795,-0.184066,0.014912999999999954,-0.039236999999999966
2013.9822,-0.18410500000000002,0.01495499999999994,-0.041484999999999994
2013.9849,-0.183741,0.014426999999999968,-0.044401000000000024
2013.9877,-0.183363,0.014849000000000001,-0.04291999999999996
2013.9904,-0.18367,0.014846999999999944,-0.044597
2013.9932,-0.182987,0.014796999999999949,-0.04233399999999998
2013.9959,-0.183496,0.015414999999999957,-0.044949999999999934
2013.9986,-0.183653,0.01472399999999996,-0.042996000000000034
2014.0014,-0.183025,0.015008999999999939,-0.045771000000000006
2014.0041,-0.18451,0.014773999999999954,-0.045869999999999966
2014.0068,-0.183975,0.013784999999999936,-0.04289799999999999
2014.0096,-0.18191799999999997,0.014152999999999971,-0.044413000000000036
2014.0123,-0.18324799999999997,0.013508999999999993,-0.04514699999999994
2014.0151,-0.18427300000000002,0.014144999999999963,-0.04719499999999999
2014.0178,-0.183877,0.013620999999999994,-0.04838100000000001
2014.0205,-0.184236,0.013303999999999983,-0.04514299999999993
2014.0233,-0.18646400000000002,0.012835999999999959,-0.04776999999999998
2014.026,-0.18731199999999998,0.013542999999999972,-0.04718100000000003
2014.0287,-0.18609599999999998,0.013615999999999961,-0.047072
2014.0315,-0.18727699999999997,0.01351099999999994,-0.046606000000000036
2014.0342,-0.18609399999999998,0.014151000000000025,-0.049563000000000024
2014.037,-0.18575799999999998,0.012626999999999944,-0.05202499999999999
2014.0397,-0.18548900000000001,0.014375999999999944,-0.049019000000000035
2014.0424,-0.18705899999999998,0.014561999999999964,-0.04831299999999994
2014.0452,-0.186801,0.013893999999999962,-0.049873999999999974
2014.0479,-0.18751600000000002,0.014426999999999968,-0.05058600000000002
2014.0507,-0.18765199999999999,0.014732999999999996,-0.05102200000000001
2014.0534,-0.18790400000000002,0.01439299999999999,-0.049077999999999955
2014.0561,-0.189504,0.01477700000000004,-0.049582000000000015
2014.0589,-0.18980999999999998,0.012651999999999997,-0.05064400000000002
2014.0616,-0.189956,0.012070999999999943,-0.04367999999999994
2014.0643,-0.18942599999999998,0.01361100000000004,-0.04589599999999994
2014.0671,-0.18979400000000002,0.012378,-0.04620499999999994
2014.0698,-0.190386,0.012823000000000029,-0.04098899999999994
2014.0726,-0.18946999999999997,0.012400999999999995,-0.04574400000000001
2014.0753,-0.19151400000000002,0.013216000000000006,-0.04950599999999994
2014.078,-0.190946,0.012971999999999984,-0.04678700000000002
2014.0808,-0.191295,0.012315999999999994,-0.04305000000000003
2014.0835,-0.19040999999999997,0.012649000000000021,-0.043884000000000034
2014.0862,-0.19052199999999997,0.012742000000000031,-0.04829899999999998
2014.089,-0.18940999999999997,0.01249100000000003,-0.051926999999999945
2014.0917,-0.19016499999999997,0.013373999999999997,-0.043532000000000015
2014.0945,-0.18890400000000002,0.013977000000000017,-0.043242
2014.0972,-0.190444,0.013719999999999954,-0.04643799999999998
2014.0999,-0.190523,0.013495999999999952,-0.04220499999999994
2014.1027,-0.189562,0.012209000000000025,-0.047030999999999934
2014.1054,-0.18998700000000002,0.013071999999999973,-0.04616500000000001
2014.1081,-0.190064,0.012286000000000019,-0.047316000000000025
2014.1109,-0.189797,0.012693999999999983,-0.050900999999999974
2014.1136,-0.188027,0.012274000000000007,-0.049964999999999926
2014.1164,-0.18948900000000002,0.011892000000000014,-0.04677500000000001
2014.1191,-0.189135,0.012288999999999994,-0.05085799999999996
2014.1218,-0.19033499999999998,0.012226999999999988,-0.04495300000000002
2014.1246,-0.190853,0.012902999999999998,-0.044803999999999955
2014.1273,-0.190222,0.01375000000000004,-0.045821
2014.13,-0.190293,0.01468400000000003,-0.04630299999999998
2014.1328,-0.191351,0.01437900000000003,-0.04615199999999997
2014.1355,-0.18930399999999997,0.013183999999999974,-0.047069999999999945
2014.1383,-0.191342,0.013309000000000015,-0.042690000000000006
2014.141,-0.19166,0.013973000000000013,-0.044725000000000015
2014.1437,-0.19143100000000002,0.013581999999999983,-0.04537899999999995
2014.1465,-0.191598,0.013452999999999937,-0.044398999999999966
2014.1492,-0.19177899999999998,0.014436000000000004,-0.04861899999999997
2014.152,-0.190477,0.015526999999999958,-0.04420400000000002
2014.1547,-0.19018599999999997,0.013763999999999998,-0.04363499999999998
2014.1574,-0.19196999999999997,0.01590199999999997,-0.042489
2014.1602,-0.19230599999999998,0.01530599999999993,-0.041383999999999976
2014.1629,-0.193056,0.015647999999999995,-0.03450399999999998
2014.1656,-0.193203,0.01413999999999993,-0.045320999999999945
2014.1684,-0.19262200000000002,0.013753000000000015,-0.04679999999999995
2014.1711,-0.192587,0.012768000000000002,-0.045799000000000034
2014.1739,-0.19086999999999998,0.01420699999999997,-0.04710799999999993
2014.1766,-0.193318,0.013750999999999958,-0.04358200000000001
2014.1793,-0.19401599999999997,0.013469999999999982,-0.046818999999999944
2014.1821,-0.19249099999999997,0.013174999999999937,-0.04678099999999996
2014.1848,-0.19354899999999997,0.012614999999999932,-0.04283399999999993
2014.1875,-0.194569,0.012604999999999977,-0.04690300000000003
2014.1903,-0.19276100000000002,0.01271599999999995,-0.04693899999999995
2014.193,-0.195253,0.01315999999999995,-0.04776099999999994
2014.1958,-0.19476699999999997,0.012805999999999984,-0.047150000000000025
2014.1985,-0.19426100000000002,0.011541999999999941,-0.047528000000000015
2014.2012,-0.19460099999999997,0.01338499999999998,-0.04717499999999997
2014.204,-0.19531199999999999,0.012584999999999957,-0.051364999999999994
2014.2067,-0.19498899999999997,0.011665999999999954,-0.04729099999999997
2014.2094,-0.196231,0.012458999999999998,-0.04336899999999999
2014.2122,-0.194226,0.013452999999999937,-0.047911999999999955
2014.2149,-0.19408199999999998,0.012866999999999962,-0.047648000000000024
2014.2177,-0.196222,0.012896000000000019,-0.04644599999999999
2014.2204,-0.192249,0.012831000000000037,-0.04865799999999998
2014.2231,-0.193639,0.012800000000000034,-0.05241499999999999
2014.2259,-0.19481700000000002,0.01373599999999997,-0.049375999999999975
2014.2286,-0.194029,0.013427999999999995,-0.047646999999999995
2014.2313,-0.193575,0.012646999999999964,-0.045072
2014.2341,-0.19471,0.013035999999999937,-0.04222499999999996
2014.2368,-0.195287,0.013758999999999966,-0.04642599999999997
2014.2396,-0.19322299999999998,0.014325000000000032,-0.04407399999999995
2014.2423,-0.19717800000000002,0.012576000000000032,-0.04770099999999999
2014.245,-0.197436,0.01371699999999998,-0.05052400000000001
2014.2478,-0.19517400000000001,0.01408799999999999,-0.046837999999999935
2014.2505,-0.19607799999999997,0.012871999999999995,-0.04986899999999994
2014.2533,-0.195546,0.01422100000000004,-0.05257299999999998
2014.256,-0.19532,0.012822,-0.047646999999999995
2014.2587,-0.196096,0.013376999999999972,-0.05076700000000001
2014.2615,-0.19528099999999998,0.013981999999999939,-0.04620000000000002
2014.2642,-0.196415,0.013147999999999938,-0.044471999999999956
2014.2669,-0.19605899999999998,0.013807000000000014,-0.04569599999999996
2014.2697,-0.19604299999999997,0.012714000000000003,-0.04402499999999998
2014.2724,-0.195554,0.012997999999999954,-0.04801599999999995
2014.2752,-0.19643299999999997,0.01286900000000002,-0.041200000000000014
2014.2779,-0.19590399999999997,0.01406799999999997,-0.036748
2014.2806,-0.198046,0.013954000000000022,-0.04485799999999995
2014.2834,-0.19771099999999997,0.013719000000000037,-0.046507999999999994
2014.2861,-0.19782699999999998,0.013070999999999944,-0.04305799999999993
2014.2888,-0.19854,0.013518999999999948,-0.04807399999999995
2014.2916,-0.19726100000000002,0.013612999999999986,-0.04438999999999993
2014.2943,-0.19692899999999997,0.012743999999999978,-0.044633000000000034
2014.2971,-0.19833,0.013959999999999972,-0.043876000000000026
2014.2998,-0.198063,0.014676000000000022,-0.047839999999999994
2014.3025,-0.197785,0.015010999999999997,-0.046319
2014.3053,-0.19878800000000002,0.014548000000000005,-0.04596100000000003
2014.308,-0.19835599999999998,0.014190000000000036,-0.045903999999999945
2014.3107,-0.19730599999999998,0.013934000000000002,-0.046520000000000006
2014.3135,-0.19937,0.014336000000000015,-0.046521000000000035
2014.3162,-0.19808399999999998,0.013801999999999981,-0.043856000000000006
2014.319,-0.19976899999999997,0.015261999999999998,-0.04531200000000002
2014.3217,-0.197932,0.015560999999999936,-0.04493400000000003
2014.3244,-0.19850099999999998,0.015469999999999984,-0.04918199999999995
2014.3272,-0.197507,0.017325000000000035,-0.05214799999999997
2014.3299,-0.19981899999999997,0.015124999999999944,-0.05448299999999995
2014.3326,-0.197239,0.016503999999999963,-0.05388700000000002
2014.3354,-0.197455,0.015162000000000009,-0.049223999999999934
2014.3381,-0.1976,0.016398000000000024,-0.04724799999999996
2014.3409,-0.198166,0.01718799999999998,-0.04227099999999995
2014.3436,-0.198588,0.01758700000000002,-0.041907999999999945
2014.3463,-0.198106,0.015766999999999975,-0.04277500000000001
2014.3491,-0.199046,0.014398000000000022,-0.045235000000000025
2014.3518,-0.19936199999999998,0.016091999999999995,-0.04810499999999995
2014.3546,-0.198866,0.017000999999999933,-0.044652000000000025
2014.3573,-0.199556,0.015394999999999937,-0.05181199999999997
2014.36,-0.19780199999999998,0.016716999999999982,-0.047613000000000016
2014.3628,-0.198776,0.01767799999999997,-0.05150500000000002
2014.3655,-0.19791599999999998,0.017101000000000033,-0.05074000000000001
2014.3682,-0.19928999999999997,0.01787799999999995,-0.054769999999999985
2014.371,-0.198121,0.017244000000000037,-0.054776999999999965
2014.3737,-0.19943699999999998,0.01783099999999993,-0.04703299999999999
2014.3765,-0.19927899999999998,0.017780999999999936,-0.04917899999999997
2014.3792,-0.198031,0.01769199999999993,-0.046182999999999974
2014.3819,-0.198307,0.016293000000000002,-0.045181999999999944
2014.3847,-0.199218,0.017691000000000012,-0.04413599999999995
2014.3874,-0.19982299999999997,0.016239000000000003,-0.04422499999999996
2014.3901,-0.19902199999999998,0.017384999999999984,-0.04710099999999995
2014.3929,-0.19936500000000001,0.017197000000000018,-0.04701500000000003
2014.3956,-0.19832699999999998,0.01739400000000002,-0.046505999999999936
2014.3984,-0.198776,0.017647999999999997,-0.04696299999999998
2014.4011,-0.19952599999999998,0.018630999999999953,-0.04763699999999993
2014.4038,-0.199488,0.019052999999999987,-0.05041499999999999
2014.4066,-0.19957199999999997,0.018919999999999937,-0.04952000000000001
2014.4093,-0.201588,0.01954699999999998,-0.05001699999999998
2014.412,-0.20093499999999997,0.019888999999999935,-0.049190999999999985
2014.4148,-0.20177099999999998,0.019509,-0.05242999999999998
2014.4175,-0.200799,0.020098999999999978,-0.04986199999999996
2014.4203,-0.199596,0.02194600000000002,-0.05016599999999993
2014.423,-0.200393,0.021487000000000034,-0.044981999999999966
2014.4257,-0.19884200000000002,0.020237999999999978,-0.047592999999999996
2014.4285,-0.20102199999999998,0.020320000000000005,-0.04907499999999998
2014.4312,-0.20150999999999997,0.021823000000000037,-0.050528999999999935
2014.4339,-0.20089200000000002,0.021603999999999957,-0.04725299999999999
2014.4367,-0.20015,0.02125100000000002,-0.04416599999999993
2014.4394,-0.20131100000000002,0.021838000000000024,-0.04754999999999998
2014.4422,-0.19999299999999998,0.020616999999999996,-0.049111999999999933
2014.4449,-0.20101599999999997,0.020491000000000037,-0.052642999999999995
2014.4476,-0.200801,0.018635999999999986,-0.05241499999999999
2014.4504,-0.201832,0.020228000000000024,-0.04974299999999998
2014.4531,-0.201974,0.02020500000000003,-0.049660999999999955
2014.4559,-0.202262,0.02188000000000001,-0.051821000000000006
2014.4586,-0.201698,0.020901999999999976,-0.04982299999999995
2014.4613,-0.20214,0.019455,-0.053949000000000025
2014.4641,-0.20198,0.020774999999999988,-0.04920800000000003
2014.4668,-0.20190599999999997,0.020811000000000024,-0.04704600000000003
2014.4695,-0.20153100000000002,0.022519999999999984,-0.05091000000000001
2014.4723,-0.202403,0.021592999999999973,-0.05290300000000003
2014.475,-0.202123,0.020913999999999988,-0.053813
2014.4778,-0.202042,0.02101900000000001,-0.04950699999999997
2014.4805,-0.20192699999999997,0.020201000000000024,-0.04730499999999993
2014.4832,-0.20167200000000002,0.020540000000000003,-0.051014000000000004
2014.486,-0.20137299999999997,0.022778999999999994,-0.048427
2014.4887,-0.202316,0.021896000000000027,-0.04667100000000002
2014.4914,-0.20158900000000002,0.020267999999999953,-0.046274999999999955
2014.4942,-0.201982,0.02036300000000002,-0.04831099999999999
2014.4969,-0.20282,0.021556999999999937,-0.04876899999999995
2014.4997,-0.20279599999999998,0.02251000000000003,-0.05202399999999996
2014.5024,-0.201565,0.021109999999999962,-0.04981499999999994
2014.5051,-0.20399899999999999,0.02151499999999995,-0.049931999999999976
2014.5079,-0.201623,0.02161599999999997,-0.04824799999999996
2014.5106,-0.20313799999999999,0.02156800000000003,-0.05234799999999995
2014.5133,-0.201843,0.022533999999999943,-0.05101900000000004
2014.5161,-0.201949,0.023872000000000004,-0.05032599999999998
2014.5188,-0.20223599999999997,0.020745000000000013,-0.05000799999999994
2014.5216,-0.200928,0.02344299999999999,-0.046812999999999994
2014.5243,-0.20187499999999997,0.022823000000000038,-0.049409999999999954
2014.527,-0.20188899999999999,0.022738999999999954,-0.05047400000000002
2014.5298,-0.202003,0.02295899999999995,-0.05043299999999995
2014.5325,-0.20180700000000001,0.022843999999999975,-0.056149000000000004
2014.5352,-0.20239799999999997,0.022772000000000014,-0.045196000000000014
2014.538,-0.20127,0.02364900000000003,-0.04751700000000003
2014.5407,-0.201351,0.021287999999999974,-0.049153
2014.5435,-0.201691,0.021757000000000026,-0.04744700000000002
2014.5462,-0.20115,0.023240999999999956,-0.05096899999999993
2014.5489,-0.20111400000000001,0.021054000000000017,-0.04280799999999996
2014.5517,-0.20204899999999998,0.023486000000000007,-0.04754499999999995
2014.5544,-0.201573,0.021792000000000034,-0.046906
2014.5572,-0.20072099999999998,0.023302999999999963,-0.05110300000000001
2014.5599,-0.20127899999999999,0.021016000000000035,-0.05138599999999993
2014.5626,-0.200195,0.02202499999999996,-0.048117999999999994
2014.5654,-0.200998,0.022697999999999996,-0.049841000000000024
2014.5681,-0.19989600000000002,0.024480999999999975,-0.052813
2014.5708,-0.19953700000000002,0.02551099999999995,-0.058143999999999973
2014.5736,-0.19774799999999998,0.024297000000000013,-0.04746600000000001
2014.5763,-0.19981100000000002,0.022645000000000026,-0.046275999999999984
2014.5791,-0.201768,0.022374000000000005,-0.04993599999999998
2014.5818,-0.200936,0.02401399999999998,-0.048899000000000026
2014.5845,-0.19990199999999997,0.023677999999999977,-0.04721200000000003
2014.5873,-0.20030199999999998,0.02364900000000003,-0.04055900000000001
2014.59,-0.20069700000000001,0.02492899999999998,-0.04695499999999997
2014.5927,-0.201471,0.02210499999999993,-0.050448999999999966
2014.5955,-0.20052199999999998,0.022687000000000013,-0.05137499999999995
2014.5982,-0.198961,0.022081000000000017,-0.05188999999999999
2014.601,-0.19954699999999997,0.02132999999999996,-0.053410999999999986
2014.6037,-0.20261400000000002,0.021231,-0.05953200000000003
2014.6064,-0.20151199999999997,0.021394999999999942,-0.053510999999999975
2014.6092,-0.200426,0.02170099999999997,-0.06138900000000003
2014.6119,-0.20008700000000001,0.021375000000000033,-0.056637999999999966
2014.6146,-0.19997399999999999,0.022320000000000007,-0.05383799999999994
2014.6174,-0.20131499999999997,0.022245999999999988,-0.05020099999999994
2014.6201,-0.202689,0.020876000000000006,-0.05016299999999996
2014.6229,-0.20301599999999997,0.020510000000000028,-0.05307899999999999
2014.6256,-0.20209499999999997,0.02180099999999996,-0.05006999999999995
2014.6283,-0.203391,0.02154199999999995,-0.05191000000000001
2014.6311,-0.20225500000000002,0.021241999999999983,-0.05804900000000002
2014.6338,-0.19982699999999998,0.022896000000000027,-0.05019299999999993
2014.6366,-0.20028999999999997,0.02260899999999999,-0.04933900000000002
2014.6393,-0.20035199999999997,0.022657999999999956,-0.049575000000000036
2014.642,-0.19965299999999997,0.02129700000000001,-0.04533900000000002
2014.6448,-0.200743,0.020867999999999998,-0.049567999999999945
2014.6475,-0.202187,0.020935000000000037,-0.04877799999999999
2014.6502,-0.203409,0.021598000000000006,-0.048759
2014.653,-0.202783,0.02056099999999994,-0.05185099999999998
2014.6557,-0.201511,0.020672000000000024,-0.053781999999999996
2014.6585,-0.204113,0.023034,-0.05126699999999995
2014.6612,-0.20176899999999998,0.022066999999999948,-0.04925199999999996
2014.6639,-0.202669,0.019836999999999994,-0.04868499999999998
2014.6667,-0.20353499999999997,0.02139599999999997,-0.04945199999999994
2014.6694,-0.202086,0.02150799999999997,-0.04996400000000001
2014.6721,-0.20255299999999998,0.021658999999999984,-0.04812099999999997
2014.6749,-0.20294800000000002,0.02168199999999998,-0.04299399999999998
2014.6776,-0.202222,0.019861999999999935,-0.044684999999999975
2014.6804,-0.201112,0.02026300000000003,-0.04973899999999998
2014.6831,-0.200639,0.019742000000000037,-0.049733999999999945
2014.6858,-0.200695,0.022150000000000003,-0.044479999999999964
2014.6886,-0.201627,0.02074599999999993,-0.047163999999999984
2014.6913,-0.20317200000000002,0.021086999999999967,-0.04631299999999994
2014.694,-0.20103699999999997,0.021150000000000002,-0.04618800000000001
2014.6968,-0.20083600000000001,0.021762999999999977,-0.05042000000000002
2014.6995,-0.20019599999999999,0.020664999999999933,-0.047389000000000014
2014.7023,-0.20252599999999998,0.020857999999999932,-0.04228399999999999
2014.705,-0.20203100000000002,0.019181000000000004,-0.04949099999999995
2014.7077,-0.20119700000000001,0.019483999999999946,-0.047560999999999964
2014.7105,-0.201413,0.020280999999999993,-0.04756399999999994
2014.7132,-0.20166699999999999,0.019079999999999986,-0.049308999999999936
2014.7159,-0.201258,0.018876000000000004,-0.046667000000000014
2014.7187,-0.20048100000000002,0.020287999999999973,-0.04556799999999994
2014.7214,-0.20217200000000002,0.01910899999999993,-0.04826600000000003
2014.7242,-0.20359,0.01968599999999998,-0.04823199999999994
2014.7269,-0.20286899999999997,0.01939599999999997,-0.04801599999999995
2014.7296,-0.20225300000000002,0.019398999999999944,-0.050640999999999936
2014.7324,-0.202291,0.01924899999999996,-0.050091
2014.7351,-0.20313199999999998,0.020027999999999935,-0.04894999999999994
2014.7379,-0.203254,0.018290999999999946,-0.05048399999999997
2014.7406,-0.203471,0.020484999999999975,-0.051663000000000014
2014.7433,-0.202401,0.01946899999999996,-0.04888199999999998
2014.7461,-0.20313799999999999,0.018761000000000028,-0.04972599999999994
2014.7488,-0.202656,0.017776000000000014,-0.05228100000000002
2014.7515,-0.202787,0.020781999999999967,-0.05361199999999999
2014.7543,-0.20243699999999998,0.01871999999999996,-0.057566000000000006
2014.757,-0.20280199999999998,0.018220000000000014,-0.056242000000000014
2014.7598,-0.201791,0.019255000000000022,-0.04987699999999995
2014.7625,-0.201953,0.019882999999999984,-0.05425800000000003
2014.7652,-0.201586,0.020589999999999997,-0.04967900000000003
2014.768,-0.200957,0.021301999999999932,-0.050370000000000026
2014.7707,-0.20185399999999998,0.019606000000000012,-0.050144999999999995
2014.7734,-0.202073,0.018151000000000028,-0.05022700000000002
2014.7762,-0.20161400000000002,0.01760600000000001,-0.05320999999999998
2014.7789,-0.20144800000000002,0.01796500000000001,-0.05284100000000003
2014.7817,-0.20155,0.017954999999999943,-0.053934999999999955
2014.7844,-0.202175,0.01685000000000003,-0.05477199999999993
2014.7871,-0.200928,0.018652000000000002,-0.050436000000000036
2014.7899,-0.200826,0.017425000000000024,-0.05032599999999998
2014.7926,-0.201639,0.01735500000000001,-0.052424999999999944
2014.7953,-0.20045599999999997,0.016171999999999964,-0.047243000000000035
2014.7981,-0.20253899999999997,0.01755399999999996,-0.050427
2014.8008,-0.20173999999999997,0.017548000000000008,-0.04949399999999993
2014.8036,-0.20190399999999997,0.016699999999999937,-0.05069099999999993
2014.8063,-0.20266800000000001,0.01646700000000001,-0.04924899999999999
2014.809,-0.203527,0.017847999999999975,-0.05316199999999993
2014.8118,-0.20293699999999998,0.017396999999999996,-0.05072699999999997
2014.8145,-0.203237,0.017572000000000032,-0.052014000000000005
2014.8172,-0.20356799999999997,0.017164999999999986,-0.055867
2014.82,-0.20350000000000001,0.017031999999999936,-0.053862999999999994
2014.8227,-0.20399699999999998,0.01599700000000004,-0.051661999999999986
2014.8255,-0.20341199999999998,0.015639999999999987,-0.05427700000000002
2014.8282,-0.20346199999999998,0.016123,-0.05204399999999998
2014.8309,-0.20310699999999998,0.016039000000000025,-0.04822199999999999
2014.8337,-0.202959,0.014309000000000016,-0.05338299999999996
2014.8364,-0.203517,0.014970000000000039,-0.05291400000000002
2014.8392,-0.203702,0.014681999999999973,-0.057149000000000005
2014.8419,-0.20129199999999997,0.016066999999999942,-0.051203
2014.8446,-0.20118999999999998,0.016125999999999974,-0.05348200000000003
2014.8474,-0.20331499999999997,0.016066999999999942,-0.056115999999999944
2014.8501,-0.20306399999999997,0.015282999999999936,-0.05151399999999995
2014.8528,-0.20380900000000002,0.014141999999999988,-0.055049000000000015
2014.8556,-0.203341,0.01529999999999998,-0.04628699999999997
2014.8583,-0.204054,0.014998999999999985,-0.042930000000000024
2014.8611,-0.20366,0.014807999999999932,-0.04812700000000003
2014.8638,-0.20355099999999998,0.015405000000000002,-0.052239000000000035
2014.8665,-0.20198499999999997,0.015062999999999938,-0.048912999999999984
2014.8693,-0.20283400000000001,0.015104000000000006,-0.04836499999999999
2014.872,-0.20310899999999998,0.016464000000000034,-0.052251999999999965
2014.8747,-0.203478,0.01569100000000001,-0.04910700000000001
2014.8775,-0.20382899999999998,0.014858999999999956,-0.05016100000000001
2014.8802,-0.20198699999999997,0.017654999999999976,-0.05579599999999996
2014.883,-0.20515099999999997,0.014719999999999955,-0.04608000000000001
2014.8857,-0.204876,0.015427999999999997,-0.048667999999999934
2014.8884,-0.20270899999999997,0.013993000000000033,-0.05127599999999999
2014.8912,-0.204596,0.014209000000000027,-0.04735299999999998
2014.8939,-0.20447300000000002,0.013734999999999942,-0.05255299999999996
2014.8966,-0.20399499999999998,0.013085999999999931,-0.054176
2014.8994,-0.20182899999999998,0.015666999999999986,-0.05819399999999997
2014.9021,-0.203492,0.015361999999999987,-0.05852400000000002
2014.9049,-0.20284000000000002,0.014473999999999987,-0.05521299999999996
2014.9076,-0.20411999999999997,0.014958999999999945,-0.052683000000000035
2014.9103,-0.206293,0.015148999999999968,-0.04908199999999996
2014.9131,-0.20566299999999998,0.015164999999999984,-0.04835400000000001
2014.9158,-0.204878,0.014699999999999935,-0.049972000000000016
2014.9185,-0.20406599999999997,0.013997999999999955,-0.048765999999999976
2014.9213,-0.20400400000000002,0.014963999999999977,-0.04530000000000001
2014.924,-0.20444400000000001,0.015310999999999964,-0.05057999999999996
2014.9268,-0.20416299999999998,0.015800000000000036,-0.050694999999999935
2014.9295,-0.20454299999999997,0.014900000000000024,-0.053412000000000015
2014.9322,-0.204696,0.015938000000000008,-0.055862999999999996
2014.935,-0.20423799999999998,0.014336999999999933,-0.051972999999999936
2014.9377,-0.20550200000000002,0.01455799999999996,-0.06020899999999996
2014.9405,-0.20507799999999998,0.015476999999999963,-0.055427000000000004
2014.9432,-0.20660099999999998,0.016548000000000007,-0.051761999999999975
2014.9459,-0.20633,0.012638999999999956,-0.047626999999999975
2014.9487,-0.20606199999999997,0.012460000000000027,-0.058477
2014.9514,-0.20766400000000002,0.01466999999999996,-0.05699799999999999
2014.9541,-0.2067,0.014658999999999978,-0.05538799999999999
2014.9569,-0.20605600000000002,0.013646999999999965,-0.055491999999999986
2014.9596,-0.206563,0.014445999999999959,-0.05391199999999996
2014.9624,-0.205059,0.015348000000000028,-0.06250599999999995
2014.9651,-0.206418,0.016297000000000006,-0.06167199999999995
2014.9678,-0.206602,0.015888000000000013,-0.05924200000000002
2014.9706,-0.20658300000000002,0.015363999999999933,-0.06187799999999999
2014.9733,-0.20686499999999997,0.015614999999999934,-0.05657800000000002
2014.976,-0.20596599999999998,0.01659299999999997,-0.06020799999999993
2014.9788,-0.20752900000000002,0.01584399999999997,-0.060170999999999975
2014.9815,-0.207617,0.015036999999999967,-0.05926399999999998
2014.9843,-0.20733000000000001,0.015423999999999993,-0.06059099999999995
2014.987,-0.208472,0.015846000000000027,-0.06015599999999999
2014.9897,-0.207824,0.01575099999999996,-0.061388
2014.9925,-0.20773399999999997,0.017166000000000015,-0.06063799999999997
2014.9952,-0.20611799999999997,0.016803000000000012,-0.06034200000000001
2014.9979,-0.20862399999999998,0.01693800000000001,-0.058858999999999995
2015.0007,-0.207642,0.016079999999999983,-0.05481800000000003
2015.0034,-0.20856999999999998,0.014903,-0.05633199999999994
2015.0062,-0.20879599999999998,0.01618200000000003,-0.06187900000000002
2015.0089,-0.20825499999999997,0.015436000000000005,-0.06106999999999996
2015.0116,-0.20680199999999999,0.015027000000000013,-0.06293399999999993
2015.0144,-0.20613599999999999,0.015572999999999948,-0.06317899999999999
2015.0171,-0.20827,0.016415999999999986,-0.05970900000000001
2015.0198,-0.20899299999999998,0.015093000000000023,-0.05860900000000002
2015.0226,-0.20874700000000002,0.015583000000000014,-0.05343299999999995
2015.0253,-0.20753699999999997,0.014639999999999986,-0.061497000000000024
2015.0281,-0.21031299999999997,0.014307999999999987,-0.05832700000000002
2015.0308,-0.208972,0.015244999999999953,-0.060872999999999955
2015.0335,-0.20913700000000002,0.015395999999999965,-0.061277999999999944
2015.0363,-0.209013,0.014581999999999984,-0.06281499999999995
2015.039,-0.209789,0.01466999999999996,-0.06169199999999997
2015.0418,-0.209743,0.01298100000000002,-0.061296999999999935
2015.0445,-0.209791,0.01448499999999997,-0.06023499999999993
2015.0472,-0.20897899999999997,0.014274000000000009,-0.06026699999999996
2015.05,-0.209129,0.014024000000000036,-0.06134600000000001
2015.0527,-0.21059299999999997,0.01406799999999997,-0.06252599999999997
2015.0554,-0.21015699999999998,0.011850000000000027,-0.06403499999999995
2015.0582,-0.210441,0.013228000000000018,-0.062006000000000006
2015.0609,-0.21032800000000001,0.013531999999999988,-0.064836
2015.0637,-0.21098899999999998,0.013031000000000015,-0.06097699999999995
2015.0664,-0.20945399999999997,0.013614000000000015,-0.05952999999999997
2015.0691,-0.209246,0.013542999999999972,-0.06359499999999996
2015.0719,-0.21099299999999999,0.014170999999999934,-0.06034099999999998
2015.0746,-0.21131499999999998,0.014322999999999975,-0.06379000000000001
2015.0773,-0.21005200000000002,0.015283999999999964,-0.06348100000000001
2015.0801,-0.211374,0.015210999999999975,-0.061307
2015.0828,-0.211629,0.013549999999999951,-0.06258299999999994
2015.0856,-0.21159699999999998,0.015263000000000027,-0.06156699999999993
2015.0883,-0.21149099999999998,0.014711999999999947,-0.06466700000000003
2015.091,-0.21084199999999997,0.014236000000000026,-0.06463699999999994
2015.0938,-0.21075499999999997,0.015979999999999994,-0.061085999999999974
2015.0965,-0.21145799999999998,0.01671100000000003,-0.06043799999999999
2015.0992,-0.210285,0.01448499999999997,-0.06162599999999996
2015.102,-0.21353,0.012392999999999987,-0.05789500000000003
2015.1047,-0.21209899999999998,0.014707999999999943,-0.058867
2015.1075,-0.20948299999999997,0.015042,-0.069056
2015.1102,-0.21224899999999997,0.01522800000000002,-0.06917899999999999
2015.1129,-0.2132,0.01543300000000003,-0.06564599999999998
2015.1157,-0.210773,0.01383499999999993,-0.067612
2015.1184,-0.21234999999999998,0.014927000000000024,-0.06543399999999999
2015.1211,-0.211768,0.017325999999999953,-0.06132599999999999
2015.1239,-0.21142699999999998,0.017432000000000003,-0.06128699999999998
2015.1266,-0.21321800000000002,0.01651199999999997,-0.06536699999999995
2015.1294,-0.213742,0.01610199999999995,-0.065604
2015.1321,-0.213179,0.01634099999999994,-0.06785299999999994
2015.1348,-0.21423799999999998,0.016025999999999985,-0.06428999999999996
2015.1376,-0.215439,0.015990999999999977,-0.06350599999999995
2015.1403,-0.215285,0.015587000000000018,-0.06428500000000004
2015.1431,-0.214422,0.014409000000000005,-0.06172599999999995
2015.1458,-0.21381499999999998,0.015943999999999958,-0.06291599999999997
2015.1485,-0.21481099999999997,0.014888000000000012,-0.06451299999999993
2015.1513,-0.21569899999999997,0.015854000000000035,-0.06976099999999996
2015.154,-0.214129,0.014861000000000013,-0.06862899999999994
2015.1567,-0.21626,0.015143000000000018,-0.06548900000000002
2015.1595,-0.215943,0.015137999999999985,-0.059250000000000025
2015.1622,-0.21517999999999998,0.014367000000000019,-0.06973699999999994
2015.165,-0.217138,0.014388999999999985,-0.066531
2015.1677,-0.216127,0.014611999999999958,-0.06883499999999998
2015.1704,-0.216572,0.01497599999999999,-0.06654799999999994
2015.1732,-0.216416,0.014707000000000026,-0.06828000000000001
2015.1759,-0.21756199999999998,0.014001999999999959,-0.06921900000000003
2015.1786,-0.217391,0.015276999999999985,-0.06947300000000001
2015.1814,-0.217491,0.014853000000000005,-0.06756499999999999
2015.1841,-0.217765,0.015266000000000002,-0.06767599999999996
2015.1869,-0.216094,0.013674999999999993,-0.06544700000000003
2015.1896,-0.215959,0.01447900000000002,-0.06540599999999996
2015.1923,-0.21630299999999997,0.01524700000000001,-0.06546699999999994
2015.1951,-0.21636899999999998,0.01565099999999997,-0.07005099999999997
2015.1978,-0.21684599999999998,0.014344000000000023,-0.05962599999999996
2015.2005,-0.21669499999999997,0.01561099999999993,-0.05951299999999993
2015.2033,-0.21684399999999998,0.016315999999999997,-0.06476099999999996
2015.206,-0.21658,0.01443300000000003,-0.06144700000000003
2015.2088,-0.216959,0.016251999999999933,-0.06433999999999995
2015.2115,-0.215455,0.01546599999999998,-0.060582000000000025
2015.2142,-0.216814,0.01579799999999998,-0.06679899999999994
2015.217,-0.21859,0.015442999999999985,-0.06764399999999993
2015.2197,-0.21785100000000002,0.012533000000000016,-0.06996499999999994
2015.2225,-0.217679,0.01514799999999994,-0.06928800000000002
2015.2252,-0.217221,0.015121999999999969,-0.062132999999999994
2015.2279,-0.21848499999999998,0.016073000000000004,-0.06555299999999997
2015.2307,-0.21797099999999997,0.01583599999999996,-0.06320000000000003
2015.2334,-0.217291,0.015082999999999958,-0.06465100000000001
2015.2361,-0.217408,0.017085999999999935,-0.061832
2015.2389,-0.21645199999999998,0.014143999999999934,-0.06671799999999994
2015.2416,-0.219541,0.01630799999999999,-0.06444099999999997
2015.2444,-0.21875899999999998,0.013881000000000032,-0.062913
2015.2471,-0.21902099999999997,0.014266000000000001,-0.064581
2015.2498,-0.218142,0.013251000000000013,-0.061446
2015.2526,-0.218007,0.01476299999999997,-0.06858500000000001
2015.2553,-0.218572,0.013666999999999985,-0.06903700000000002
2015.258,-0.21993799999999997,0.013529999999999931,-0.06511999999999996
2015.2608,-0.22014,0.013576000000000032,-0.06452199999999997
2015.2635,-0.21987099999999998,0.014425000000000021,-0.06129600000000002
2015.2663,-0.22064899999999998,0.01437299999999997,-0.06488899999999997
2015.269,-0.22026,0.013423999999999991,-0.06994500000000003
2015.2717,-0.21869099999999997,0.012878999999999974,-0.06687100000000001
2015.2745,-0.22061799999999998,0.01396900000000001,-0.063724
2015.2772,-0.219974,0.015085000000000015,-0.06599299999999997
2015.2799,-0.218082,0.015105999999999953,-0.06264799999999993
2015.2827,-0.22009099999999998,0.016946999999999934,-0.07201599999999997
2015.2854,-0.218619,0.01658700000000002,-0.065631
2015.2882,-0.217966,0.014890999999999988,-0.06595200000000001
2015.2909,-0.218592,0.01718200000000003,-0.06530599999999998
2015.2936,-0.219061,0.01621399999999995,-0.06362899999999994
2015.2964,-0.21950799999999998,0.01667799999999997,-0.06259799999999993
2015.2991,-0.21999799999999997,0.015522999999999954,-0.06673499999999999
2015.3018,-0.219152,0.015294999999999948,-0.06151099999999998
2015.3046,-0.21963,0.017208,-0.06230000000000002
2015.3073,-0.21947899999999998,0.016051000000000037,-0.06440199999999996
2015.3101,-0.219518,0.017209999999999948,-0.05979099999999993
2015.3128,-0.21932400000000002,0.017714000000000008,-0.06223699999999999
2015.3155,-0.219852,0.016209999999999947,-0.06465999999999994
2015.3183,-0.216943,0.01869299999999996,-0.06227499999999997
2015.321,-0.21889799999999998,0.017693999999999988,-0.06293199999999999
2015.3238,-0.21840500000000002,0.017081000000000013,-0.06567199999999995
2015.3265,-0.22099999999999997,0.017836999999999992,-0.06628699999999998
2015.3292,-0.22024100000000002,0.015693999999999986,-0.06316699999999997
2015.332,-0.219958,0.018947999999999965,-0.06293799999999994
2015.3347,-0.22020800000000001,0.01820999999999995,-0.06362599999999996
2015.3374,-0.21967799999999998,0.018948999999999994,-0.06506699999999999
2015.3402,-0.21976800000000002,0.018345999999999973,-0.064666
2015.3429,-0.22097699999999998,0.018297000000000008,-0.06670100000000001
2015.3457,-0.22041499999999997,0.019764000000000004,-0.06581499999999996
2015.3484,-0.21860000000000002,0.01842900000000003,-0.06530199999999997
2015.3511,-0.220088,0.016915000000000013,-0.06705899999999998
2015.3539,-0.220505,0.01908299999999996,-0.06799100000000002
2015.3566,-0.22083399999999997,0.01788400000000001,-0.06998799999999994
2015.3593,-0.221055,0.018442999999999987,-0.06414299999999995
2015.3621,-0.220455,0.018722000000000016,-0.06506400000000001
2015.3648,-0.220947,0.018622000000000027,-0.06613400000000003
2015.3676,-0.221206,0.018591999999999942,-0.06642599999999999
2015.3703,-0.222362,0.01899099999999998,-0.064411
2015.373,-0.22120099999999998,0.01906299999999994,-0.068496
2015.3758,-0.220358,0.01836199999999999,-0.06748299999999996
2015.3785,-0.220215,0.01890499999999995,-0.06884299999999999
2015.3812,-0.221677,0.020291999999999977,-0.07064599999999999
2015.384,-0.22244799999999998,0.019777999999999962,-0.06989899999999993
2015.3867,-0.22216399999999997,0.019440000000000013,-0.06858500000000001
2015.3895,-0.221792,0.020060999999999996,-0.07070699999999996
2015.3922,-0.22283799999999998,0.018730000000000024,-0.06516100000000002
2015.3949,-0.22127799999999997,0.02018999999999993,-0.06538299999999997
2015.3977,-0.222742,0.020267000000000035,-0.073662
2015.4004,-0.22164499999999998,0.019047999999999954,-0.066778
2015.4031,-0.22187099999999998,0.019271000000000038,-0.06764199999999998
2015.4059,-0.221399,0.019564999999999944,-0.06952599999999998
2015.4086,-0.222165,0.019722999999999935,-0.06738599999999995
2015.4114,-0.22141899999999998,0.019094999999999973,-0.068021
2015.4141,-0.22119699999999998,0.01854599999999995,-0.07038699999999998
2015.4168,-0.22135100000000002,0.018579000000000012,-0.071635
2015.4196,-0.220412,0.020433999999999952,-0.07322899999999999
2015.4223,-0.22396899999999997,0.01692300000000002,-0.06749399999999994
2015.4251,-0.219891,0.021394000000000024,-0.06586999999999998
2015.4278,-0.22183599999999998,0.02096600000000004,-0.06811899999999993
2015.4305,-0.221016,0.020011,-0.07382500000000003
2015.4333,-0.221798,0.02090599999999998,-0.06916900000000004
2015.436,-0.22204400000000002,0.020769999999999955,-0.06644300000000003
2015.4387,-0.22144199999999997,0.021301000000000014,-0.06615700000000002
2015.4415,-0.223217,0.021670999999999996,-0.06805700000000003
2015.4442,-0.221607,0.02232999999999996,-0.063164
2015.447,-0.221704,0.021282000000000023,-0.07067099999999993
2015.4497,-0.22155799999999998,0.022751999999999994,-0.06347000000000003
2015.4524,-0.22263899999999998,0.021904999999999952,-0.06701499999999994
2015.4552,-0.22091699999999997,0.021909999999999985,-0.06904500000000002
2015.4579,-0.221482,0.023035999999999945,-0.06878299999999993
2015.4606,-0.220756,0.020630999999999955,-0.072608
2015.4634,-0.22078399999999998,0.021958000000000033,-0.06912600000000002
2015.4661,-0.221574,0.022724999999999995,-0.068805
2015.4689,-0.21988199999999997,0.022908999999999957,-0.06664099999999995
2015.4716,-0.219153,0.02167399999999997,-0.06737199999999999
2015.4743,-0.22148099999999998,0.020174000000000025,-0.06499999999999995
2015.4771,-0.219233,0.020317999999999947,-0.06900799999999996
2015.4798,-0.220049,0.023399999999999976,-0.07191000000000003
2015.4825,-0.22063699999999997,0.022170000000000023,-0.07202299999999995
2015.4853,-0.22157499999999997,0.021139999999999937,-0.07201499999999994
2015.488,-0.22276200000000002,0.02174799999999999,-0.07081399999999993
2015.4908,-0.22104000000000001,0.02363499999999996,-0.06750899999999993
2015.4935,-0.22074499999999997,0.023545999999999956,-0.06695299999999993
2015.4962,-0.220233,0.023513000000000006,-0.05897600000000003
2015.499,-0.220495,0.023841,-0.064801
2015.5017,-0.221049,0.023670999999999998,-0.06245899999999993
2015.5044,-0.220682,0.02299399999999996,-0.06669499999999995
2015.5072,-0.221012,0.022500999999999993,-0.06371799999999994
2015.5099,-0.22145199999999998,0.02351700000000001,-0.06290200000000001
2015.5127,-0.221055,0.02227800000000002,-0.06817099999999998
2015.5154,-0.221296,0.022472999999999965,-0.06696599999999997
2015.5181,-0.22207699999999997,0.02082600000000001,-0.06706099999999993
2015.5209,-0.22169,0.02140900000000001,-0.06311
2015.5236,-0.220955,0.022618000000000027,-0.061746999999999996
2015.5264,-0.219289,0.024029999999999996,-0.06494500000000003
2015.5291,-0.221823,0.02280199999999999,-0.06309399999999998
2015.5318,-0.222406,0.022352999999999956,-0.06051099999999998
2015.5346,-0.222572,0.023799000000000015,-0.06615700000000002
2015.5373,-0.221234,0.022579999999999933,-0.063411
2015.54,-0.22089799999999998,0.022074999999999956,-0.06562999999999997
2015.5428,-0.22143599999999997,0.023069000000000006,-0.06538500000000003
2015.5455,-0.223149,0.02166899999999994,-0.06854700000000002
2015.5483,-0.218789,0.02266899999999994,-0.06228699999999998
2015.551,-0.220875,0.02401999999999993,-0.06493199999999999
2015.5537,-0.223192,0.02260300000000004,-0.05875699999999995
2015.5565,-0.219447,0.022521000000000013,-0.061554
2015.5592,-0.22148600000000002,0.02215900000000004,-0.06532499999999997
2015.5619,-0.22121799999999997,0.022573999999999983,-0.06610099999999997
2015.5647,-0.22136,0.022545999999999955,-0.06822499999999998
2015.5674,-0.21969499999999997,0.02111799999999997,-0.06507699999999994
2015.5702,-0.22093599999999997,0.021695999999999938,-0.06401199999999996
2015.5729,-0.22146699999999997,0.022977999999999943,-0.06220700000000001
2015.5756,-0.21944199999999997,0.021241999999999983,-0.06177900000000003
2015.5784,-0.21964499999999998,0.02305899999999994,-0.06512499999999999
2015.5811,-0.22341699999999998,0.021016999999999952,-0.06908099999999995
2015.5838,-0.22234399999999999,0.02361499999999994,-0.06936500000000001
2015.5866,-0.221958,0.022247999999999934,-0.06665900000000002
2015.5893,-0.22266799999999998,0.022009999999999974,-0.06303799999999993
2015.5921,-0.22300599999999998,0.022677999999999976,-0.05969899999999995
2015.5948,-0.22012500000000002,0.022259999999999946,-0.06858999999999993
2015.5975,-0.220866,0.022757999999999945,-0.06480200000000003
2015.6003,-0.22042499999999998,0.022433999999999954,-0.06349300000000002
2015.603,-0.22113299999999997,0.02144199999999996,-0.06499599999999994
2015.6057,-0.21913899999999997,0.02310699999999999,-0.06820399999999993
2015.6085,-0.21948499999999999,0.02319300000000002,-0.06315300000000001
2015.6112,-0.219497,0.022637000000000018,-0.06273299999999993
2015.614,-0.220918,0.023140999999999967,-0.06280200000000002
2015.6167,-0.220883,0.021591999999999945,-0.05985699999999994
2015.6194,-0.220431,0.022876000000000007,-0.064249
2015.6222,-0.22162500000000002,0.02311200000000002,-0.06207399999999996
2015.6249,-0.22198,0.022263000000000033,-0.060719999999999996
2015.6277,-0.22216599999999997,0.023494000000000015,-0.06784400000000002
2015.6304,-0.222047,0.021962000000000037,-0.06139300000000003
2015.6331,-0.22094999999999998,0.022182000000000035,-0.06359599999999999
2015.6359,-0.220343,0.02091999999999994,-0.06418099999999993
2015.6386,-0.22282799999999997,0.022563,-0.06602200000000003
2015.6413,-0.22334700000000002,0.022901999999999978,-0.06716699999999998
2015.6441,-0.22240899999999997,0.02360300000000004,-0.06650800000000001
2015.6468,-0.222271,0.02205999999999997,-0.060522999999999993
2015.6496,-0.222213,0.02100599999999997,-0.06573899999999999
2015.6523,-0.22349799999999997,0.021729,-0.062270999999999965
2015.655,-0.22371999999999997,0.01979900000000001,-0.06279800000000002
2015.6578,-0.22367900000000002,0.021093999999999946,-0.06215499999999996
2015.6605,-0.22273500000000002,0.019386000000000014,-0.059338
2015.6632,-0.22426000000000001,0.020630000000000037,-0.06285799999999997
2015.666,-0.22115600000000002,0.020089000000000024,-0.06409399999999998
2015.6687,-0.221852,0.02052799999999999,-0.06142099999999995
2015.6715,-0.22231800000000002,0.017988000000000004,-0.06633100000000003
2015.6742,-0.22021999999999997,0.020764000000000005,-0.06540499999999994
2015.6769,-0.221698,0.01799099999999998,-0.065473
2015.6797,-0.22177599999999997,0.01973999999999998,-0.063496
2015.6824,-0.222491,0.020842999999999945,-0.064797
2015.6851,-0.22331299999999998,0.02073400000000003,-0.06474199999999997
2015.6879,-0.223414,0.02136300000000002,-0.05999699999999997
2015.6906,-0.223346,0.01999200000000001,-0.056215000000000015
2015.6934,-0.221843,0.019836999999999994,-0.06056499999999998
2015.6961,-0.22188999999999998,0.022316000000000003,-0.06298599999999999
2015.6988,-0.22300199999999998,0.019947999999999966,-0.06068899999999999
2015.7016,-0.225825,0.02032999999999996,-0.057667000000000024
2015.7043,-0.224402,0.019545999999999952,-0.06735099999999994
2015.707,-0.22271799999999997,0.019571000000000005,-0.05949799999999994
2015.7098,-0.22374,0.019731999999999972,-0.06197200000000003
2015.7125,-0.224414,0.019011,-0.05967199999999995
2015.7153,-0.22358299999999998,0.01868000000000003,-0.06433699999999998
2015.718,-0.222779,0.01863400000000004,-0.05865599999999993
2015.7207,-0.225238,0.01699600000000001,-0.05899399999999999
2015.7235,-0.22401,0.018330999999999986,-0.05992299999999995
2015.7262,-0.223352,0.01789200000000002,-0.06223699999999999
2015.729,-0.22385699999999997,0.018006999999999995,-0.062338000000000005
2015.7317,-0.22500599999999998,0.016151999999999944,-0.06210199999999999
2015.7344,-0.22451699999999997,0.019152999999999976,-0.06451099999999999
2015.7372,-0.225001,0.016202999999999967,-0.06272100000000003
2015.7399,-0.22599799999999998,0.019733,-0.05927300000000002
2015.7426,-0.226225,0.018457999999999974,-0.063747
2015.7454,-0.22500799999999999,0.01824099999999995,-0.06013599999999997
2015.7481,-0.222856,0.01622699999999999,-0.06118099999999993
2015.7509,-0.22263,0.015155999999999947,-0.059628000000000014
2015.7536,-0.22379499999999997,0.017952999999999997,-0.05676999999999999
2015.7563,-0.223518,0.01837500000000003,-0.061172000000000004
2015.7591,-0.22218300000000002,0.01698999999999995,-0.06386800000000004
2015.7618,-0.22491,0.015785999999999967,-0.06109699999999996
2015.7645,-0.224285,0.016734999999999944,-0.06500699999999993
2015.7673,-0.224435,0.01636099999999996,-0.06084299999999998
2015.77,-0.22282799999999997,0.01714199999999999,-0.06461399999999995
2015.7728,-0.22337200000000001,0.017796000000000034,-0.06261899999999998
2015.7755,-0.22453099999999998,0.017178999999999944,-0.06248500000000001
2015.7782,-0.224066,0.015958000000000028,-0.05989599999999995
2015.781,-0.22449199999999997,0.016595999999999944,-0.05860799999999999
2015.7837,-0.22570800000000002,0.016680000000000028,-0.06450699999999998
2015.7864,-0.222287,0.01570499999999997,-0.06608899999999995
2015.7892,-0.223543,0.015656000000000003,-0.06083700000000003
2015.7919,-0.223638,0.016732999999999998,-0.060249
2015.7947,-0.222746,0.014792999999999945,-0.05886400000000003
2015.7974,-0.22344599999999998,0.014437999999999951,-0.06415199999999999
2015.8001,-0.22421999999999997,0.01406099999999999,-0.06171099999999996
2015.8029,-0.22279699999999997,0.014302000000000037,-0.064164
2015.8056,-0.22541899999999998,0.014866999999999964,-0.06192999999999993
2015.8084,-0.22527399999999997,0.015693999999999986,-0.06050999999999995
2015.8111,-0.224103,0.01568499999999995,-0.06212699999999993
2015.8138,-0.22405199999999997,0.016220000000000012,-0.064859
2015.8166,-0.223707,0.015449999999999964,-0.06456399999999995
2015.8193,-0.224325,0.015576999999999952,-0.06480200000000003
2015.822,-0.22418899999999997,0.015212000000000003,-0.06163399999999997
2015.8248,-0.225111,0.016058999999999934,-0.056508
2015.8275,-0.22554799999999997,0.01438600000000001,-0.06323800000000002
2015.8303,-0.22434700000000002,0.013858000000000037,-0.06241200000000002
2015.833,-0.22483599999999998,0.014286000000000021,-0.06365100000000001
2015.8357,-0.225086,0.01498199999999994,-0.06143999999999994
2015.8385,-0.224981,0.013533999999999935,-0.06191099999999994
2015.8412,-0.22419299999999998,0.014884000000000008,-0.06440800000000002
2015.8439,-0.22420400000000001,0.014913999999999983,-0.06557800000000003
2015.8467,-0.22559799999999997,0.015580999999999956,-0.06864300000000001
2015.8494,-0.22530899999999998,0.013950999999999936,-0.06727099999999997
2015.8522,-0.22586099999999998,0.014301000000000008,-0.06594100000000003
2015.8549,-0.223393,0.014147999999999938,-0.05800099999999997
2015.8576,-0.224937,0.013966999999999952,-0.06366700000000003
2015.8604,-0.227929,0.013653000000000026,-0.06858399999999998
2015.8631,-0.225974,0.014066000000000023,-0.06469899999999995
2015.8658,-0.22445700000000002,0.012550999999999979,-0.067851
2015.8686,-0.22452,0.013728999999999991,-0.06638299999999997
2015.8713,-0.22543399999999997,0.015449999999999964,-0.06154099999999996
2015.8741,-0.22455999999999998,0.013346999999999998,-0.06393700000000002
2015.8768,-0.225804,0.013815000000000022,-0.06452800000000003
2015.8795,-0.22607,0.015368999999999966,-0.06604999999999994
2015.8823,-0.22683199999999998,0.01420100000000002,-0.06937700000000002
2015.885,-0.22501899999999997,0.015010999999999997,-0.06272
2015.8877,-0.226472,0.015175999999999967,-0.06662899999999994
2015.8905,-0.226369,0.015290000000000026,-0.06483399999999995
2015.8932,-0.22599399999999997,0.01630100000000001,-0.06465199999999993
2015.896,-0.22532599999999997,0.016176999999999997,-0.06591199999999997
2015.8987,-0.226435,0.01464399999999999,-0.065917
2015.9014,-0.22623500000000002,0.014122999999999997,-0.06808799999999993
2015.9042,-0.22768299999999997,0.013844999999999996,-0.06716199999999994
2015.9069,-0.22652699999999998,0.013924999999999965,-0.06971799999999995
2015.9097,-0.22555799999999998,0.013117999999999963,-0.07106199999999996
2015.9124,-0.22528199999999998,0.012834000000000012,-0.068712
2015.9151,-0.224927,0.01240399999999997,-0.07286599999999999
2015.9179,-0.22709999999999997,0.014556000000000013,-0.06585399999999997
2015.9206,-0.22517199999999998,0.014730999999999939,-0.06616
2015.9233,-0.22445500000000002,0.013824999999999976,-0.06601999999999997
2015.9261,-0.226425,0.013981999999999939,-0.07165699999999997
2015.9288,-0.22455799999999998,0.01424000000000003,-0.070488
2015.9316,-0.22559799999999997,0.014631999999999978,-0.07125499999999996
2015.9343,-0.22608,0.013773000000000035,-0.06943500000000002
2015.937,-0.225827,0.013997000000000037,-0.06782900000000003
2015.9398,-0.226425,0.012518999999999947,-0.06808199999999998
2015.9425,-0.22750700000000001,0.015059999999999962,-0.06519699999999995
2015.9452,-0.227138,0.01392799999999994,-0.06689199999999995
2015.948,-0.226454,0.01369599999999993,-0.06454700000000002
2015.9507,-0.226234,0.013807000000000014,-0.06412499999999999
2015.9535,-0.22593799999999997,0.014010999999999996,-0.06715499999999996
2015.9562,-0.22634899999999997,0.015178000000000025,-0.06977699999999998
2015.9589,-0.22746499999999997,0.013965000000000005,-0.06853299999999996
2015.9617,-0.22835699999999998,0.014612999999999987,-0.06944899999999998
2015.9644,-0.22854199999999997,0.01476299999999997,-0.06754199999999999
2015.9671,-0.227607,0.014946000000000015,-0.06475500000000001
2015.9699,-0.228717,0.014167999999999958,-0.07167099999999993
2015.9726,-0.23032599999999998,0.013641000000000014,-0.06273600000000001
2015.9754,-0.230657,0.013322999999999974,-0.06061899999999998
2015.9781,-0.229837,0.014390000000000014,-0.06576899999999997
2015.9808,-0.22982999999999998,0.015662999999999982,-0.07044600000000001
2015.9836,-0.23045499999999997,0.01671199999999995,-0.07141600000000004
2015.9863,-0.22785,0.01585000000000003,-0.07086000000000003
2015.989,-0.22926000000000002,0.014824999999999977,-0.069276
2015.9918,-0.22991899999999998,0.01468999999999998,-0.07121100000000002
2015.9945,-0.22960199999999997,0.016576000000000035,-0.07146399999999997
2015.9973,-0.22811199999999998,0.015634999999999954,-0.06957099999999994
2016.0,-0.228537,0.015795000000000003,-0.07117600000000002
2016.0027,-0.228869,0.015236000000000027,-0.06762199999999996
2016.0055,-0.22973899999999997,0.013186999999999949,-0.06879800000000003
2016.0082,-0.23041,0.015301000000000009,-0.06520199999999998
2016.011,-0.231188,0.013597999999999999,-0.06574999999999998
2016.0137,-0.22989300000000001,0.01481599999999994,-0.06756299999999993
2016.0164,-0.23055799999999999,0.015036999999999967,-0.06418499999999994
2016.0192,-0.229277,0.014454999999999996,-0.06836799999999998
2016.0219,-0.22982999999999998,0.01408699999999996,-0.07178499999999999
2016.0246,-0.23099599999999998,0.015530999999999962,-0.07167699999999999
2016.0274,-0.231983,0.014257999999999993,-0.07611499999999993
2016.0301,-0.23070200000000002,0.01394200000000001,-0.07326500000000002
2016.0329,-0.230694,0.013795000000000002,-0.07030199999999998
2016.0356,-0.23107499999999997,0.013873999999999942,-0.06979199999999997
2016.0383,-0.23186400000000001,0.014317000000000024,-0.071291
2016.0411,-0.231493,0.014828999999999981,-0.06868699999999994
2016.0438,-0.231825,0.014409000000000005,-0.07172100000000003
2016.0465,-0.230869,0.014363000000000015,-0.07225399999999993
2016.0493,-0.23068299999999997,0.013264999999999971,-0.06864799999999993
2016.052,-0.231255,0.014178999999999942,-0.07474899999999995
2016.0548,-0.23147800000000002,0.014977999999999936,-0.07206899999999994
2016.0575,-0.231427,0.015024999999999955,-0.07531599999999994
2016.0602,-0.23079699999999997,0.014982999999999969,-0.06955
2016.063,-0.23181999999999997,0.014483000000000024,-0.07455599999999996
2016.0657,-0.23170599999999997,0.014786999999999995,-0.07294400000000001
2016.0684,-0.23110799999999998,0.014738000000000029,-0.07423599999999997
2016.0712,-0.23200700000000002,0.01441199999999998,-0.07608899999999996
2016.0739,-0.23333399999999999,0.013182000000000027,-0.07663399999999998
2016.0767,-0.233526,0.012951999999999964,-0.07349700000000003
2016.0794,-0.234732,0.013288999999999995,-0.072546
2016.0821,-0.235365,0.013888000000000011,-0.06648999999999994
2016.0849,-0.23471199999999998,0.013897999999999966,-0.06924200000000003
2016.0876,-0.23432199999999997,0.013743999999999978,-0.07350599999999996
2016.0903,-0.23285499999999998,0.015155999999999947,-0.07568299999999994
2016.0931,-0.23376999999999998,0.014940999999999982,-0.07580399999999998
2016.0958,-0.23470799999999997,0.01539899999999994,-0.08025300000000002
2016.0986,-0.23487199999999997,0.01612899999999995,-0.07986899999999997
2016.1013,-0.233939,0.013927000000000023,-0.07779000000000003
2016.104,-0.23527599999999999,0.015768000000000004,-0.07721999999999996
2016.1068,-0.236556,0.016337999999999964,-0.07602200000000003
2016.1095,-0.23494199999999998,0.015336000000000016,-0.07662199999999997
2016.1123,-0.23524699999999998,0.014758999999999967,-0.07892199999999994
2016.115,-0.234929,0.016198999999999963,-0.07600499999999999
2016.1177,-0.23469299999999998,0.01573800000000003,-0.079793
2016.1205,-0.23663299999999998,0.014645000000000019,-0.07823099999999994
2016.1232,-0.237661,0.016876000000000002,-0.07344399999999995
2016.1259,-0.23837999999999998,0.01597499999999996,-0.07222699999999993
2016.1287,-0.235531,0.015383000000000036,-0.06916500000000003
2016.1314,-0.23800300000000002,0.016388999999999987,-0.074264
2016.1342,-0.23818499999999998,0.013248000000000038,-0.07706999999999997
2016.1369,-0.23774299999999998,0.014546999999999977,-0.07352999999999998
2016.1396,-0.23709199999999997,0.015900000000000025,-0.072874
2016.1424,-0.23769400000000002,0.016537000000000024,-0.07491999999999999
2016.1451,-0.236497,0.01658000000000004,-0.07524200000000003
2016.1478,-0.23740299999999998,0.01583000000000001,-0.07743199999999995
2016.1506,-0.238359,0.015407999999999977,-0.07699100000000003
2016.1533,-0.23633700000000002,0.015521000000000007,-0.07551600000000003
2016.1561,-0.23678100000000002,0.01471699999999998,-0.07307600000000003
2016.1588,-0.237132,0.012898999999999994,-0.07470100000000002
2016.1615,-0.23628100000000002,0.013939999999999952,-0.07376300000000002
2016.1643,-0.23634099999999997,0.014170000000000016,-0.07305499999999998
2016.167,-0.237462,0.015120000000000022,-0.07435899999999995
2016.1697,-0.238551,0.01536700000000002,-0.07365500000000003
2016.1725,-0.23824499999999998,0.01388199999999995,-0.07052800000000004
2016.1752,-0.238435,0.01444499999999993,-0.07253399999999999
2016.178,-0.238803,0.014616999999999991,-0.07423099999999994
2016.1807,-0.236483,0.014417000000000013,-0.07161299999999993
2016.1834,-0.237773,0.014626000000000028,-0.07039099999999998
2016.1862,-0.238427,0.013932999999999973,-0.07455999999999996
2016.1889,-0.23749199999999998,0.013544,-0.07709299999999997
2016.1916,-0.23769200000000001,0.013546999999999976,-0.07234099999999999
2016.1944,-0.24041400000000002,0.014104000000000005,-0.07793499999999998
2016.1971,-0.239987,0.013757999999999937,-0.07759499999999997
2016.1999,-0.239979,0.01288800000000001,-0.07337199999999999
2016.2026,-0.23905700000000002,0.01389499999999999,-0.07733299999999999
2016.2053,-0.23661899999999997,0.015164999999999984,-0.07382599999999995
2016.2081,-0.23674,0.01547199999999993,-0.07387999999999995
2016.2108,-0.238979,0.017715000000000036,-0.07331900000000002
2016.2136,-0.240574,0.015705999999999998,-0.07386199999999998
2016.2163,-0.237836,0.015209999999999946,-0.07228599999999996
2016.219,-0.23871599999999998,0.01538600000000001,-0.073237
2016.2218,-0.24220999999999998,0.01445200000000002,-0.07657599999999998
2016.2245,-0.240348,0.01612099999999994,-0.07691700000000001
2016.2272,-0.241211,0.015272999999999981,-0.07806199999999996
2016.23,-0.24104199999999998,0.015874999999999972,-0.074627
2016.2327,-0.240599,0.017098999999999975,-0.07711400000000002
2016.2355,-0.24054799999999998,0.016244000000000036,-0.073013
2016.2382,-0.241091,0.016081000000000012,-0.06918199999999997
2016.2409,-0.242135,0.015229999999999966,-0.07116999999999996
2016.2437,-0.24080799999999997,0.01577099999999998,-0.07507200000000003
2016.2464,-0.240103,0.01699600000000001,-0.07199500000000003
2016.2491,-0.240344,0.01788999999999996,-0.07204500000000003
2016.2519,-0.24039099999999997,0.01732800000000001,-0.07194800000000001
2016.2546,-0.24120999999999998,0.017315999999999998,-0.07199599999999995
2016.2574,-0.24167499999999997,0.016593999999999998,-0.07243999999999995
2016.2601,-0.238161,0.016190000000000038,-0.07370199999999993
2016.2628,-0.240155,0.014807999999999932,-0.076426
2016.2656,-0.24127899999999997,0.016071999999999975,-0.07386399999999993
2016.2683,-0.241545,0.01635500000000001,-0.06973699999999994
2016.271,-0.24266500000000002,0.01722099999999993,-0.075125
2016.2738,-0.24201299999999998,0.018008000000000024,-0.07162099999999993
2016.2765,-0.242236,0.016154,-0.07412699999999994
2016.2793,-0.242195,0.016965000000000008,-0.073546
2016.282,-0.24115799999999998,0.015583999999999931,-0.07365599999999994
2016.2847,-0.244147,0.017792999999999948,-0.07169199999999998
2016.2875,-0.24261499999999997,0.016668000000000016,-0.07254700000000003
2016.2902,-0.241197,0.01771199999999995,-0.07588799999999996
2016.293,-0.240599,0.01835600000000004,-0.07198399999999994
2016.2957,-0.239894,0.017954999999999943,-0.07395200000000002
2016.2984,-0.24006899999999998,0.01712999999999998,-0.07165900000000003
2016.3012,-0.242599,0.01852599999999993,-0.06916599999999995
2016.3039,-0.24189499999999997,0.017920999999999965,-0.07312399999999997
2016.3066,-0.24185600000000002,0.01826899999999998,-0.07142599999999999
2016.3094,-0.240919,0.017348999999999948,-0.07914199999999993
2016.3121,-0.24233,0.017706,-0.07289499999999993
2016.3149,-0.24197999999999997,0.017800999999999956,-0.07845499999999994
2016.3176,-0.24290699999999998,0.017220000000000013,-0.07282599999999995
2016.3203,-0.24145,0.018460000000000032,-0.07236100000000001
2016.3231,-0.241545,0.020398999999999945,-0.07374199999999997
2016.3258,-0.24187399999999998,0.019052999999999987,-0.07665
2016.3285,-0.24084099999999997,0.016464000000000034,-0.07412200000000002
2016.3313,-0.241377,0.01915699999999998,-0.07590600000000003
2016.334,-0.244014,0.01985999999999999,-0.07180500000000001
2016.3368,-0.242442,0.01899200000000001,-0.07792900000000003
2016.3395,-0.24423699999999998,0.018212000000000006,-0.07182999999999995
2016.3422,-0.24318,0.017020000000000035,-0.07299599999999995
2016.345,-0.24286599999999997,0.017212000000000005,-0.073631
2016.3477,-0.243041,0.018475999999999937,-0.077538
2016.3504,-0.24313400000000002,0.018874999999999975,-0.07544499999999998
2016.3532,-0.24364599999999997,0.020711000000000035,-0.07507399999999997
2016.3559,-0.245104,0.019504999999999995,-0.076901
2016.3587,-0.244041,0.020824999999999982,-0.07708700000000002
2016.3614,-0.242537,0.01956800000000003,-0.07477699999999998
2016.3641,-0.243485,0.020011,-0.07445000000000002
2016.3669,-0.242718,0.018843999999999972,-0.08128499999999994
2016.3696,-0.243386,0.019908999999999955,-0.07606000000000002
2016.3723,-0.24269799999999997,0.020085999999999937,-0.07862999999999998
2016.3751,-0.24201299999999998,0.02043499999999998,-0.07943299999999998
2016.3778,-0.242898,0.02024300000000001,-0.07878099999999999
2016.3806,-0.24482399999999999,0.018703999999999943,-0.08043199999999995
2016.3833,-0.245963,0.02041499999999996,-0.07198399999999994
2016.386,-0.24570199999999998,0.02072699999999994,-0.08298099999999997
2016.3888,-0.243784,0.02146400000000004,-0.08282899999999993
2016.3915,-0.24432500000000001,0.020517000000000007,-0.071357
2016.3943,-0.24465399999999998,0.020465999999999984,-0.07650499999999993
2016.397,-0.24190899999999999,0.021935000000000038,-0.08211199999999996
2016.3997,-0.24506499999999998,0.021418999999999966,-0.08282800000000001
2016.4025,-0.24383100000000002,0.02150299999999994,-0.080843
2016.4052,-0.244581,0.022950000000000026,-0.07568600000000003
2016.4079,-0.24465599999999998,0.021612999999999993,-0.07646600000000003
2016.4107,-0.24482399999999999,0.02130299999999996,-0.08286499999999997
2016.4134,-0.245043,0.021286000000000027,-0.07852599999999998
2016.4162,-0.24387999999999999,0.021500999999999992,-0.07794299999999998
2016.4189,-0.244089,0.021796000000000038,-0.07353599999999993
2016.4216,-0.244724,0.02048899999999998,-0.07950299999999999
2016.4244,-0.24501499999999998,0.021591000000000027,-0.079677
2016.4271,-0.24446299999999999,0.02251700000000001,-0.07511299999999999
2016.4298,-0.243394,0.022726000000000024,-0.07605600000000001
2016.4326,-0.244052,0.022338999999999998,-0.07679199999999997
2016.4353,-0.243467,0.02115199999999995,-0.07675999999999994
2016.4381,-0.24430799999999997,0.022020999999999957,-0.075654
2016.4408,-0.24453599999999998,0.02231099999999997,-0.07235800000000003
2016.4435,-0.245687,0.02170799999999995,-0.07550999999999997
2016.4463,-0.244297,0.022830000000000017,-0.07865
2016.449,-0.243788,0.02311200000000002,-0.07862800000000003
2016.4517,-0.24256699999999998,0.02276900000000004,-0.07644699999999993
2016.4545,-0.245276,0.021101999999999954,-0.07201099999999994
2016.4572,-0.244297,0.023919000000000024,-0.07505600000000001
2016.46,-0.24436799999999997,0.02141700000000002,-0.074206
2016.4627,-0.246276,0.02285399999999993,-0.080511
2016.4654,-0.244529,0.023116000000000025,-0.08049499999999998
2016.4682,-0.24331799999999998,0.02306699999999995,-0.070237
2016.4709,-0.24379499999999998,0.022858999999999963,-0.07639600000000002
2016.4736,-0.24299500000000002,0.023977999999999944,-0.073079
2016.4764,-0.243645,0.02221300000000004,-0.07632799999999995
2016.4791,-0.245166,0.022060999999999997,-0.07704599999999995
2016.4819,-0.24234299999999998,0.022573999999999983,-0.06985799999999998
2016.4846,-0.243164,0.024213999999999958,-0.07023499999999994
2016.4873,-0.24308599999999997,0.024579000000000018,-0.07124600000000003
2016.4901,-0.24381399999999998,0.025635999999999992,-0.07622499999999999
2016.4928,-0.24314999999999998,0.023917999999999995,-0.07484899999999994
2016.4956,-0.24255100000000002,0.023796999999999957,-0.07571899999999998
2016.4983,-0.24341799999999997,0.024388999999999994,-0.07480299999999995
2016.501,-0.242877,0.022560999999999942,-0.07298700000000002
2016.5038,-0.24387999999999999,0.023276999999999992,-0.07535099999999995
2016.5065,-0.24376799999999998,0.022863999999999995,-0.07456799999999997
2016.5092,-0.24438100000000001,0.024274000000000018,-0.06974499999999995
2016.512,-0.24479099999999998,0.023851999999999984,-0.07259899999999997
2016.5147,-0.24375599999999997,0.02282099999999998,-0.07717399999999996
2016.5175,-0.244379,0.02221200000000001,-0.07791700000000001
2016.5202,-0.24163,0.023838000000000026,-0.07856299999999994
2016.5229,-0.243126,0.022101999999999955,-0.07494899999999993
2016.5257,-0.245002,0.022127000000000008,-0.07536900000000002
2016.5284,-0.244726,0.02140399999999998,-0.07356499999999999
2016.5311,-0.24357099999999998,0.023012000000000032,-0.07682100000000003
2016.5339,-0.242794,0.023936999999999986,-0.07367899999999994
2016.5366,-0.24357600000000001,0.024124999999999952,-0.07461099999999998
2016.5394,-0.244309,0.022611999999999965,-0.07195699999999994
2016.5421,-0.243904,0.024074999999999958,-0.06970999999999994
2016.5448,-0.24364599999999997,0.022818000000000005,-0.078322
2016.5476,-0.243562,0.02422599999999997,-0.07692299999999996
2016.5503,-0.246025,0.02428600000000003,-0.07587999999999995
2016.553,-0.243157,0.023719999999999963,-0.072716
2016.5558,-0.244267,0.023339,-0.07633000000000001
2016.5585,-0.24501699999999998,0.02315900000000004,-0.07349799999999995
2016.5613,-0.244819,0.022446999999999995,-0.07381099999999996
2016.564,-0.24477899999999997,0.023340999999999945,-0.07605899999999999
2016.5667,-0.244147,0.023990999999999985,-0.07976799999999995
2016.5695,-0.243653,0.02423200000000003,-0.07453699999999996
2016.5722,-0.24341599999999997,0.02358300000000002,-0.06879000000000002
2016.5749,-0.242151,0.023944999999999994,-0.07470299999999996
2016.5777,-0.242286,0.023764000000000007,-0.07225799999999993
2016.5804,-0.24333,0.023507999999999973,-0.06732499999999997
2016.5832,-0.24347799999999997,0.02449699999999999,-0.07704500000000003
2016.5859,-0.24394899999999997,0.024846999999999952,-0.07187999999999994
2016.5886,-0.24479099999999998,0.023491999999999957,-0.07200899999999999
2016.5914,-0.24478099999999997,0.023334999999999995,-0.07760599999999995
2016.5941,-0.24379,0.021911000000000014,-0.07683699999999993
2016.5969,-0.243597,0.02166899999999994,-0.07348699999999997
2016.5996,-0.246209,0.021894999999999998,-0.07386799999999993
2016.6023,-0.244826,0.02327199999999996,-0.07338599999999995
2016.6051,-0.24577100000000002,0.020464999999999955,-0.07264700000000002
2016.6078,-0.24553599999999998,0.021199999999999997,-0.07564399999999993
2016.6105,-0.24293399999999998,0.020931000000000033,-0.07580900000000002
2016.6133,-0.24440299999999998,0.022375000000000034,-0.07651799999999997
2016.616,-0.24467699999999998,0.02183400000000002,-0.07352999999999998
2016.6188,-0.246606,0.02083199999999996,-0.07455299999999998
2016.6215,-0.24567699999999998,0.021504999999999996,-0.07567599999999997
2016.6242,-0.24539,0.021911000000000014,-0.07922299999999993
2016.627,-0.244543,0.024282000000000026,-0.07227700000000004
2016.6297,-0.24601099999999998,0.023312,-0.07088799999999995
2016.6324,-0.244892,0.023602000000000012,-0.07029200000000002
2016.6352,-0.246128,0.021541000000000032,-0.07193700000000003
2016.6379,-0.246863,0.022208000000000006,-0.06773799999999996
2016.6407,-0.24453599999999998,0.022919000000000023,-0.06906499999999993
2016.6434,-0.244614,0.020969000000000015,-0.07510099999999997
2016.6461,-0.24507299999999999,0.021942000000000017,-0.07300699999999993
2016.6489,-0.24419999999999997,0.023328000000000015,-0.07531299999999996
2016.6516,-0.244494,0.02312599999999998,-0.070909
2016.6543,-0.24251,0.020967999999999987,-0.07236599999999993
2016.6571,-0.24462,0.021722999999999937,-0.07419999999999993
2016.6598,-0.244606,0.022089999999999943,-0.076735
2016.6626,-0.24387199999999998,0.021567000000000003,-0.07187999999999994
2016.6653,-0.245319,0.020969000000000015,-0.07212699999999994
2016.668,-0.246892,0.02063999999999999,-0.07416599999999995
2016.6708,-0.24528299999999997,0.019567,-0.06836799999999998
2016.6735,-0.24624400000000002,0.018979999999999997,-0.07006400000000002
2016.6762,-0.24645499999999998,0.01981199999999994,-0.07078899999999999
2016.679,-0.24416699999999997,0.020321000000000033,-0.07062099999999993
2016.6817,-0.24530999999999997,0.02063399999999993,-0.07021500000000003
2016.6845,-0.24632300000000001,0.020584999999999964,-0.07602799999999998
2016.6872,-0.246985,0.021506999999999943,-0.075098
2016.6899,-0.24692599999999998,0.019106999999999985,-0.07239399999999996
2016.6927,-0.246172,0.019455,-0.07528299999999999
2016.6954,-0.246923,0.01971999999999996,-0.07661799999999996
2016.6982,-0.24689699999999998,0.018803000000000014,-0.06420700000000001
2016.7009,-0.24671899999999997,0.019830000000000014,-0.07512299999999994
2016.7036,-0.245465,0.019345999999999974,-0.073546
2016.7064,-0.24415599999999998,0.01943600000000001,-0.06835999999999998
2016.7091,-0.247782,0.01907800000000004,-0.07905799999999996
2016.7118,-0.246359,0.016962000000000033,-0.07394599999999996
2016.7146,-0.245867,0.017952999999999997,-0.07221900000000003
2016.7173,-0.24645099999999998,0.018298000000000036,-0.07012600000000002
2016.7201,-0.24586799999999998,0.017893999999999965,-0.07371499999999997
2016.7228,-0.24758199999999997,0.01842100000000002,-0.06686700000000001
2016.7255,-0.24761299999999997,0.017773999999999957,-0.073824
2016.7283,-0.245718,0.017033999999999994,-0.07241699999999995
2016.731,-0.24699100000000002,0.017390000000000017,-0.07253999999999994
2016.7337,-0.24812299999999998,0.018476999999999966,-0.07461799999999996
2016.7365,-0.246946,0.016622000000000026,-0.07362800000000003
2016.7392,-0.24689099999999997,0.017225999999999964,-0.07409999999999994
2016.742,-0.24678299999999997,0.01592199999999999,-0.07059099999999996
2016.7447,-0.24734499999999998,0.017087999999999992,-0.07616499999999993
2016.7474,-0.24809799999999999,0.01757299999999995,-0.07669000000000004
2016.7502,-0.24898900000000002,0.015957,-0.07758799999999999
2016.7529,-0.248654,0.015920999999999963,-0.07353399999999999
2016.7556,-0.24780799999999997,0.015592999999999968,-0.07089400000000001
2016.7584,-0.247118,0.015347,-0.070739
2016.7611,-0.24783,0.016315999999999997,-0.070909
2016.7639,-0.24822499999999997,0.016550999999999982,-0.07058699999999996
2016.7666,-0.248722,0.016993000000000036,-0.07481899999999997
2016.7693,-0.248498,0.01580400000000004,-0.07218099999999994
2016.7721,-0.24784,0.015490000000000004,-0.074013
2016.7748,-0.247463,0.01622199999999996,-0.07365199999999994
2016.7775,-0.24811699999999998,0.016483000000000025,-0.07266399999999995
2016.7803,-0.24837700000000001,0.015784999999999938,-0.07030700000000001
2016.783,-0.24910699999999997,0.015168999999999988,-0.07062400000000002
2016.7858,-0.24865900000000002,0.016379000000000032,-0.06975500000000001
2016.7885,-0.247925,0.016025999999999985,-0.06854300000000002
2016.7912,-0.247452,0.015580999999999956,-0.06928000000000001
2016.794,-0.24937199999999998,0.015436000000000005,-0.06647099999999995
2016.7967,-0.248751,0.014951999999999965,-0.06950599999999996
2016.7995,-0.248164,0.016603000000000034,-0.07587599999999994
2016.8022,-0.24879800000000002,0.016437000000000035,-0.07614100000000001
2016.8049,-0.2476,0.01643399999999995,-0.07391499999999995
2016.8077,-0.248944,0.01592300000000002,-0.07267199999999996
2016.8104,-0.247017,0.01617400000000002,-0.07026100000000002
2016.8131,-0.250318,0.019172999999999996,-0.07107200000000002
2016.8159,-0.248905,0.017396999999999996,-0.07720499999999997
2016.8186,-0.248656,0.01576299999999997,-0.07711099999999993
2016.8214,-0.251294,0.016402000000000028,-0.07589299999999999
2016.8241,-0.24938699999999997,0.01602199999999998,-0.07017699999999993
2016.8268,-0.24786999999999998,0.016944999999999988,-0.07069700000000001
2016.8296,-0.249956,0.016973000000000016,-0.07910399999999995
2016.8323,-0.24938,0.01608299999999996,-0.07335599999999998
2016.835,-0.250928,0.01584399999999997,-0.07303899999999997
2016.8378,-0.248707,0.014158000000000004,-0.079673
2016.8405,-0.248846,0.014954000000000023,-0.08021400000000001
2016.8433,-0.24698799999999999,0.015541000000000027,-0.07963500000000001
2016.846,-0.247276,0.014189000000000007,-0.07503399999999993
2016.8487,-0.24827499999999997,0.014394000000000018,-0.07527899999999998
2016.8515,-0.24782899999999997,0.014908000000000032,-0.07643599999999995
2016.8542,-0.247799,0.015480999999999967,-0.07738400000000001
2016.8569,-0.248817,0.014626999999999946,-0.07542599999999999
2016.8597,-0.24956099999999998,0.01420699999999997,-0.07562400000000002
2016.8624,-0.247305,0.014127,-0.07872499999999993
2016.8652,-0.248768,0.01499499999999998,-0.07331100000000002
2016.8679,-0.247851,0.013890999999999987,-0.07692100000000002
2016.8706,-0.24920599999999998,0.01489600000000002,-0.08055099999999993
2016.8734,-0.249548,0.014983999999999997,-0.077909
2016.8761,-0.24911699999999998,0.014595999999999942,-0.07350999999999996
2016.8789,-0.248979,0.013935999999999948,-0.07123800000000002
2016.9199,-0.25161,0.01429999999999998,-0.07936399999999999
2016.9227,-0.250583,0.013101999999999947,-0.07896799999999993
2016.9254,-0.24983699999999998,0.014495000000000036,-0.07520899999999997
2016.9281,-0.252152,0.014367000000000019,-0.077789
2016.9309,-0.251628,0.014367000000000019,-0.07564799999999994
2016.9336,-0.253067,0.013977000000000017,-0.08154899999999998
2016.9363,-0.25002599999999997,0.015807999999999933,-0.07975999999999994
2016.9391,-0.250212,0.016410000000000036,-0.08079199999999997
2016.9418,-0.251027,0.014634000000000036,-0.07706400000000002
2016.9446,-0.250875,0.014015,-0.07734799999999997
2016.9473,-0.252108,0.014325000000000032,-0.07565599999999995
2016.95,-0.252627,0.01427299999999998,-0.07591999999999999
2016.9528,-0.252149,0.015394999999999937,-0.07560100000000003
2016.9555,-0.252027,0.014854000000000034,-0.07531599999999994
2016.9582,-0.253346,0.015430999999999973,-0.06913000000000002
2016.961,-0.252198,0.01484299999999994,-0.077619
2016.9637,-0.25265,0.014523999999999981,-0.07959300000000002
2016.9665,-0.25281,0.013429999999999942,-0.08186499999999997
2016.9692,-0.253433,0.013453999999999966,-0.08079199999999997
2016.9719,-0.25432,0.013668000000000013,-0.07571300000000003
2016.9747,-0.254066,0.013336999999999932,-0.079009
2016.9774,-0.253065,0.013016000000000028,-0.07810799999999996
2016.9802,-0.25440599999999997,0.012973000000000012,-0.07707900000000001
2016.9829,-0.25454899999999997,0.012962000000000029,-0.07740499999999995
2016.9856,-0.253967,0.013481999999999994,-0.07908700000000002
2016.9884,-0.253459,0.013677999999999968,-0.08370199999999994
2016.9911,-0.25368799999999997,0.012232999999999938,-0.08326199999999995
2016.9938,-0.252257,0.014015,-0.08315099999999997
2016.9966,-0.254663,0.011838999999999933,-0.07856099999999999
2016.9993,-0.254347,0.013363999999999931,-0.07560800000000001
2017.0021,-0.255718,0.012533999999999934,-0.07576799999999995
2017.0048,-0.256424,0.013267000000000029,-0.07858900000000002
2017.0075,-0.254834,0.014394000000000018,-0.08080399999999999
2017.0103,-0.254543,0.01248399999999994,-0.080202
2017.013,-0.256003,0.013365999999999989,-0.081565
2017.0157,-0.255568,0.012676999999999938,-0.07766299999999993
2017.0185,-0.256073,0.014398000000000022,-0.08020499999999997
2017.0212,-0.255735,0.014697999999999989,-0.08383499999999999
2017.024,-0.257308,0.01344500000000004,-0.07721699999999998
2017.0267,-0.255869,0.014521000000000006,-0.08031999999999995
2017.0294,-0.25586,0.015124000000000026,-0.07458699999999996
2017.0322,-0.25623799999999997,0.015012999999999943,-0.08408399999999994
2017.0349,-0.254505,0.014051999999999953,-0.08231199999999994
2017.0376,-0.25402199999999997,0.01514099999999996,-0.08123400000000003
2017.0404,-0.25526899999999997,0.015220000000000011,-0.08009900000000003
2017.0431,-0.255647,0.014302999999999955,-0.07915700000000003
2017.0459,-0.25737899999999997,0.014236000000000026,-0.084503
2017.0486,-0.256699,0.013453999999999966,-0.08094299999999999
2017.0513,-0.25815499999999997,0.014488999999999974,-0.08061200000000002
2017.0541,-0.256284,0.014144999999999963,-0.07142399999999993
2017.0568,-0.257689,0.014363000000000015,-0.07485900000000001
2017.0595,-0.255971,0.015519999999999978,-0.07255299999999998
2017.0623,-0.25627,0.01643899999999998,-0.079256
2017.065,-0.257158,0.01577099999999998,-0.08281899999999998
2017.0678,-0.257304,0.015687000000000006,-0.08878799999999998
2017.0705,-0.257339,0.015728999999999993,-0.08895900000000001
2017.0732,-0.256999,0.015851999999999977,-0.09323899999999996
2017.076,-0.256359,0.016815000000000024,-0.09519599999999995
2017.0787,-0.257212,0.016714000000000007,-0.089283
2017.0815,-0.257146,0.016888999999999932,-0.08562700000000001
2017.0842,-0.25893099999999997,0.016317000000000026,-0.085036
2017.0869,-0.25826499999999997,0.015122999999999998,-0.08558299999999996
2017.0897,-0.258225,0.016811999999999938,-0.084206
2017.0924,-0.259474,0.01720900000000003,-0.08431999999999995
2017.0951,-0.256761,0.016792999999999947,-0.08441999999999994
2017.0979,-0.257977,0.01721600000000001,-0.08379700000000001
2017.1006,-0.258571,0.017145999999999995,-0.08489499999999994
2017.1034,-0.259165,0.014521000000000006,-0.08385599999999993
2017.1061,-0.256897,0.016166000000000014,-0.08287900000000004
2017.1088,-0.257281,0.01666499999999993,-0.08339799999999997
2017.1116,-0.25847,0.015581999999999985,-0.08128599999999997
2017.1143,-0.260039,0.017966999999999955,-0.08152199999999998
2017.117,-0.25931899999999997,0.01663099999999995,-0.08836500000000003
2017.1198,-0.260326,0.01582300000000003,-0.08866600000000002
2017.1225,-0.259688,0.015500999999999987,-0.08655400000000002
2017.1253,-0.259934,0.01447900000000002,-0.08338499999999993
2017.128,-0.260649,0.014479999999999937,-0.07887900000000003
2017.1307,-0.25937699999999997,0.015089000000000019,-0.07673399999999997
2017.1335,-0.261214,0.01382899999999998,-0.07755400000000001
2017.1362,-0.25961,0.01441300000000001,-0.08194999999999997
2017.1389,-0.258421,0.01576500000000003,-0.08583200000000002
2017.1417,-0.262264,0.019179999999999975,-0.10557899999999998
2017.1444,-0.259553,0.01596200000000003,-0.09064499999999998
2017.1472,-0.260216,0.015313000000000021,-0.09087100000000004
2017.1499,-0.259542,0.015170999999999935,-0.09160499999999994
2017.1526,-0.25948499999999997,0.016436000000000006,-0.090727
2017.1554,-0.259121,0.015755999999999992,-0.08461399999999997
2017.1581,-0.259531,0.015580999999999956,-0.08368699999999996
2017.1608,-0.260044,0.015475000000000017,-0.09045999999999998
2017.1636,-0.259106,0.01614899999999997,-0.09209899999999993
2017.1663,-0.257749,0.017457999999999974,-0.09102699999999997
2017.1691,-0.258192,0.01597700000000002,-0.09026
2017.1718,-0.25765299999999997,0.01564500000000002,-0.08566399999999996
2017.1745,-0.256826,0.014494000000000007,-0.08298300000000003
2017.1773,-0.259302,0.013371000000000022,-0.08878799999999998
2017.18,-0.259447,0.015060999999999991,-0.09157099999999996
2017.1828,-0.260974,0.014894999999999992,-0.092831
2017.1855,-0.260535,0.01664599999999994,-0.090314
2017.1882,-0.259701,0.016939999999999955,-0.09151599999999993
2017.191,-0.259742,0.016649999999999943,-0.09320600000000001
2017.1937,-0.25877,0.015391999999999961,-0.08308899999999997
2017.1964,-0.260566,0.015894999999999992,-0.088368
2017.1992,-0.260359,0.015599999999999947,-0.08546900000000002
2017.2019,-0.260725,0.017289,-0.08656600000000003
2017.2047,-0.26148,0.015255000000000019,-0.08018899999999995
2017.2074,-0.26203,0.015197999999999934,-0.08218000000000003
2017.2101,-0.261475,0.01586299999999996,-0.086588
2017.2129,-0.261569,0.015251999999999932,-0.08678299999999994
2017.2156,-0.26209,0.015753000000000017,-0.086893
2017.2183,-0.261382,0.016236000000000028,-0.08592900000000003
2017.2211,-0.263747,0.015500999999999987,-0.08450099999999994
2017.2238,-0.26264,0.017252999999999963,-0.08429900000000001
2017.2266,-0.262778,0.017603000000000035,-0.09132200000000001
2017.2293,-0.263316,0.01563899999999996,-0.08419699999999997
2017.232,-0.263908,0.017011,-0.087588
2017.2348,-0.265188,0.01630200000000004,-0.08114900000000003
2017.2375,-0.26426499999999997,0.018737000000000004,-0.08551999999999993
2017.2402,-0.263274,0.017357999999999985,-0.08874300000000002
2017.243,-0.26448099999999997,0.017240000000000033,-0.08210600000000001
2017.2457,-0.262118,0.016059999999999963,-0.081932
2017.2485,-0.262535,0.015464000000000033,-0.08590500000000001
2017.2512,-0.263775,0.016800999999999955,-0.08824599999999994
2017.2539,-0.264794,0.016364999999999963,-0.08355999999999997
2017.2567,-0.26470499999999997,0.016939999999999955,-0.08410499999999999
2017.2594,-0.263035,0.01844199999999996,-0.08532200000000001
2017.2621,-0.26315299999999997,0.016622999999999943,-0.08988099999999999
2017.2649,-0.264312,0.018297000000000008,-0.08446299999999995
2017.2676,-0.268132,0.01508799999999999,-0.09193200000000001
2017.2704,-0.26459099999999997,0.018390000000000017,-0.08864899999999998
2017.2731,-0.26454099999999997,0.017928999999999973,-0.08875
2017.2758,-0.26359899999999997,0.01860600000000001,-0.08573799999999998
2017.2786,-0.263444,0.01808299999999996,-0.09138899999999994
2017.2813,-0.263992,0.020004000000000022,-0.09285100000000002
2017.2841,-0.264982,0.01860099999999998,-0.08956799999999998
2017.2868,-0.263733,0.01866599999999996,-0.08892900000000004
2017.2895,-0.26323,0.017927999999999944,-0.08787500000000004
2017.2923,-0.262167,0.018522999999999956,-0.08629200000000004
2017.295,-0.26256599999999997,0.01686999999999994,-0.07968699999999995
2017.2977,-0.26375,0.017315999999999998,-0.09401499999999996
2017.3005,-0.264464,0.019386999999999932,-0.08971799999999996
2017.3032,-0.26542499999999997,0.017815000000000025,-0.08619199999999994
2017.306,-0.26431699999999997,0.016766999999999976,-0.08972400000000003
2017.3087,-0.265001,0.017352000000000034,-0.08593099999999998
2017.3114,-0.26698,0.019213000000000036,-0.08507200000000004
2017.3142,-0.26606599999999997,0.019417999999999935,-0.08524699999999996
2017.3169,-0.267069,0.017827999999999955,-0.08799299999999999
2017.3196,-0.267032,0.017661999999999956,-0.08791300000000002
2017.3224,-0.265795,0.016782999999999992,-0.08774199999999999
2017.3251,-0.265644,0.018584999999999963,-0.08856200000000003
2017.3279,-0.266182,0.019039000000000028,-0.08914100000000003
2017.3306,-0.265982,0.018298000000000036,-0.08931299999999998
2017.3333,-0.2675,0.01810999999999996,-0.08701999999999999
2017.3361,-0.265258,0.018164999999999987,-0.08688200000000001
2017.3388,-0.266138,0.019371000000000027,-0.08859799999999995
2017.3415,-0.267331,0.019046000000000007,-0.08363799999999999
2017.3443,-0.266244,0.019637999999999933,-0.08821400000000001
2017.347,-0.266434,0.018423999999999996,-0.086835
2017.3498,-0.266872,0.018795000000000006,-0.09008799999999995
2017.3525,-0.268473,0.01863300000000001,-0.08840799999999993
2017.3552,-0.26711799999999997,0.018197999999999936,-0.08817699999999995
2017.358,-0.266884,0.01999200000000001,-0.09346399999999999
2017.3607,-0.265501,0.019934000000000007,-0.09268100000000001
2017.3634,-0.267236,0.019565999999999972,-0.08692900000000003
2017.3662,-0.267694,0.019635999999999987,-0.08984499999999995
2017.3689,-0.267834,0.01903699999999997,-0.09063399999999999
2017.3717,-0.268575,0.01819000000000004,-0.09234699999999996
2017.3744,-0.267503,0.018886999999999987,-0.08968199999999993
2017.3771,-0.267747,0.01985400000000004,-0.08692900000000003
2017.3799,-0.267652,0.02066000000000001,-0.09081600000000001
2017.3826,-0.26782,0.021394999999999942,-0.08789499999999995
2017.3854,-0.267353,0.020835999999999966,-0.089584
2017.3881,-0.267078,0.020818000000000003,-0.08679799999999993
2017.3908,-0.266547,0.02046799999999993,-0.08865
2017.3936,-0.268442,0.019558999999999993,-0.07931500000000002
2017.3963,-0.267931,0.02082099999999998,-0.08575100000000002
2017.399,-0.267697,0.020688999999999957,-0.08530799999999994
2017.4018,-0.26778599999999997,0.021938000000000013,-0.08811199999999997
2017.4045,-0.269512,0.020688999999999957,-0.08359099999999997
2017.4073,-0.266641,0.021730000000000027,-0.08650899999999995
2017.41,-0.267337,0.020782999999999996,-0.08721499999999993
2017.4127,-0.268958,0.02083299999999999,-0.087623
2017.4155,-0.268289,0.02087300000000003,-0.08913599999999999
2017.4182,-0.268801,0.020372999999999974,-0.08628499999999995
2017.4209,-0.269466,0.019286999999999943,-0.086862
2017.4237,-0.267471,0.019517000000000007,-0.07992199999999994
2017.4264,-0.268794,0.021857999999999933,-0.08655099999999993
2017.4292,-0.268071,0.02013200000000004,-0.08561799999999997
2017.4319,-0.26821,0.020969000000000015,-0.08646500000000001
2017.4346,-0.267929,0.020730000000000026,-0.08499000000000001
2017.4374,-0.269329,0.019257999999999997,-0.081507
2017.4401,-0.269429,0.021038,-0.08228599999999997
2017.4428,-0.267282,0.020662999999999987,-0.08756399999999998
2017.4456,-0.269026,0.020731999999999973,-0.08495299999999995
2017.4483,-0.268276,0.02129099999999995,-0.080731
2017.4511,-0.268305,0.020788999999999946,-0.08102799999999999
2017.4538,-0.269628,0.020631999999999984,-0.08647499999999997
2017.4565,-0.268685,0.02170899999999998,-0.09013799999999994
2017.4593,-0.27011599999999997,0.021583999999999937,-0.08082599999999995
2017.462,-0.265553,0.018923000000000023,-0.079098
2017.4648,-0.269956,0.021711999999999954,-0.08696599999999999
2017.4675,-0.268642,0.02050099999999999,-0.08701799999999993
2017.4702,-0.269416,0.020946999999999938,-0.08560699999999999
2017.473,-0.269983,0.021506000000000025,-0.08502699999999996
2017.4757,-0.270133,0.02350299999999994,-0.08865699999999999
2017.4784,-0.267976,0.024066000000000032,-0.09134500000000001
2017.4812,-0.268675,0.021050000000000013,-0.08789199999999997
2017.4839,-0.269236,0.021042000000000005,-0.08459799999999995
2017.4867,-0.268888,0.021066999999999947,-0.08625399999999994
2017.4894,-0.268806,0.022631999999999985,-0.08441199999999993
2017.4921,-0.269891,0.020953,-0.08645199999999997
2017.4949,-0.268605,0.020363999999999938,-0.08404899999999993
2017.4976,-0.26943,0.022364999999999968,-0.08743499999999993
2017.5003,-0.27036,0.022371999999999947,-0.08335899999999996
2017.5031,-0.269849,0.02329099999999995,-0.08741299999999996
2017.5058,-0.267356,0.02105099999999993,-0.08515899999999998
2017.5086,-0.267679,0.02268199999999998,-0.0816
2017.5113,-0.269263,0.022452999999999945,-0.09162399999999993
2017.514,-0.267793,0.02296799999999999,-0.08721199999999996
2017.5168,-0.264171,0.021537999999999946,-0.08151799999999998
2017.5195,-0.266706,0.022425999999999946,-0.082179
2017.5222,-0.268914,0.022446999999999995,-0.08154799999999995
2017.525,-0.26776099999999997,0.021343,-0.08068799999999998
2017.5277,-0.269855,0.022587000000000024,-0.08568100000000001
2017.5305,-0.26923199999999997,0.023541000000000034,-0.08908300000000002
2017.5332,-0.270112,0.02172200000000002,-0.08318899999999996
2017.5359,-0.26959299999999997,0.023863999999999996,-0.08360499999999993
2017.5387,-0.269767,0.02242299999999997,-0.08322399999999996
2017.5414,-0.270635,0.023446999999999996,-0.08108399999999993
2017.5441,-0.269029,0.023290000000000033,-0.08385100000000001
2017.5469,-0.269036,0.022915999999999936,-0.09190100000000001
2017.5496,-0.26837099999999997,0.02407999999999999,-0.08804299999999998
2017.5524,-0.271715,0.02319300000000002,-0.07924299999999995
2017.5551,-0.270075,0.023093999999999948,-0.08872499999999994
2017.5578,-0.270263,0.023407999999999984,-0.08324699999999996
2017.5606,-0.270318,0.022050000000000014,-0.08299299999999998
2017.5633,-0.271536,0.023140999999999967,-0.08465199999999995
2017.5661,-0.269299,0.02311200000000002,-0.08566200000000002
2017.5688,-0.270698,0.02321200000000001,-0.08290900000000001
2017.5715,-0.271835,0.023492999999999986,-0.08506899999999995
2017.5743,-0.269608,0.02304600000000001,-0.08567400000000003
2017.577,-0.269303,0.023577999999999988,-0.08908899999999997
2017.5797,-0.269596,0.021884000000000015,-0.08739799999999998
2017.5825,-0.269702,0.022001999999999966,-0.08423400000000003
2017.5852,-0.268785,0.02303900000000003,-0.07608300000000001
2017.588,-0.27032,0.02325100000000002,-0.07963999999999993
2017.5907,-0.269017,0.021472999999999964,-0.08270500000000003
2017.5934,-0.26892299999999997,0.021460999999999952,-0.07789000000000001
2017.5962,-0.268821,0.021359000000000017,-0.07844099999999998
2017.5989,-0.27014699999999997,0.022726000000000024,-0.07781399999999994
2017.6016,-0.271162,0.02108500000000002,-0.08509199999999995
2017.6044,-0.269607,0.022414999999999963,-0.079214
2017.6071,-0.268542,0.022233999999999976,-0.08207500000000001
2017.6099,-0.269595,0.020132999999999956,-0.08103899999999997
2017.6126,-0.269586,0.020098999999999978,-0.084511
2017.6153,-0.27092099999999997,0.020774999999999988,-0.083654
2017.6181,-0.269568,0.02107300000000001,-0.07839799999999997
2017.6208,-0.270887,0.020004000000000022,-0.0816
2017.6235,-0.270988,0.019930000000000003,-0.08393099999999998
2017.6263,-0.27044799999999997,0.01983199999999996,-0.08053699999999997
2017.629,-0.272159,0.02129800000000004,-0.08112200000000003
2017.6318,-0.269229,0.02123699999999995,-0.08358999999999994
2017.6345,-0.27047699999999997,0.02174100000000001,-0.083125
2017.6372,-0.269878,0.020652000000000004,-0.082318
2017.64,-0.269738,0.020942000000000016,-0.08173299999999994
2017.6427,-0.271318,0.020429999999999948,-0.08133400000000002
2017.6454,-0.272099,0.02029599999999998,-0.079314
2017.6482,-0.27192299999999997,0.01987799999999995,-0.08486899999999997
2017.6509,-0.270386,0.021031000000000022,-0.08308099999999996
2017.6537,-0.272176,0.020038,-0.08211199999999996
2017.6564,-0.272356,0.019151999999999947,-0.08339099999999999
2017.6591,-0.271917,0.019610999999999934,-0.08142399999999994
2017.6619,-0.273054,0.01941000000000004,-0.07884999999999998
2017.6646,-0.271746,0.020294999999999952,-0.07881799999999994
2017.6674,-0.271635,0.020618999999999943,-0.068778
2017.6701,-0.271072,0.017641999999999936,-0.08222600000000002
2017.6728,-0.27100799999999997,0.02186100000000002,-0.08197599999999994
2017.6756,-0.271482,0.01839499999999994,-0.07749699999999993
2017.6783,-0.272292,0.01932900000000004,-0.082013
2017.681,-0.271624,0.017406000000000033,-0.079071
2017.6838,-0.271852,0.019232000000000027,-0.07658900000000002
2017.6865,-0.271885,0.018133999999999983,-0.08077699999999999
2017.6893,-0.269657,0.018689999999999984,-0.08175299999999996
2017.692,-0.271581,0.018791000000000002,-0.07858299999999996
2017.6947,-0.27385,0.01567799999999997,-0.07762000000000002
2017.6975,-0.270519,0.017490000000000006,-0.07889099999999993
2017.7002,-0.272455,0.01808299999999996,-0.07308700000000001
2017.7029,-0.272495,0.017766999999999977,-0.07807399999999998
2017.7057,-0.271887,0.01763799999999993,-0.08343400000000001
2017.7084,-0.271875,0.01751999999999998,-0.078627
2017.7112,-0.272001,0.016683000000000003,-0.075936
2017.7139,-0.273261,0.016384999999999983,-0.07999100000000003
2017.7166,-0.272925,0.016402999999999945,-0.07941299999999996
2017.7194,-0.271586,0.016898999999999997,-0.07629799999999998
2017.7221,-0.275548,0.01852100000000001,-0.07592399999999999
2017.7248,-0.27202,0.017295999999999978,-0.07965599999999995
2017.7276,-0.274065,0.01779900000000001,-0.07943299999999998
2017.7303,-0.273218,0.017749000000000015,-0.08226800000000001
2017.7331,-0.272515,0.017073000000000005,-0.07904
2017.7358,-0.27300199999999997,0.01774600000000004,-0.07861399999999996
2017.7385,-0.271464,0.017386000000000013,-0.07749899999999998
2017.7413,-0.271572,0.01618699999999995,-0.080708
2017.744,-0.272967,0.015181,-0.08014500000000002
2017.7467,-0.274265,0.016044999999999976,-0.07913999999999999
2017.7495,-0.274754,0.015612999999999988,-0.08362899999999995
2017.7522,-0.274764,0.016374,-0.076299
2017.755,-0.27483399999999997,0.01588199999999995,-0.08036900000000002
2017.7577,-0.274289,0.016112000000000015,-0.08415399999999995
2017.7604,-0.274386,0.016290999999999944,-0.08365
2017.7632,-0.273955,0.01604899999999998,-0.07944899999999999
2017.7659,-0.273261,0.014668000000000014,-0.07740499999999995
2017.7687,-0.274911,0.015583999999999931,-0.07842700000000002
2017.7714,-0.27514,0.017209999999999948,-0.07865599999999995
2017.7741,-0.27387,0.016410000000000036,-0.08178299999999994
2017.7769,-0.274352,0.015110999999999986,-0.08035999999999999
2017.7796,-0.27491699999999997,0.015012999999999943,-0.08019599999999993
2017.7823,-0.272797,0.015143999999999935,-0.07904900000000004
2017.7851,-0.272826,0.015297000000000005,-0.07897299999999996
2017.7878,-0.273202,0.015078999999999954,-0.08291700000000002
2017.7906,-0.272794,0.015244000000000035,-0.08093399999999995
2017.7933,-0.272101,0.01527999999999996,-0.079735
2017.796,-0.273741,0.013301000000000007,-0.07265900000000003
2017.7988,-0.273449,0.012865000000000015,-0.07462999999999997
2017.8015,-0.27612,0.013342999999999994,-0.07624299999999995
2017.8042,-0.274457,0.01262299999999994,-0.07995600000000003
2017.807,-0.272515,0.013758999999999966,-0.085928
2017.8097,-0.274364,0.014746999999999955,-0.085735
2017.8125,-0.273262,0.014913999999999983,-0.08687100000000003
2017.8152,-0.273342,0.015118999999999994,-0.08313700000000002
2017.8179,-0.27222799999999997,0.016071999999999975,-0.07612299999999994
2017.8207,-0.272947,0.013819999999999943,-0.08202299999999996
2017.8234,-0.274816,0.015858999999999956,-0.08152899999999996
2017.8261,-0.27519499999999997,0.013568999999999942,-0.07853299999999996
2017.8289,-0.27503099999999997,0.013925999999999994,-0.08145599999999997
2017.8316,-0.276065,0.013386000000000009,-0.08189499999999994
2017.8344,-0.27413899999999997,0.014284999999999992,-0.07745199999999997
2017.8371,-0.273775,0.014673999999999965,-0.07974199999999998
2017.8398,-0.275039,0.01563800000000004,-0.083955
2017.8426,-0.274511,0.01331300000000002,-0.08500200000000002
2017.8453,-0.275057,0.014309999999999934,-0.08326
2017.848,-0.274501,0.015753000000000017,-0.08088299999999993
2017.8508,-0.274554,0.01429899999999995,-0.08135700000000001
2017.8535,-0.273356,0.01474999999999993,-0.08603799999999995
2017.8563,-0.274493,0.014554999999999985,-0.08319100000000001
2017.859,-0.27455599999999997,0.013371000000000022,-0.08314599999999994
2017.8617,-0.27457,0.013025999999999982,-0.07858599999999993
2017.8645,-0.273828,0.013375999999999943,-0.08518799999999993
2017.8672,-0.275188,0.013627999999999973,-0.08441199999999993
2017.87,-0.276488,0.013575000000000004,-0.083372
2017.8727,-0.275103,0.01429999999999998,-0.08209699999999998
2017.8754,-0.275988,0.01480300000000001,-0.08466600000000002
2017.8782,-0.276775,0.014909999999999979,-0.07716499999999993
2017.8809,-0.276934,0.01359100000000002,-0.08029900000000001
2017.8836,-0.275847,0.01422699999999999,-0.08225799999999994
2017.8864,-0.276043,0.014033999999999991,-0.07796099999999995
2017.8891,-0.275372,0.013248000000000038,-0.07881300000000002
2017.8919,-0.275304,0.014267999999999947,-0.08306400000000003
2017.8946,-0.275949,0.012917999999999985,-0.08119699999999996
2017.8973,-0.27730000000000005,0.012295999999999974,-0.07902500000000001
2017.9001,-0.27736199999999994,0.01307999999999998,-0.08055499999999993
2017.9028,-0.27688999999999997,0.013361999999999985,-0.08183499999999999
2017.9055,-0.27769099999999997,0.014079999999999981,-0.077372
2017.9083,-0.27764399999999995,0.01417999999999997,-0.07951200000000003
2017.911,-0.27834600000000004,0.013553000000000037,-0.08056399999999997
2017.9138,-0.27838199999999996,0.014442999999999984,-0.086067
2017.9165,-0.27913000000000004,0.013765999999999945,-0.081712
2017.9192,-0.277836,0.013480999999999965,-0.07842300000000002
2017.922,-0.28021999999999997,0.014564999999999939,-0.08169899999999997
2017.9247,-0.27870500000000004,0.013168999999999986,-0.08358599999999994
2017.9274,-0.27751600000000004,0.013880000000000003,-0.08632200000000001
2017.9302,-0.277843,0.013297000000000003,-0.084847
2017.9329,-0.278349,0.013544,-0.08708399999999994
2017.9357,-0.27852000000000005,0.013571,-0.08703099999999997
2017.9384,-0.27862000000000003,0.013429999999999942,-0.08855599999999997
2017.9411,-0.279361,0.014271999999999951,-0.08426100000000003
2017.9439,-0.27879800000000005,0.013437000000000032,-0.08430399999999993
2017.9466,-0.278368,0.013121999999999967,-0.08701499999999995
2017.9493,-0.279905,0.013395999999999963,-0.08618499999999996
2017.9521,-0.27928000000000003,0.013425999999999938,-0.08317399999999997
2017.9548,-0.280356,0.013155999999999946,-0.08295699999999995
2017.9576,-0.279708,0.013448999999999933,-0.07943
2017.9603,-0.28184099999999995,0.01319300000000001,-0.07926100000000003
2017.963,-0.28045499999999995,0.011871999999999994,-0.08240000000000003
2017.9658,-0.28054399999999996,0.013266,-0.08459300000000003
2017.9685,-0.280653,0.013212000000000002,-0.08410799999999996
2017.9713,-0.280008,0.013541999999999943,-0.08133599999999996
2017.974,-0.28027299999999994,0.013016000000000028,-0.08295399999999997
2017.9767,-0.28117299999999995,0.01280199999999998,-0.08415600000000001
2017.9795,-0.28063200000000005,0.012399999999999967,-0.084067
2017.9822,-0.280182,0.012846000000000024,-0.08307900000000001
2017.9849,-0.28070900000000004,0.013626000000000027,-0.08161699999999994
2017.9877,-0.279828,0.013809999999999989,-0.08215499999999998
2017.9904,-0.280545,0.013588999999999962,-0.08454300000000003
2017.9932,-0.28119500000000003,0.013836999999999988,-0.08563799999999999
2017.9959,-0.28071699999999994,0.01286900000000002,-0.08467899999999995
2017.9986,-0.280421,0.012449999999999961,-0.08055199999999996
2018.0014,-0.27993300000000004,0.012680000000000025,-0.08485699999999996
2018.0041,-0.28057799999999994,0.013761999999999941,-0.08252300000000001
2018.0068,-0.28194099999999994,0.013264999999999971,-0.08172599999999997
2018.0096,-0.280086,0.012988,-0.07795299999999994
2018.0123,-0.27992500000000003,0.013603000000000032,-0.08701300000000001
2018.0151,-0.280807,0.011404999999999998,-0.08202500000000001
2018.0178,-0.28078699999999995,0.012854000000000032,-0.08351699999999995
2018.0205,-0.283465,0.013635999999999981,-0.07909199999999994
2018.0233,-0.283931,0.013001999999999958,-0.08012600000000003
2018.026,-0.283676,0.013753000000000015,-0.08055400000000001
2018.0287,-0.282885,0.013267000000000029,-0.08223099999999994
2018.0315,-0.28027699999999994,0.013174999999999937,-0.08092199999999994
2018.0342,-0.28242399999999995,0.014958000000000027,-0.08765699999999998
2018.037,-0.28379099999999996,0.01402800000000004,-0.086611
2018.0397,-0.284205,0.014214999999999978,-0.086175
2018.0424,-0.28289899999999996,0.013931000000000027,-0.08377800000000002
2018.0452,-0.28247399999999995,0.01319999999999999,-0.08558100000000002
2018.0479,-0.28292900000000004,0.011870999999999965,-0.08197100000000002
2018.0507,-0.28532699999999994,0.0131,-0.07978099999999999
2018.0534,-0.28435799999999994,0.01488299999999998,-0.08174199999999998
2018.0561,-0.28300299999999995,0.014920999999999962,-0.08044399999999996
2018.0589,-0.28242799999999996,0.014831000000000039,-0.08450800000000003
2018.0616,-0.282387,0.013041999999999998,-0.08241299999999996
2018.0643,-0.28406899999999996,0.015502000000000016,-0.08476099999999998
2018.0671,-0.28505699999999995,0.014983999999999997,-0.08513599999999999
2018.0698,-0.283726,0.015110999999999986,-0.08461799999999997
2018.0726,-0.282491,0.016271000000000035,-0.08566600000000002
2018.0753,-0.28300699999999995,0.015494000000000008,-0.08571899999999999
2018.078,-0.28431500000000004,0.015819999999999945,-0.08652199999999999
2018.0808,-0.28436900000000004,0.014854999999999952,-0.08282899999999993
2018.0835,-0.285305,0.014784999999999937,-0.08601099999999995
2018.0862,-0.28588399999999997,0.014058000000000015,-0.08763999999999994
2018.089,-0.28599800000000003,0.014838000000000018,-0.08795799999999998
2018.0917,-0.28575,0.015517000000000003,-0.08689999999999998
2018.0945,-0.284704,0.013618000000000019,-0.08482100000000004
2018.0972,-0.285776,0.013618000000000019,-0.08306599999999997
2018.0999,-0.28361699999999995,0.015483000000000025,-0.08226800000000001
2018.1027,-0.284577,0.01581699999999997,-0.08785199999999993
2018.1054,-0.28072400000000003,0.01588999999999996,-0.08018499999999995
2018.1081,-0.28356,0.015471000000000013,-0.08561299999999994
2018.1109,-0.28497100000000003,0.013847999999999971,-0.079434
2018.1136,-0.285465,0.013865999999999934,-0.08322099999999999
2018.1164,-0.285167,0.014449999999999963,-0.08181700000000003
2018.1191,-0.28522,0.01588400000000001,-0.08892999999999995
2018.1218,-0.28484000000000004,0.014858999999999956,-0.08740399999999993
2018.1246,-0.28482100000000005,0.016502999999999934,-0.08478399999999997
2018.1273,-0.285707,0.014950999999999937,-0.08235799999999993
2018.13,-0.28509500000000004,0.01524800000000004,-0.08618700000000001
2018.1328,-0.286139,0.017212000000000005,-0.083179
2018.1355,-0.285031,0.015990999999999977,-0.08316800000000002
2018.1383,-0.284946,0.01625399999999999,-0.08070699999999997
2018.141,-0.28356600000000004,0.016871999999999998,-0.08162999999999998
2018.1437,-0.28545499999999996,0.01595599999999997,-0.08352300000000001
2018.1465,-0.285766,0.015383999999999953,-0.08414500000000003
2018.1492,-0.28645499999999996,0.015753999999999935,-0.08474599999999999
2018.152,-0.285939,0.014831000000000039,-0.08434900000000001
2018.1547,-0.28678600000000004,0.014132999999999951,-0.07846299999999995
2018.1574,-0.287627,0.01527400000000001,-0.08380999999999994
2018.1602,-0.28744699999999995,0.016571000000000002,-0.08201199999999997
2018.1629,-0.28663999999999995,0.015811999999999937,-0.08247799999999994
2018.1656,-0.283542,0.01968000000000003,-0.08346799999999999
2018.1684,-0.28599099999999994,0.01613399999999998,-0.08207200000000003
2018.1711,-0.28768299999999997,0.017198999999999964,-0.08190600000000003
2018.1739,-0.28850400000000004,0.017455,-0.08869399999999994
2018.1766,-0.28786399999999995,0.01639299999999999,-0.08430799999999994
2018.1793,-0.286646,0.016390999999999933,-0.083623
2018.1821,-0.28590299999999996,0.01875300000000002,-0.08674300000000001
2018.1848,-0.286638,0.016741000000000006,-0.07639600000000002
2018.1875,-0.287452,0.01718900000000001,-0.07674999999999998
2018.1903,-0.28750000000000003,0.016383000000000036,-0.08801599999999998
2018.193,-0.284657,0.017100000000000004,-0.08280199999999993
2018.1958,-0.28807,0.01620699999999997,-0.07973600000000003
2018.1985,-0.288202,0.016411999999999982,-0.08382599999999996
2018.2012,-0.28895,0.01715500000000003,-0.08472999999999997
2018.204,-0.289908,0.015260999999999969,-0.084727
2018.2067,-0.289993,0.014831000000000039,-0.08105399999999996
2018.2094,-0.290028,0.015898999999999996,-0.08435700000000002
2018.2122,-0.289905,0.016845,-0.087611
2018.2149,-0.28829699999999997,0.01603599999999994,-0.086812
2018.2177,-0.28866699999999995,0.01654599999999995,-0.08620700000000003
2018.2204,-0.288931,0.01618699999999995,-0.08626999999999996
2018.2231,-0.29047300000000004,0.015426999999999969,-0.08174599999999999
2018.2259,-0.291077,0.015626999999999946,-0.09123599999999998
2018.2286,-0.290942,0.01595499999999994,-0.08990999999999993
2018.2313,-0.288866,0.016020999999999952,-0.08915099999999998
2018.2341,-0.29124199999999995,0.014612999999999987,-0.08815300000000004
2018.2368,-0.29161699999999996,0.017005999999999966,-0.08970100000000003
2018.2396,-0.29084400000000005,0.01680499999999996,-0.08957799999999994
2018.2423,-0.291004,0.017020000000000035,-0.09060800000000002
2018.245,-0.28963599999999995,0.016874999999999973,-0.08573799999999998
2018.2478,-0.29136999999999996,0.017561999999999967,-0.08828999999999998
2018.2505,-0.29031,0.01603599999999994,-0.08046399999999998
2018.2533,-0.29295599999999994,0.01763300000000001,-0.08069700000000002
2018.256,-0.291333,0.01716799999999996,-0.085808
2018.2587,-0.28953999999999996,0.016622999999999943,-0.08677499999999994
2018.2615,-0.29037399999999997,0.01656000000000002,-0.08637699999999993
2018.2642,-0.290136,0.01640600000000003,-0.08452599999999999
2018.2669,-0.29173,0.01702999999999999,-0.08928899999999995
2018.2697,-0.29143499999999994,0.01668599999999998,-0.08817200000000003
2018.2724,-0.290623,0.01720900000000003,-0.08371600000000001
2018.2752,-0.292568,0.014305000000000012,-0.08477299999999999
2018.2779,-0.291556,0.01657200000000003,-0.08545800000000003
2018.2806,-0.291622,0.015666999999999986,-0.08927600000000002
2018.2834,-0.29036100000000004,0.01754699999999998,-0.08907799999999999
2018.2861,-0.29151599999999994,0.017186000000000035,-0.08579000000000003
2018.2888,-0.292043,0.018252999999999964,-0.08736599999999994
2018.2916,-0.29333899999999996,0.015685999999999978,-0.08946799999999999
2018.2943,-0.292457,0.016514999999999946,-0.08846299999999996
2018.2971,-0.29214900000000005,0.016325000000000034,-0.08874499999999996
2018.2998,-0.29323899999999997,0.01639400000000002,-0.08970599999999995
2018.3025,-0.293627,0.01744699999999999,-0.08931199999999995
2018.3053,-0.293943,0.017020000000000035,-0.08986099999999997
2018.308,-0.29170599999999997,0.01805800000000002,-0.08574499999999996
2018.3107,-0.29388,0.01726099999999997,-0.08905799999999997
2018.3135,-0.294762,0.016734999999999944,-0.09164899999999998
2018.3162,-0.294117,0.01773899999999995,-0.08910699999999994
2018.319,-0.29308399999999996,0.017236999999999947,-0.08911800000000003
2018.3217,-0.29402199999999995,0.01809700000000003,-0.085696
2018.3244,-0.293556,0.018218999999999985,-0.08646799999999999
2018.3272,-0.293499,0.018974999999999964,-0.08911199999999997
2018.3299,-0.29343,0.017457999999999974,-0.08874599999999999
2018.3326,-0.29390999999999995,0.01879900000000001,-0.08933099999999994
2018.3354,-0.29211400000000004,0.01635500000000001,-0.08911899999999995
2018.3381,-0.29338000000000003,0.018518000000000034,-0.09409100000000004
2018.3409,-0.29408799999999996,0.01915699999999998,-0.09067899999999995
2018.3436,-0.29365800000000003,0.01955299999999993,-0.083816
2018.3463,-0.29265,0.019217999999999957,-0.087951
2018.3491,-0.29367799999999994,0.019193000000000016,-0.08968299999999996
2018.3518,-0.29480599999999996,0.018784000000000023,-0.090194
2018.3546,-0.295696,0.01840799999999998,-0.08701899999999996
2018.3573,-0.29650000000000004,0.019455,-0.08545899999999995
2018.36,-0.294761,0.018684000000000034,-0.08674700000000002
2018.3628,-0.295982,0.01914399999999994,-0.08398899999999998
2018.3655,-0.29486300000000004,0.018834000000000017,-0.08635700000000002
2018.3682,-0.29429,0.018286000000000024,-0.08826499999999993
2018.371,-0.2938,0.01909700000000003,-0.086611
2018.3737,-0.29411099999999996,0.018359999999999932,-0.08704899999999993
2018.3765,-0.29556299999999996,0.019969999999999932,-0.08602399999999999
2018.3792,-0.29314100000000004,0.018753999999999937,-0.08497299999999997
2018.3819,-0.29428000000000004,0.020237999999999978,-0.085619
2018.3847,-0.294629,0.019711000000000034,-0.08332699999999993
2018.3874,-0.294978,0.020214999999999983,-0.08138400000000001
2018.3901,-0.29499000000000003,0.01950200000000002,-0.08293399999999995
2018.3929,-0.29530399999999996,0.019749000000000017,-0.07965599999999995
2018.3956,-0.295722,0.019816999999999974,-0.08780199999999994
2018.3984,-0.295687,0.01997899999999997,-0.08872099999999994
2018.4011,-0.29518799999999995,0.020410999999999957,-0.08374999999999999
2018.4038,-0.29590199999999994,0.021047000000000038,-0.08377199999999996
2018.4066,-0.29360400000000003,0.019896999999999943,-0.08127899999999999
2018.4093,-0.29684399999999994,0.020147000000000026,-0.08227600000000002
2018.412,-0.29503699999999994,0.021307999999999994,-0.07882699999999998
2018.4148,-0.295036,0.021930000000000005,-0.08459899999999998
2018.4175,-0.29512999999999995,0.021823000000000037,-0.08625099999999997
2018.4203,-0.294225,0.022950999999999944,-0.08630499999999997
2018.423,-0.295159,0.022684999999999955,-0.08390399999999998
2018.4257,-0.29476600000000003,0.021587000000000023,-0.08295600000000003
2018.4285,-0.29520299999999994,0.022621000000000002,-0.08462899999999995
2018.4312,-0.29457399999999995,0.022711000000000037,-0.08408099999999996
2018.4339,-0.29460000000000003,0.023268999999999984,-0.08918999999999999
2018.4367,-0.295124,0.023136999999999963,-0.08748699999999998
2018.4394,-0.29741999999999996,0.022699999999999942,-0.09032699999999994
2018.4422,-0.29584799999999994,0.02274699999999996,-0.08610600000000002
2018.4449,-0.29552300000000004,0.021788999999999947,-0.08337799999999995
2018.4476,-0.294515,0.022338999999999998,-0.08527600000000002
2018.4504,-0.296973,0.02217899999999995,-0.08275999999999994
2018.4531,-0.29585199999999995,0.022421000000000024,-0.08928999999999998
2018.4559,-0.295279,0.020803000000000016,-0.08354399999999995
2018.4586,-0.29452799999999996,0.02154199999999995,-0.08454099999999998
2018.4613,-0.296001,0.022869999999999946,-0.08193699999999993
2018.4641,-0.294804,0.022679000000000005,-0.08640499999999995
2018.4668,-0.29543899999999995,0.023317000000000032,-0.08804899999999993
2018.4695,-0.29588200000000003,0.023004999999999942,-0.08604999999999996
2018.4723,-0.295356,0.022704999999999975,-0.08709
2018.475,-0.29497,0.02324499999999996,-0.08450400000000002
2018.4778,-0.29540399999999994,0.024745000000000017,-0.08413599999999999
2018.4805,-0.29448199999999997,0.024665999999999966,-0.08418999999999999
2018.4832,-0.295549,0.023668000000000022,-0.08712900000000001
2018.486,-0.295077,0.02415299999999998,-0.08256200000000002
2018.4887,-0.294664,0.02221099999999998,-0.08531900000000003
2018.4914,-0.29563199999999995,0.024168999999999996,-0.086457
2018.4942,-0.295959,0.024353999999999987,-0.08614500000000003
2018.4969,-0.29511000000000004,0.025139000000000022,-0.086472
2018.4997,-0.295445,0.02551800000000004,-0.07975599999999994
2018.5024,-0.296232,0.024814000000000003,-0.08381399999999994
2018.5051,-0.295788,0.02502199999999999,-0.089696
2018.5079,-0.294819,0.02656499999999995,-0.09242099999999998
2018.5106,-0.29469399999999996,0.026083999999999996,-0.09094999999999998
2018.5133,-0.29481799999999997,0.02615400000000001,-0.08622399999999997
2018.5161,-0.296495,0.025340999999999947,-0.08735499999999996
2018.5188,-0.295368,0.026071999999999984,-0.08593699999999993
2018.5216,-0.29527600000000004,0.025814000000000004,-0.084395
2018.5243,-0.29603699999999994,0.02513399999999999,-0.085762
2018.527,-0.29607,0.025407999999999986,-0.08381099999999997
2018.5298,-0.29738000000000003,0.026792999999999956,-0.08593799999999996
2018.5325,-0.295804,0.025805999999999996,-0.087194
2018.5352,-0.29752700000000004,0.025859999999999994,-0.08395399999999997
2018.538,-0.29522699999999996,0.025101999999999958,-0.08655800000000002
2018.5407,-0.29495,0.02667200000000003,-0.08438000000000001
2018.5435,-0.294934,0.027569999999999983,-0.08417399999999997
2018.5462,-0.294336,0.02625500000000003,-0.08439799999999997
2018.5489,-0.295596,0.02761899999999995,-0.08709299999999998
2018.5517,-0.29505699999999996,0.02591500000000002,-0.08524399999999999
2018.5544,-0.29532299999999995,0.02651300000000001,-0.08244200000000002
2018.5572,-0.295356,0.02663099999999996,-0.08634900000000001
2018.5599,-0.296622,0.02668499999999996,-0.09016400000000002
2018.5626,-0.29627200000000004,0.026980000000000004,-0.08481399999999994
2018.5654,-0.295421,0.025488999999999984,-0.08682899999999993
2018.5681,-0.294436,0.026592999999999978,-0.08494099999999993
2018.5708,-0.29568500000000003,0.025024999999999964,-0.08306099999999994
2018.5736,-0.29543099999999994,0.026656000000000013,-0.09192299999999998
2018.5763,-0.29563599999999995,0.026357999999999993,-0.08638000000000001
2018.5791,-0.29639699999999997,0.025282999999999944,-0.08204999999999996
2018.5818,-0.29576600000000003,0.026376999999999984,-0.07922799999999997
2018.5845,-0.296441,0.02498100000000003,-0.07650899999999994
2018.5873,-0.297059,0.024997999999999965,-0.08488299999999993
2018.59,-0.296522,0.025093000000000032,-0.08610099999999998
2018.5927,-0.29569399999999996,0.024116000000000026,-0.08344699999999994
2018.5955,-0.29739699999999997,0.02561000000000002,-0.08289099999999994
2018.5982,-0.29661299999999996,0.02484900000000001,-0.08401000000000003
2018.601,-0.296189,0.024757999999999947,-0.08646100000000001
2018.6037,-0.2999,0.02457100000000001,-0.08585199999999993
2018.6064,-0.298197,0.024515999999999982,-0.08421599999999996
2018.6092,-0.29847399999999996,0.023750999999999967,-0.08671899999999999
2018.6119,-0.298641,0.024553999999999965,-0.08385299999999996
2018.6146,-0.29858,0.023652000000000006,-0.081866
2018.6174,-0.29841100000000004,0.02355099999999999,-0.08609199999999995
2018.6201,-0.297734,0.024367999999999945,-0.08375299999999997
2018.6229,-0.29678,0.024646999999999974,-0.085723
2018.6256,-0.29725399999999996,0.025247999999999937,-0.08444399999999996
2018.6283,-0.297143,0.02504099999999998,-0.08380199999999993
2018.6311,-0.297016,0.02535299999999996,-0.08846500000000002
2018.6338,-0.295876,0.024492999999999987,-0.080646
2018.6366,-0.29611899999999997,0.023178000000000032,-0.084345
2018.6393,-0.295579,0.02266099999999993,-0.09069300000000002
2018.642,-0.29740799999999995,0.023805999999999994,-0.08812699999999996
2018.6448,-0.29758500000000004,0.023456000000000032,-0.08412299999999995
2018.6475,-0.295653,0.02315299999999998,-0.08266699999999993
2018.6502,-0.296205,0.02309899999999998,-0.08243699999999998
2018.653,-0.297351,0.022499999999999964,-0.08403799999999995
2018.6557,-0.29766600000000004,0.022519999999999984,-0.08152199999999998
2018.6585,-0.29744200000000004,0.02243700000000004,-0.08215099999999997
2018.6612,-0.29808700000000005,0.023209000000000035,-0.079627
2018.6639,-0.295158,0.024440999999999935,-0.07905399999999996
2018.6667,-0.297372,0.02249499999999993,-0.08316299999999999
2018.6694,-0.296761,0.022089000000000025,-0.08162099999999994
2018.6721,-0.297449,0.022272999999999987,-0.07830399999999993
2018.6749,-0.296112,0.02332500000000004,-0.082843
2018.6776,-0.296885,0.024001999999999968,-0.07736900000000002
2018.6804,-0.297097,0.02282200000000001,-0.08213499999999996
2018.6831,-0.296876,0.022643999999999997,-0.082646
2018.6858,-0.29796399999999995,0.023016000000000036,-0.08528800000000003
2018.6886,-0.298081,0.02290099999999995,-0.08119500000000002
2018.6913,-0.29721099999999995,0.021662999999999988,-0.07767199999999996
2018.694,-0.29750499999999996,0.02294799999999997,-0.08089899999999994
2018.6968,-0.29804099999999994,0.021467000000000014,-0.07642300000000002
2018.6995,-0.298881,0.021209000000000033,-0.084094
2018.7023,-0.29701399999999994,0.020166999999999935,-0.07949899999999999
2018.705,-0.295544,0.021526999999999963,-0.07877800000000001
2018.7077,-0.296645,0.021585999999999994,-0.07946799999999998
2018.7105,-0.297923,0.021245999999999987,-0.08103399999999994
2018.7132,-0.29819900000000005,0.020006999999999997,-0.08107200000000003
2018.7159,-0.29887899999999995,0.02119700000000002,-0.07997599999999994
2018.7187,-0.29814,0.020351000000000008,-0.08121299999999998
2018.7214,-0.30002500000000004,0.02146999999999999,-0.08228999999999997
2018.7242,-0.29833800000000005,0.02050799999999997,-0.08321800000000001
2018.7269,-0.29778999999999994,0.019591999999999943,-0.08244299999999993
2018.7296,-0.29814100000000004,0.01959299999999997,-0.084947
2018.7324,-0.29868500000000003,0.02028399999999997,-0.08151399999999998
2018.7351,-0.298274,0.021491999999999956,-0.08225799999999994
2018.7379,-0.29768599999999995,0.020417999999999936,-0.08258100000000002
2018.7406,-0.297889,0.019827999999999957,-0.08014599999999994
2018.7433,-0.299372,0.01994600000000002,-0.07896899999999996
2018.7461,-0.29854600000000003,0.01887099999999997,-0.08706499999999995
2018.7488,-0.298386,0.01784399999999997,-0.08457099999999995
2018.7515,-0.29792499999999994,0.02051599999999998,-0.08021
2018.7543,-0.29813399999999995,0.019074000000000035,-0.07442700000000002
2018.757,-0.29756599999999994,0.018691000000000013,-0.08196999999999999
2018.7598,-0.29952799999999996,0.01838799999999996,-0.08072499999999994
2018.7625,-0.299529,0.019571000000000005,-0.08440599999999998
2018.7652,-0.29867399999999994,0.018770999999999982,-0.08060599999999996
2018.768,-0.297885,0.018020999999999954,-0.07955499999999993
2018.7707,-0.29841,0.01872499999999999,-0.077048
2018.7734,-0.29971299999999995,0.01917599999999997,-0.077909
2018.7762,-0.29780999999999996,0.017662999999999984,-0.07741699999999996
2018.7789,-0.298919,0.019002999999999992,-0.07821699999999998
2018.7817,-0.297815,0.019147000000000025,-0.07989299999999999
2018.7844,-0.29677800000000004,0.018185000000000007,-0.07926100000000003
2018.7871,-0.296089,0.020066999999999946,-0.08358199999999993
2018.7899,-0.29593600000000003,0.01834199999999997,-0.08369199999999999
2018.7926,-0.295849,0.018552000000000013,-0.08838099999999993
2018.7953,-0.29744699999999996,0.020002999999999993,-0.08600699999999994
2018.7981,-0.29677499999999996,0.020035999999999943,-0.08667999999999998
2018.8008,-0.296572,0.018998999999999988,-0.08513599999999999
2018.8036,-0.297104,0.019816999999999974,-0.08630700000000002
2018.8063,-0.29697100000000004,0.019214999999999982,-0.08437799999999995
2018.809,-0.29692100000000005,0.018091999999999997,-0.08324299999999996
2018.8118,-0.296456,0.018834000000000017,-0.08529699999999996
2018.8145,-0.29721499999999995,0.017946000000000017,-0.08191700000000002
2018.8172,-0.29663900000000004,0.017813999999999997,-0.08063900000000002
2018.82,-0.297332,0.016387999999999958,-0.08155899999999994
2018.8227,-0.29781299999999994,0.015571000000000002,-0.08293600000000001
2018.8255,-0.29775899999999994,0.01602799999999993,-0.08418499999999995
2018.8282,-0.297657,0.017266000000000004,-0.08428800000000003
2018.8309,-0.297467,0.018324000000000007,-0.082762
2018.8337,-0.29901399999999995,0.018376999999999977,-0.08287800000000001
2018.8364,-0.299843,0.018415999999999988,-0.08118700000000001
2018.8392,-0.299144,0.01780599999999999,-0.08267099999999994
2018.8419,-0.299511,0.01724799999999993,-0.08177999999999996
2018.8446,-0.299684,0.018449999999999966,-0.08222399999999996
2018.8474,-0.299328,0.018305000000000016,-0.07984899999999995
2018.8501,-0.298089,0.017838999999999938,-0.07873600000000003
2018.8528,-0.29772400000000004,0.01742599999999994,-0.084368
2018.8556,-0.297426,0.017286000000000024,-0.08309699999999998
2018.8583,-0.29815299999999995,0.017954000000000025,-0.082955
2018.8611,-0.29992899999999995,0.018024999999999958,-0.08435899999999996
2018.8638,-0.299506,0.018330999999999986,-0.08521000000000001
2018.8665,-0.29782000000000003,0.01758599999999999,-0.08409999999999995
2018.8693,-0.300148,0.017874999999999974,-0.08521599999999996
2018.872,-0.30039,0.017209999999999948,-0.08821199999999996
2018.8747,-0.29930300000000004,0.01641999999999999,-0.080102
2018.8775,-0.29946100000000003,0.01632100000000003,-0.08149600000000001
2018.8802,-0.29960099999999995,0.016781999999999964,-0.07577699999999998
2018.883,-0.300287,0.01835399999999998,-0.08218599999999998
2018.8857,-0.30045399999999994,0.01699099999999998,-0.08077099999999993
2018.8884,-0.30104499999999995,0.015542999999999974,-0.08709199999999995
2018.8912,-0.301005,0.016769000000000034,-0.08441500000000002
2018.8939,-0.302012,0.01616099999999998,-0.07867499999999994
2018.8966,-0.30117199999999994,0.01538600000000001,-0.08069300000000001
2018.8994,-0.29942799999999997,0.01586399999999999,-0.08052099999999995
2018.9021,-0.30167499999999997,0.015391999999999961,-0.08650499999999994
2018.9049,-0.301657,0.016894999999999993,-0.08204800000000001
2018.9076,-0.30256199999999994,0.015356000000000036,-0.08329699999999995
2018.9103,-0.30121099999999995,0.015903,-0.08115700000000003
2018.9131,-0.30272799999999994,0.015344000000000024,-0.08417399999999997
2018.9158,-0.30366999999999994,0.01688500000000004,-0.07946500000000001
2018.9185,-0.303294,0.01698999999999995,-0.078905
2018.9213,-0.30198600000000003,0.01710899999999993,-0.08431500000000003
2018.924,-0.30185500000000004,0.01655899999999999,-0.08196099999999995
2018.9268,-0.302151,0.015693999999999986,-0.07428199999999996
2018.9295,-0.302413,0.017344999999999944,-0.08179799999999993
2018.9322,-0.302692,0.01618799999999998,-0.08119399999999999
2018.935,-0.302614,0.014839999999999964,-0.079256
2018.9377,-0.30351500000000003,0.015805999999999987,-0.08643599999999996
2018.9405,-0.301684,0.015880000000000005,-0.08265800000000001
2018.9432,-0.304845,0.01530599999999993,-0.08455499999999994
2018.9459,-0.30467099999999997,0.016653999999999947,-0.08485399999999998
2018.9487,-0.304405,0.01532699999999998,-0.08740399999999993
2018.9514,-0.30493200000000004,0.01619499999999996,-0.08624500000000002
2018.9541,-0.30246,0.017332000000000014,-0.07789400000000002
2018.9569,-0.30263100000000004,0.016118999999999994,-0.08546199999999993
2018.9596,-0.303846,0.015580999999999956,-0.08455999999999997
2018.9624,-0.30377499999999996,0.01579799999999998,-0.08668900000000002
2018.9651,-0.30550099999999997,0.01563099999999995,-0.08711899999999995
2018.9678,-0.30401399999999995,0.017545000000000033,-0.085669
2018.9706,-0.30409899999999995,0.01635500000000001,-0.08134799999999998
2018.9733,-0.304707,0.016954000000000025,-0.08252799999999993
2018.976,-0.30475499999999994,0.017085000000000017,-0.08391899999999997
2018.9788,-0.30636599999999997,0.017504999999999993,-0.08633800000000003
2018.9815,-0.306741,0.01805599999999996,-0.08293600000000001
2018.9843,-0.306572,0.018800999999999957,-0.08307699999999996
2018.987,-0.304707,0.017534999999999967,-0.07929399999999998
2018.9897,-0.30551100000000003,0.01957299999999995,-0.083009
2018.9925,-0.30631899999999995,0.01707499999999995,-0.08983699999999994
2018.9952,-0.30645399999999995,0.019002999999999992,-0.08643499999999993
2018.9979,-0.30707900000000005,0.018337999999999965,-0.08081899999999997
2019.0007,-0.30637600000000004,0.017913999999999985,-0.08585100000000001
2019.0034,-0.303737,0.01695000000000002,-0.08404299999999998
2019.0062,-0.30276200000000003,0.01626099999999997,-0.08225099999999996
2019.0089,-0.30643800000000004,0.017753999999999936,-0.082202
2019.0116,-0.30658599999999997,0.016701999999999995,-0.07910499999999998
2019.0144,-0.304356,0.017681999999999976,-0.08399199999999996
2019.0171,-0.30528399999999994,0.017913999999999985,-0.08626
2019.0198,-0.30528700000000003,0.018371999999999944,-0.086283
2019.0226,-0.30510600000000004,0.019147000000000025,-0.08732399999999996
2019.0253,-0.306931,0.01836099999999996,-0.08809999999999996
2019.0281,-0.30672799999999995,0.01812199999999997,-0.08305600000000002
2019.0308,-0.30480100000000004,0.018293000000000004,-0.08549899999999999
2019.0335,-0.30342299999999994,0.018579000000000012,-0.08620799999999995
2019.0363,-0.30520200000000003,0.01786999999999994,-0.08746199999999993
2019.039,-0.30578999999999995,0.018703000000000025,-0.08753100000000003
2019.0418,-0.30691300000000005,0.016417999999999933,-0.08823099999999995
2019.0445,-0.306935,0.019324000000000008,-0.08968500000000001
2019.0472,-0.30483200000000005,0.017591000000000023,-0.08649200000000001
2019.05,-0.30639199999999994,0.017025999999999986,-0.09304299999999999
2019.0527,-0.30467700000000003,0.017527999999999988,-0.09124999999999994
2019.0554,-0.30641199999999996,0.018522999999999956,-0.08509699999999998
2019.0582,-0.306865,0.019426999999999972,-0.09111199999999997
2019.0609,-0.30602199999999996,0.017368999999999968,-0.09020799999999995
2019.0637,-0.307548,0.018198999999999965,-0.091275
2019.0664,-0.30651199999999995,0.019796999999999954,-0.09231899999999993
2019.0691,-0.307425,0.01715599999999995,-0.09236999999999995
2019.0719,-0.306603,0.01833499999999999,-0.08871899999999999
2019.0746,-0.306082,0.019378000000000006,-0.08935499999999996
2019.0773,-0.306947,0.01861999999999997,-0.086472
2019.0801,-0.305993,0.017971999999999988,-0.08454399999999995
2019.0828,-0.30636499999999994,0.018807000000000018,-0.08429299999999995
2019.0856,-0.305814,0.01770700000000003,-0.08654899999999999
2019.0883,-0.30446199999999995,0.01765300000000003,-0.07814699999999997
2019.091,-0.30805999999999994,0.018469999999999986,-0.07778099999999999
2019.0938,-0.309065,0.01699700000000004,-0.08774700000000002
2019.0965,-0.308583,0.017600999999999978,-0.08194699999999999
2019.0992,-0.30763199999999996,0.01846800000000004,-0.08667599999999998
2019.102,-0.30787499999999995,0.018634999999999957,-0.09175699999999998
2019.1047,-0.30943800000000005,0.019662999999999986,-0.089615
2019.1075,-0.30616499999999996,0.018809999999999993,-0.08782899999999993
2019.1102,-0.30761,0.018769000000000036,-0.089171
2019.1129,-0.30682800000000005,0.01907000000000003,-0.08323499999999995
2019.1157,-0.309139,0.017757000000000023,-0.08580399999999999
2019.1184,-0.310525,0.019371999999999945,-0.079507
2019.1211,-0.308123,0.021536,-0.07812600000000003
2019.1239,-0.31047299999999994,0.016673999999999967,-0.09159099999999998
2019.1266,-0.310398,0.018406000000000033,-0.09248699999999999
2019.1294,-0.31024100000000004,0.018178999999999945,-0.08737699999999993
2019.1321,-0.31088299999999996,0.017264999999999975,-0.08968500000000001
2019.1348,-0.30963100000000005,0.017801999999999985,-0.09199800000000002
2019.1376,-0.311436,0.01722199999999996,-0.08460400000000001
2019.1403,-0.31066,0.01869299999999996,-0.08292599999999994
2019.1431,-0.30934,0.01804899999999998,-0.08953900000000004
2019.1458,-0.308738,0.01827499999999993,-0.09173599999999993
2019.1485,-0.309517,0.01788400000000001,-0.09407999999999994
2019.1513,-0.309792,0.017190999999999956,-0.09420799999999996
2019.154,-0.30977499999999997,0.017988000000000004,-0.089055
2019.1567,-0.30946500000000005,0.018289,-0.08840799999999993
2019.1595,-0.31149699999999997,0.017332999999999932,-0.09400399999999998
2019.1622,-0.31140799999999996,0.017641000000000018,-0.09082699999999999
2019.165,-0.31150300000000003,0.02235699999999996,-0.08642799999999995
2019.1677,-0.311139,0.018823999999999952,-0.09425700000000004
2019.1704,-0.312294,0.019305000000000017,-0.098167
2019.1732,-0.310992,0.018476999999999966,-0.09270199999999995
2019.1759,-0.31034999999999996,0.019263999999999948,-0.09279499999999996
2019.1786,-0.31309899999999996,0.01898500000000003,-0.096773
2019.1814,-0.31213399999999997,0.017693999999999988,-0.09143800000000002
2019.1841,-0.31275400000000003,0.018418999999999963,-0.09174499999999997
2019.1869,-0.312668,0.017529000000000017,-0.09622200000000003
2019.1896,-0.313568,0.018147000000000024,-0.09704000000000002
2019.1923,-0.314093,0.016828999999999983,-0.091059
2019.1951,-0.31346899999999994,0.019159000000000037,-0.09635300000000002
2019.1978,-0.312066,0.020101999999999953,-0.09984300000000002
2019.2005,-0.312263,0.018800999999999957,-0.09992000000000001
2019.2033,-0.311409,0.019291999999999976,-0.09881299999999993
2019.206,-0.311517,0.018854999999999955,-0.09626199999999996
2019.2088,-0.312386,0.018830000000000013,-0.09631699999999999
2019.2115,-0.31321799999999994,0.01861400000000002,-0.09312699999999996
2019.2142,-0.31241199999999997,0.018127000000000004,-0.09457700000000002
2019.217,-0.31153499999999995,0.01894399999999996,-0.09731199999999995
2019.2197,-0.31394700000000003,0.018450999999999995,-0.09970999999999997
2019.2225,-0.314348,0.017913999999999985,-0.10046699999999997
2019.2252,-0.31562399999999996,0.019711000000000034,-0.10132399999999997
2019.2279,-0.31260499999999997,0.018908000000000036,-0.09990199999999994
2019.2307,-0.314478,0.01766699999999999,-0.09656200000000004
2019.2334,-0.31426800000000005,0.019510999999999945,-0.09628499999999995
2019.2361,-0.31395500000000004,0.01881199999999994,-0.09458100000000003
2019.2389,-0.313359,0.019021999999999983,-0.10054699999999994
2019.2416,-0.31398699999999996,0.020023000000000013,-0.09704199999999996
2019.2444,-0.31412500000000004,0.019522999999999957,-0.09672899999999995
2019.2471,-0.313637,0.018484999999999974,-0.09280500000000003
2019.2498,-0.31684700000000005,0.01822199999999996,-0.09515699999999994
2019.2526,-0.317051,0.017423999999999995,-0.09517399999999998
2019.2553,-0.31603,0.017484999999999973,-0.09487400000000001
2019.258,-0.315437,0.019193999999999933,-0.09117699999999995
2019.2608,-0.315935,0.020047999999999955,-0.094194
2019.2635,-0.313892,0.019469999999999987,-0.09345300000000001
2019.2663,-0.31463499999999994,0.019562999999999997,-0.09491799999999995
2019.269,-0.31577799999999995,0.018691000000000013,-0.09919
2019.2717,-0.315853,0.01957999999999993,-0.09467899999999996
2019.2745,-0.31661900000000004,0.020311999999999997,-0.09711400000000003
2019.2772,-0.31547600000000003,0.01930900000000002,-0.092032
2019.2799,-0.317464,0.019403999999999977,-0.09150199999999997
2019.2827,-0.317602,0.019344999999999946,-0.091607
2019.2854,-0.31429999999999997,0.019576999999999956,-0.08897699999999997
2019.2882,-0.315502,0.019774999999999987,-0.09040099999999995
2019.2909,-0.31639999999999996,0.02036899999999997,-0.09239200000000003
2019.2936,-0.31570499999999996,0.020386000000000015,-0.09468900000000002
2019.2964,-0.31554599999999994,0.02032999999999996,-0.09499099999999994
2019.2991,-0.31761100000000003,0.02146300000000001,-0.090893
2019.3018,-0.31717100000000004,0.019537999999999944,-0.09210099999999999
2019.3046,-0.31581200000000004,0.019961000000000007,-0.09312900000000002
2019.3073,-0.316721,0.020492999999999983,-0.09222399999999997
2019.3101,-0.316532,0.02140299999999995,-0.08634999999999993
2019.3128,-0.315498,0.022008000000000028,-0.088306
2019.3155,-0.31659600000000004,0.02173999999999998,-0.093781
2019.3183,-0.316645,0.02183999999999997,-0.088206
2019.321,-0.31844999999999996,0.02102399999999993,-0.08941900000000003
2019.3238,-0.31769299999999995,0.022166999999999937,-0.088534
2019.3265,-0.31666500000000003,0.02069500000000002,-0.09065199999999995
2019.3292,-0.316494,0.021538999999999975,-0.09088099999999999
2019.332,-0.31624499999999994,0.02165600000000001,-0.09419900000000003
2019.3347,-0.31668100000000005,0.020808999999999966,-0.09140700000000002
2019.3374,-0.31766,0.02169399999999999,-0.08834900000000001
2019.3402,-0.31762300000000004,0.021599999999999953,-0.08915399999999996
2019.3429,-0.316806,0.023293000000000008,-0.089113
2019.3457,-0.317251,0.02329799999999993,-0.093723
2019.3484,-0.31631899999999996,0.023478,-0.09034299999999995
2019.3511,-0.31738799999999995,0.021731999999999974,-0.08553100000000002
2019.3539,-0.31922900000000004,0.021328000000000014,-0.08883799999999997
2019.3566,-0.31761500000000004,0.022162000000000015,-0.08951399999999998
2019.3593,-0.31995500000000004,0.023819000000000035,-0.08941900000000003
2019.3621,-0.318379,0.02306699999999995,-0.08769399999999994
2019.3648,-0.31894700000000004,0.022094999999999976,-0.089692
2019.3676,-0.31624099999999994,0.02386900000000003,-0.08488399999999996
2019.3703,-0.318694,0.021519999999999984,-0.07770599999999994
2019.373,-0.31660000000000005,0.022962000000000038,-0.08833999999999997
2019.3758,-0.316486,0.02305199999999996,-0.08619900000000003
2019.3785,-0.319065,0.023321000000000036,-0.08465999999999996
2019.3812,-0.31865000000000004,0.022081999999999935,-0.08891099999999996
2019.384,-0.31854200000000005,0.02335100000000001,-0.08622799999999997
2019.3867,-0.319101,0.023680000000000034,-0.08897
2019.3895,-0.31856599999999996,0.02374299999999996,-0.08804100000000004
2019.3922,-0.31803600000000004,0.022141999999999995,-0.08994000000000002
2019.3949,-0.31768899999999994,0.023644,-0.09113399999999994
2019.3977,-0.31932199999999994,0.024359999999999937,-0.08737099999999998
2019.4004,-0.320989,0.02302599999999999,-0.09200399999999997
2019.4031,-0.31947200000000003,0.024483000000000033,-0.08801499999999995
2019.4059,-0.31996399999999997,0.02462399999999998,-0.085399
2019.4086,-0.317972,0.022047999999999957,-0.08848699999999998
2019.4114,-0.31898600000000005,0.026079999999999992,-0.08635099999999996
2019.4141,-0.31961900000000004,0.025348000000000037,-0.08256600000000003
2019.4168,-0.316969,0.02612199999999998,-0.09007500000000002
2019.4196,-0.31747699999999995,0.02531799999999995,-0.08733099999999994
2019.4223,-0.318289,0.024799000000000015,-0.08596499999999996
2019.4251,-0.317834,0.024374000000000007,-0.08649099999999998
2019.4278,-0.31816399999999995,0.024286999999999948,-0.08258999999999994
2019.4305,-0.318741,0.025255999999999945,-0.08945400000000003
2019.4333,-0.31816799999999995,0.024811000000000027,-0.09331899999999993
2019.436,-0.31951100000000004,0.02538499999999999,-0.09440599999999999
2019.4387,-0.31913600000000003,0.026476999999999973,-0.09033000000000002
2019.4415,-0.31790199999999996,0.02592300000000003,-0.08951799999999999
2019.4442,-0.31708299999999995,0.02683800000000003,-0.09360499999999994
2019.447,-0.318756,0.02662500000000001,-0.09072599999999997
2019.4497,-0.31886,0.024880000000000013,-0.08973900000000001
2019.4524,-0.317066,0.02580300000000002,-0.09111599999999997
2019.4552,-0.319636,0.02624099999999996,-0.08955199999999996
2019.4579,-0.318649,0.025446999999999997,-0.08831599999999995
2019.4606,-0.31892800000000004,0.024397000000000002,-0.08943199999999996
2019.4634,-0.32061,0.024567000000000005,-0.09029500000000001
2019.4661,-0.32062699999999994,0.025255999999999945,-0.08504999999999996
2019.4689,-0.3199,0.025907000000000013,-0.08611499999999994
2019.4716,-0.32020200000000004,0.027619999999999978,-0.09212100000000001
2019.4743,-0.320074,0.027254,-0.09082400000000002
2019.4771,-0.319613,0.02769199999999994,-0.08781399999999995
2019.4798,-0.319182,0.027494999999999936,-0.08265899999999993
2019.4825,-0.319092,0.02592899999999998,-0.084642
2019.4853,-0.320636,0.029218999999999995,-0.08896499999999996
2019.488,-0.319177,0.025532,-0.08976799999999996
2019.4908,-0.317923,0.027553999999999967,-0.08712299999999995
2019.4935,-0.31942299999999996,0.027224000000000026,-0.09330899999999998
2019.4962,-0.32067399999999996,0.02676400000000001,-0.08959399999999995
2019.499,-0.320089,0.026510000000000034,-0.08966799999999997
2019.5017,-0.31956900000000005,0.026981000000000033,-0.08548999999999995
2019.5044,-0.320668,0.026003,-0.09114900000000004
2019.5072,-0.320738,0.02760600000000002,-0.087067
2019.5099,-0.32596600000000003,0.027425000000000033,-0.08894099999999994
2019.5127,-0.32615599999999995,0.026421000000000028,-0.08946599999999993
2019.5154,-0.326497,0.026397000000000004,-0.09166399999999997
2019.5181,-0.325394,0.026038000000000006,-0.09190299999999996
2019.5209,-0.32685099999999995,0.02641300000000002,-0.09036299999999997
2019.5236,-0.327092,0.025949,-0.08967599999999998
2019.5264,-0.32608699999999996,0.026944999999999997,-0.08896899999999996
2019.5291,-0.32771599999999995,0.02662500000000001,-0.08906499999999995
2019.5318,-0.327301,0.026553999999999967,-0.08412200000000003
2019.5346,-0.32667300000000005,0.026599999999999957,-0.08893699999999993
2019.5373,-0.32893599999999995,0.026622000000000035,-0.09429299999999996
2019.54,-0.32859599999999994,0.026830999999999938,-0.09259600000000001
2019.5428,-0.32788900000000004,0.026104000000000016,-0.09110399999999996
2019.5455,-0.32880899999999996,0.028124999999999956,-0.08569300000000002
2019.5483,-0.328547,0.02835500000000002,-0.08768900000000002
2019.551,-0.32775799999999994,0.02679699999999996,-0.093329
2019.5537,-0.32652299999999995,0.027475000000000027,-0.09165199999999996
2019.5565,-0.32532999999999995,0.028110999999999997,-0.08521499999999993
2019.5592,-0.32713,0.027532,-0.08948400000000001
2019.5619,-0.328467,0.02707399999999993,-0.09254200000000001
2019.5647,-0.32812800000000003,0.026965999999999934,-0.09322200000000003
2019.5674,-0.329424,0.026746999999999965,-0.09521999999999997
2019.5702,-0.328385,0.026985000000000037,-0.09160599999999997
2019.5729,-0.32906299999999994,0.028397000000000006,-0.09346500000000002
2019.5756,-0.32895,0.02791599999999994,-0.09182199999999996
2019.5784,-0.32857600000000003,0.02664999999999995,-0.085148
2019.5811,-0.328598,0.026380999999999988,-0.08970899999999993
2019.5838,-0.328734,0.026680999999999955,-0.08845999999999998
2019.5866,-0.32926099999999997,0.02630599999999994,-0.094051
2019.5893,-0.32905599999999996,0.026536000000000004,-0.09148100000000003
2019.5921,-0.330139,0.026888000000000023,-0.09110399999999996
2019.5948,-0.32653000000000004,0.027768000000000015,-0.09010699999999994
2019.5975,-0.32781299999999997,0.026105999999999963,-0.08602900000000002
2019.6003,-0.324667,0.027913999999999994,-0.08947399999999994
2019.603,-0.32785000000000003,0.026746999999999965,-0.09224999999999994
2019.6057,-0.327505,0.025024999999999964,-0.08928000000000003
2019.6085,-0.32939100000000004,0.02633299999999994,-0.09097900000000003
2019.6112,-0.327282,0.025301000000000018,-0.094356
2019.614,-0.327354,0.026027000000000022,-0.09056699999999995
2019.6167,-0.327197,0.025792000000000037,-0.09391399999999994
2019.6194,-0.32829,0.024859999999999993,-0.08934799999999998
2019.6222,-0.327861,0.024356999999999962,-0.09060099999999993
2019.6249,-0.328018,0.025419999999999998,-0.087789
2019.6277,-0.329293,0.025617,-0.08997
2019.6304,-0.328736,0.025360999999999967,-0.08765899999999993
2019.6331,-0.329521,0.023521000000000014,-0.08990900000000002
2019.6359,-0.32840600000000003,0.024409999999999932,-0.08897500000000003
2019.6386,-0.32939100000000004,0.025480999999999976,-0.09696499999999997
2019.6413,-0.32885800000000004,0.025641999999999943,-0.08658100000000002
2019.6441,-0.32973199999999997,0.024434999999999985,-0.09224299999999996
2019.6468,-0.329949,0.024182000000000037,-0.08524599999999993
2019.6496,-0.32960399999999995,0.02344400000000002,-0.09093399999999996
2019.6523,-0.33035,0.02461000000000002,-0.08800600000000003
2019.655,-0.3321,0.023473999999999995,-0.08665100000000003
2019.6578,-0.329852,0.02339800000000003,-0.08845000000000003
2019.6605,-0.33095099999999994,0.023872000000000004,-0.08862899999999996
2019.6632,-0.331675,0.023146,-0.08877800000000002
2019.666,-0.332605,0.02463599999999999,-0.08907999999999994
2019.6687,-0.330065,0.024617,-0.08640400000000004
2019.6715,-0.33148700000000003,0.024329999999999963,-0.09057099999999996
2019.6742,-0.33176900000000004,0.022001999999999966,-0.08618899999999996
2019.6769,-0.33063099999999995,0.024163999999999963,-0.08673200000000003
2019.6797,-0.32974699999999996,0.023124000000000033,-0.08990100000000001
2019.6824,-0.33174699999999996,0.023002999999999996,-0.08845899999999995
2019.6851,-0.33094700000000005,0.023040999999999978,-0.09346100000000002
2019.6879,-0.331235,0.022687000000000013,-0.086916
2019.6906,-0.330675,0.02316600000000002,-0.08782999999999996
2019.6934,-0.330667,0.023011000000000004,-0.08927200000000002
2019.6961,-0.33087700000000003,0.023811999999999944,-0.09126599999999996
2019.6988,-0.330278,0.02277600000000002,-0.09268399999999999
2019.7016,-0.33083199999999996,0.021811999999999943,-0.09184700000000001
2019.7043,-0.330973,0.021626000000000034,-0.08877599999999997
2019.707,-0.33091299999999996,0.02317999999999998,-0.09049299999999993
2019.7098,-0.331753,0.021687000000000012,-0.08555499999999994
2019.7125,-0.33034099999999994,0.019931000000000032,-0.08886399999999994
2019.7153,-0.331895,0.02239099999999994,-0.08906400000000003
2019.718,-0.331389,0.021029999999999993,-0.09075900000000003
2019.7207,-0.330417,0.020706000000000002,-0.08999199999999996
2019.7235,-0.32986,0.019911000000000012,-0.08931800000000001
2019.7262,-0.32950300000000005,0.021703999999999946,-0.08728599999999997
2019.729,-0.32835299999999995,0.02146899999999996,-0.08678299999999994
2019.7317,-0.33069999999999994,0.02068000000000003,-0.08740199999999998
2019.7344,-0.33163000000000004,0.020711000000000035,-0.08185699999999996
2019.7372,-0.330749,0.02074100000000001,-0.08283399999999996
2019.7399,-0.33106299999999994,0.01936799999999994,-0.08518799999999993
2019.7426,-0.329617,0.020035000000000025,-0.08850800000000003
2019.7454,-0.33156199999999997,0.020920999999999967,-0.08629699999999996
2019.7481,-0.331678,0.02049599999999996,-0.08957300000000001
2019.7509,-0.33190000000000003,0.019716999999999985,-0.09104299999999999
2019.7536,-0.33093,0.02109899999999998,-0.08862499999999995
2019.7563,-0.33084600000000003,0.020197999999999938,-0.08904299999999998
2019.7591,-0.33054,0.02039499999999994,-0.09114199999999995
2019.7618,-0.330668,0.019359000000000015,-0.09176699999999993
2019.7645,-0.33115500000000003,0.019185000000000008,-0.08934799999999998
2019.7673,-0.332212,0.02098500000000003,-0.08820099999999997
2019.77,-0.33180099999999996,0.020291999999999977,-0.08896199999999999
2019.7728,-0.330459,0.019908000000000037,-0.08557899999999996
2019.7755,-0.331223,0.019707999999999948,-0.08846299999999996
2019.7782,-0.33137900000000003,0.01929700000000001,-0.08821199999999996
2019.781,-0.33193999999999996,0.018622000000000027,-0.08729699999999996
2019.7837,-0.332216,0.019781999999999966,-0.08653
2019.7864,-0.332552,0.020537999999999945,-0.08692699999999998
2019.7892,-0.331919,0.018932999999999978,-0.08862300000000001
2019.7919,-0.332231,0.018935999999999953,-0.08314199999999994
2019.7947,-0.333868,0.01854100000000003,-0.084233
2019.7974,-0.33378199999999997,0.017336000000000018,-0.083951
2019.8001,-0.334169,0.019071999999999978,-0.08671699999999993
2019.8029,-0.33355399999999996,0.019503999999999966,-0.09055499999999994
2019.8056,-0.333794,0.018311999999999995,-0.08686099999999997
2019.8084,-0.333351,0.01842699999999997,-0.09099099999999993
2019.8111,-0.332108,0.019230999999999998,-0.08747700000000003
2019.8138,-0.33307899999999996,0.018027000000000015,-0.09276399999999996
2019.8166,-0.33475799999999994,0.01836199999999999,-0.08982699999999999
2019.8193,-0.334246,0.019118999999999997,-0.08709599999999995
2019.822,-0.33306399999999997,0.017866999999999966,-0.08881499999999998
2019.8248,-0.33436099999999996,0.017364999999999964,-0.09097
2019.8275,-0.33372699999999994,0.018345999999999973,-0.09337299999999993
2019.8303,-0.33344599999999996,0.01789200000000002,-0.09112799999999999
2019.833,-0.33378199999999997,0.018125999999999975,-0.09021499999999993
2019.8357,-0.33309399999999995,0.017881999999999953,-0.094279
2019.8385,-0.332799,0.018583000000000016,-0.08759300000000003
2019.8412,-0.33353499999999997,0.018503999999999965,-0.09133800000000003
2019.8439,-0.332173,0.018164999999999987,-0.09030899999999997
2019.8467,-0.33286299999999996,0.018576000000000037,-0.088897
2019.8494,-0.332914,0.01893800000000001,-0.09036599999999995
2019.8522,-0.33346899999999996,0.017564999999999942,-0.091507
2019.8549,-0.33481500000000003,0.018379000000000034,-0.09115699999999993
2019.8576,-0.334165,0.018177,-0.08915899999999999
2019.8604,-0.334977,0.018253999999999992,-0.09007299999999996
2019.8631,-0.334336,0.018834999999999935,-0.08824100000000001
2019.8658,-0.333019,0.01814899999999997,-0.08519199999999993
2019.8686,-0.333903,0.018352000000000035,-0.08585699999999996
2019.8713,-0.33551800000000004,0.018444000000000016,-0.09202900000000003
2019.8741,-0.33558000000000004,0.017575000000000007,-0.09014900000000003
2019.8768,-0.335474,0.01893199999999995,-0.08897
2019.8795,-0.33595,0.018406000000000033,-0.08581899999999998
2019.8823,-0.33656499999999995,0.018054999999999932,-0.07832399999999995
2019.885,-0.334439,0.01910500000000004,-0.08205299999999993
2019.8877,-0.336544,0.016004000000000018,-0.08131999999999995
2019.8905,-0.335463,0.01705100000000004,-0.08528899999999995
2019.8932,-0.33686,0.017054000000000014,-0.08751299999999995
2019.896,-0.337802,0.01700199999999996,-0.08819199999999994
2019.8987,-0.338131,0.020127000000000006,-0.08399999999999996
2019.9014,-0.338116,0.01925699999999997,-0.08526199999999995
2019.9042,-0.335803,0.01777899999999999,-0.08149200000000001
2019.9069,-0.33642500000000003,0.017903000000000002,-0.08451999999999993
2019.9097,-0.337432,0.017753999999999936,-0.08314999999999995
2019.9124,-0.33646499999999996,0.017496999999999985,-0.08538299999999999
2019.9151,-0.338764,0.016298000000000035,-0.083341
2019.9179,-0.33781100000000003,0.01691599999999993,-0.08447499999999997
2019.9206,-0.33854199999999995,0.017032999999999965,-0.08078200000000002
2019.9233,-0.33783199999999997,0.017742000000000036,-0.08136699999999997
2019.9261,-0.338478,0.017873999999999945,-0.09181799999999996
2019.9288,-0.33826799999999996,0.017372999999999972,-0.09335899999999997
2019.9316,-0.339057,0.018456999999999946,-0.09286099999999997
2019.9343,-0.340625,0.016969000000000012,-0.09301300000000001
2019.937,-0.336988,0.01807800000000004,-0.08968299999999996
2019.9398,-0.33703500000000003,0.01767200000000002,-0.09300399999999998
2019.9425,-0.33468899999999996,0.018112000000000017,-0.090978
2019.9452,-0.336918,0.017865999999999937,-0.09223300000000001
2019.948,-0.33848399999999995,0.017508999999999997,-0.092719
2019.9507,-0.33910999999999997,0.017225999999999964,-0.09248899999999993
2019.9535,-0.339748,0.017989000000000033,-0.087673
2019.9562,-0.33806299999999995,0.018293000000000004,-0.09107399999999999
2019.9589,-0.33815100000000003,0.019777999999999962,-0.09378699999999995
2019.9617,-0.337104,0.016575000000000006,-0.09018899999999996
2019.9644,-0.33958799999999995,0.01689799999999997,-0.09277400000000002
2019.9671,-0.339821,0.018900000000000028,-0.09465999999999997
2019.9699,-0.33978899999999995,0.01678499999999994,-0.09124900000000002
2019.9726,-0.337791,0.020703999999999945,-0.08430700000000002
2019.9754,-0.33959199999999995,0.020166999999999935,-0.08925799999999995
2019.9781,-0.33946899999999997,0.019074000000000035,-0.088221
2019.9808,-0.34060799999999997,0.019051999999999958,-0.08709699999999998
2019.9836,-0.34071899999999994,0.01810199999999995,-0.08710299999999993
2019.9863,-0.34231799999999996,0.019305999999999934,-0.087731
2019.989,-0.341914,0.019787,-0.08624299999999996
2019.9918,-0.343478,0.02004399999999995,-0.093059
2019.9945,-0.342118,0.018459000000000003,-0.09059399999999995
2019.9973,-0.343274,0.017905999999999977,-0.093225
2020.0,-0.34305800000000003,0.017513,-0.08974300000000002
2020.0027,-0.34247599999999995,0.017457999999999974,-0.09060000000000001
2020.0055,-0.33955399999999997,0.018495999999999957,-0.09029599999999993
2020.0082,-0.33977300000000005,0.019337999999999966,-0.09634599999999993
2020.011,-0.341018,0.019403999999999977,-0.09889300000000001
2020.0137,-0.34116699999999994,0.019313999999999942,-0.09714599999999995
2020.0164,-0.342447,0.01854100000000003,-0.09777400000000003
2020.0192,-0.34058499999999997,0.01936199999999999,-0.08807399999999999
2020.0219,-0.342238,0.019240999999999953,-0.09040799999999993
2020.0246,-0.33965300000000004,0.01923600000000003,-0.091561
2020.0274,-0.34205199999999997,0.018962000000000034,-0.09641
2020.0301,-0.341861,0.018598000000000003,-0.09269499999999997
2020.0329,-0.34296999999999994,0.01853399999999994,-0.09820099999999998
2020.0356,-0.342918,0.019774999999999987,-0.09251699999999996
2020.0383,-0.34170700000000004,0.019876000000000005,-0.09323599999999999
2020.0411,-0.342226,0.019333999999999962,-0.08812500000000001
2020.0438,-0.34297300000000003,0.019943999999999962,-0.09189899999999995
2020.0465,-0.34234499999999995,0.019950000000000023,-0.09541100000000002
2020.0493,-0.341821,0.020417999999999936,-0.09617399999999998
2020.052,-0.34138399999999997,0.020681999999999978,-0.08827299999999993
2020.0548,-0.34216299999999994,0.020145999999999997,-0.09492599999999995
2020.0575,-0.34199699999999994,0.01972699999999994,-0.09285100000000002
2020.0602,-0.34145299999999995,0.019332000000000016,-0.08988799999999997
2020.063,-0.34193500000000004,0.02013100000000001,-0.09089499999999995
2020.0657,-0.34192399999999995,0.019967999999999986,-0.09473399999999998
2020.0684,-0.34406699999999996,0.019087999999999994,-0.09209400000000001
2020.0712,-0.34316299999999994,0.01919599999999999,-0.09392400000000001
2020.0739,-0.34273499999999996,0.02073400000000003,-0.09497900000000004
2020.0767,-0.342551,0.01941000000000004,-0.09289599999999998
2020.0794,-0.34202099999999996,0.019777999999999962,-0.09255099999999994
2020.0821,-0.34037100000000003,0.01894600000000002,-0.09287199999999995
2020.0849,-0.341409,0.018766999999999978,-0.09189400000000003
2020.0876,-0.343826,0.019691999999999932,-0.09463299999999997
2020.0903,-0.34378000000000003,0.019317999999999946,-0.091916
2020.0931,-0.34488,0.020391999999999966,-0.09280299999999997
2020.0958,-0.34452199999999994,0.01966800000000002,-0.09243000000000001
2020.0986,-0.34351899999999996,0.020745000000000013,-0.08807900000000002
2020.1013,-0.34364199999999995,0.021360999999999963,-0.09025300000000003
2020.104,-0.34447599999999995,0.020982999999999974,-0.08958500000000003
2020.1068,-0.34521300000000005,0.020706000000000002,-0.09114999999999995
2020.1095,-0.34318299999999996,0.02138899999999999,-0.09143499999999993
2020.1123,-0.343736,0.021405000000000007,-0.08962199999999998
2020.115,-0.346265,0.020638999999999963,-0.092086
2020.1177,-0.34359500000000004,0.018942999999999932,-0.093507
2020.1205,-0.34417899999999996,0.019616999999999996,-0.08736199999999994
2020.1232,-0.34499699999999994,0.018847999999999976,-0.09082099999999993
2020.1259,-0.34440999999999994,0.02065399999999995,-0.09175699999999998
2020.1287,-0.346168,0.020264999999999977,-0.09088699999999994
2020.1314,-0.34521300000000005,0.021313999999999944,-0.09431899999999993
2020.1342,-0.345633,0.019888999999999935,-0.09601199999999999
2020.1369,-0.34739000000000003,0.021193999999999935,-0.094449
2020.1396,-0.34746099999999996,0.02237800000000001,-0.08917699999999995
2020.1424,-0.34641700000000003,0.02130999999999994,-0.09566399999999997
2020.1451,-0.34590000000000004,0.019657999999999953,-0.095302
2020.1478,-0.345651,0.02147599999999994,-0.09545399999999993
2020.1506,-0.34600400000000003,0.02293299999999998,-0.09592999999999996
2020.1533,-0.34764,0.02146300000000001,-0.10092800000000002
2020.1561,-0.34661099999999995,0.020384999999999986,-0.09816800000000003
2020.1588,-0.345674,0.022189000000000014,-0.09617900000000001
2020.1615,-0.34706200000000004,0.020517000000000007,-0.09593099999999999
2020.1643,-0.346679,0.019552000000000014,-0.09413499999999997
2020.167,-0.349666,0.02044299999999999,-0.09438499999999994
2020.1697,-0.34717099999999995,0.019124999999999948,-0.09639599999999993
2020.1725,-0.346219,0.021299999999999986,-0.093449
2020.1752,-0.34713599999999994,0.020676999999999945,-0.09550999999999998
2020.178,-0.346288,0.020494000000000012,-0.09061200000000003
2020.1807,-0.347667,0.020603999999999956,-0.09010399999999996
2020.1834,-0.34785099999999997,0.02018999999999993,-0.09392400000000001
2020.1862,-0.346859,0.020842000000000027,-0.09447499999999998
2020.1889,-0.34652199999999994,0.021306999999999965,-0.09302699999999997
2020.1916,-0.34849800000000003,0.019560000000000022,-0.09619500000000003
2020.1944,-0.34705899999999995,0.020291999999999977,-0.09057099999999996
2020.1971,-0.34908900000000004,0.020411999999999986,-0.09451599999999993
2020.1999,-0.346292,0.019962999999999953,-0.09678900000000001
2020.2026,-0.34742100000000004,0.020896999999999943,-0.094881
2020.2053,-0.34747599999999995,0.022411999999999987,-0.09389999999999998
2020.2081,-0.34833299999999995,0.020518999999999954,-0.09257099999999996
2020.2108,-0.34871899999999995,0.019890999999999992,-0.09014500000000003
2020.2136,-0.346462,0.019981000000000027,-0.092418
2020.2163,-0.34900499999999995,0.02020999999999995,-0.09286700000000003
2020.219,-0.349319,0.01939599999999997,-0.09323399999999993
2020.2218,-0.349558,0.01937,-0.09739599999999993
2020.2245,-0.34909300000000004,0.020340999999999942,-0.09505699999999995
2020.2272,-0.34922099999999995,0.018579000000000012,-0.09460899999999994
2020.23,-0.34923999999999994,0.020108000000000015,-0.09314199999999995
2020.2327,-0.35169,0.019426999999999972,-0.09582199999999996
2020.2355,-0.35076899999999994,0.01935600000000004,-0.09653899999999993
2020.2382,-0.349801,0.02020999999999995,-0.09519
2020.2409,-0.35030599999999995,0.01850200000000002,-0.08975100000000003
2020.2437,-0.349196,0.020351000000000008,-0.09856399999999998
2020.2464,-0.34888199999999997,0.020769000000000037,-0.09875299999999998
2020.2491,-0.34930900000000004,0.020888999999999935,-0.09208799999999995
2020.2519,-0.350401,0.02203999999999995,-0.09198799999999996
2020.2546,-0.34979699999999997,0.023352999999999957,-0.09456900000000001
2020.2574,-0.350442,0.02127599999999996,-0.09462999999999999
2020.2601,-0.35031799999999996,0.021904999999999952,-0.09184999999999999
2020.2628,-0.350983,0.023598000000000008,-0.09250800000000003
2020.2656,-0.34978800000000004,0.021287999999999974,-0.09465999999999997
2020.2683,-0.350917,0.020876000000000006,-0.09688600000000003
2020.271,-0.350077,0.022546999999999984,-0.09653
2020.2738,-0.35087300000000005,0.022287999999999974,-0.09670400000000001
2020.2765,-0.35228,0.02279999999999993,-0.09884300000000001
2020.2793,-0.35170300000000004,0.022290000000000032,-0.09657499999999997
2020.282,-0.352334,0.02174200000000004,-0.09624999999999995
2020.2847,-0.35154899999999994,0.023696999999999968,-0.096754
2020.2875,-0.35243399999999997,0.022896999999999945,-0.09584700000000002
2020.2902,-0.35242,0.023627999999999982,-0.09216800000000003
2020.293,-0.352805,0.022132999999999958,-0.09329199999999993
2020.2957,-0.35235299999999997,0.02103900000000003,-0.09211000000000003
2020.2984,-0.352311,0.022402000000000033,-0.08909800000000001
2020.3012,-0.35240199999999994,0.021340000000000026,-0.09336100000000003
2020.3039,-0.351165,0.02395999999999998,-0.09445499999999996
2020.3066,-0.351906,0.023653000000000035,-0.09065199999999995
2020.3094,-0.35411699999999996,0.023519999999999985,-0.09665099999999993
2020.3121,-0.35281,0.022301000000000015,-0.09223899999999996
2020.3149,-0.352149,0.022374000000000005,-0.09314
2020.3176,-0.35362299999999997,0.02293500000000004,-0.089754
2020.3203,-0.354531,0.022639999999999993,-0.092584
2020.3231,-0.35472,0.024135999999999935,-0.09650700000000001
2020.3258,-0.35412399999999994,0.023809999999999998,-0.09370299999999998
2020.3285,-0.353366,0.022295999999999982,-0.09643099999999993
2020.3313,-0.35223,0.02421200000000001,-0.09535799999999994
2020.334,-0.35320899999999994,0.023958999999999953,-0.09053800000000001
2020.3368,-0.35382600000000003,0.023455000000000004,-0.094059
2020.3395,-0.353794,0.024884000000000017,-0.09412999999999994
2020.3422,-0.35211699999999996,0.02461000000000002,-0.09086700000000003
2020.345,-0.35230999999999996,0.02393400000000001,-0.09303899999999998
2020.3477,-0.352814,0.025380999999999987,-0.091557
2020.3504,-0.35264599999999996,0.026641000000000026,-0.09286700000000003
2020.3532,-0.352091,0.024657999999999958,-0.09209100000000003
2020.3559,-0.353358,0.026275999999999966,-0.096974
2020.3587,-0.355431,0.024803999999999937,-0.09798699999999994
2020.3614,-0.354388,0.023712999999999984,-0.09433599999999998
2020.3641,-0.354729,0.023361999999999994,-0.098862
2020.3669,-0.35440699999999997,0.024429999999999952,-0.09497299999999997
2020.3696,-0.35510899999999995,0.02495499999999995,-0.09422399999999997
2020.3723,-0.354096,0.024980000000000002,-0.09133599999999997
2020.3751,-0.35454899999999995,0.025104000000000015,-0.0907
2020.3778,-0.356362,0.026841000000000004,-0.094217
2020.3806,-0.35396299999999997,0.025205000000000033,-0.09721199999999997
2020.3833,-0.353401,0.025588999999999973,-0.09462499999999996
2020.386,-0.35266499999999995,0.025888000000000022,-0.09541900000000003
2020.3888,-0.353187,0.025224000000000024,-0.08982899999999994
2020.3915,-0.35275799999999996,0.02528600000000003,-0.08848500000000004
2020.3943,-0.35389200000000004,0.02660399999999996,-0.09399800000000003
2020.397,-0.35413599999999995,0.026931999999999956,-0.09212299999999995
2020.3997,-0.35355200000000003,0.02728200000000003,-0.09167099999999995
2020.4025,-0.35325900000000005,0.026635999999999993,-0.09207299999999996
2020.4052,-0.35459599999999997,0.027227,-0.095495
2020.4079,-0.35459599999999997,0.02588299999999999,-0.087314
2020.4107,-0.353778,0.02463700000000002,-0.093302
2020.4134,-0.355075,0.027468999999999966,-0.09290799999999999
2020.4162,-0.35527899999999996,0.026034,-0.08773399999999998
2020.4189,-0.35423999999999994,0.02727299999999999,-0.09310699999999994
2020.4216,-0.355558,0.02705000000000002,-0.08834900000000001
2020.4244,-0.354373,0.028866999999999976,-0.09181099999999998
2020.4271,-0.354361,0.02712899999999996,-0.08901799999999993
2020.4298,-0.352764,0.028650999999999982,-0.091144
2020.4326,-0.355129,0.02808900000000003,-0.09158199999999994
2020.4353,-0.354273,0.027749000000000024,-0.08850000000000002
2020.4381,-0.355011,0.028232999999999953,-0.09175699999999998
2020.4408,-0.354945,0.028507999999999978,-0.09494400000000003
2020.4435,-0.35369199999999995,0.02754499999999993,-0.09843400000000002
2020.4463,-0.353674,0.028449999999999975,-0.09181799999999996
2020.449,-0.354191,0.028251999999999944,-0.09085900000000002
2020.4517,-0.353794,0.027997999999999967,-0.09042399999999995
2020.4545,-0.354092,0.027541000000000038,-0.08764499999999997
2020.4572,-0.35472,0.02848600000000001,-0.09155400000000002
2020.46,-0.35518500000000003,0.02844800000000003,-0.09203300000000003
2020.4627,-0.35578799999999994,0.02851999999999999,-0.09468599999999994
2020.4654,-0.355848,0.029378000000000015,-0.09176299999999993
2020.4682,-0.354763,0.02778400000000003,-0.09065999999999996
2020.4709,-0.35338299999999995,0.02655200000000002,-0.093503
2020.4736,-0.35360600000000003,0.02842,-0.09309699999999999
2020.4764,-0.353289,0.028737000000000013,-0.09367700000000001
2020.4791,-0.35505899999999996,0.02884500000000001,-0.08746399999999999
2020.4819,-0.35404399999999997,0.028050999999999937,-0.08666399999999996
2020.4846,-0.354046,0.02981800000000001,-0.08974899999999997
2020.4873,-0.355241,0.028371999999999953,-0.09102199999999994
2020.4901,-0.35484599999999994,0.030127999999999933,-0.09099499999999994
2020.4928,-0.35489699999999996,0.02787799999999996,-0.088418
2020.4956,-0.355384,0.029081000000000023,-0.09485299999999997
2020.4983,-0.35459199999999996,0.029371000000000036,-0.090252
2020.501,-0.35449899999999995,0.02957999999999994,-0.08726400000000001
2020.5038,-0.35452999999999996,0.02975300000000003,-0.09199899999999994
2020.5065,-0.35459100000000005,0.030727999999999978,-0.09440700000000002
2020.5092,-0.35448699999999994,0.02859400000000001,-0.09943499999999994
2020.512,-0.35616200000000003,0.029915000000000025,-0.09356399999999998
2020.5147,-0.35424300000000003,0.028730000000000033,-0.09576799999999996
2020.5175,-0.35378800000000005,0.028359000000000023,-0.09180500000000003
2020.5202,-0.35549499999999995,0.029178999999999955,-0.09108700000000003
2020.5229,-0.355037,0.028934000000000015,-0.09755000000000003
2020.5257,-0.35563799999999995,0.030418999999999974,-0.09101899999999996
2020.5284,-0.355404,0.028779,-0.09219199999999994
2020.5311,-0.354574,0.029290000000000038,-0.09178200000000003
2020.5339,-0.35538600000000004,0.02865200000000001,-0.09165699999999999
2020.5366,-0.35577200000000003,0.029110999999999998,-0.09243800000000002
2020.5394,-0.355991,0.030463000000000018,-0.09470800000000001
2020.5421,-0.354716,0.029722999999999944,-0.09517799999999998
2020.5448,-0.355852,0.028900999999999955,-0.09646999999999994
2020.5476,-0.35513500000000003,0.028266000000000013,-0.09639200000000003
2020.5503,-0.35649499999999995,0.02847999999999995,-0.09188200000000002
2020.553,-0.355342,0.02925500000000003,-0.09642499999999998
2020.5558,-0.35428,0.029137999999999997,-0.089082
2020.5585,-0.354782,0.029264999999999985,-0.08851999999999993
2020.5613,-0.354694,0.030822000000000016,-0.09489999999999998
2020.564,-0.35617400000000005,0.02985099999999996,-0.097383
2020.5667,-0.355474,0.030511999999999984,-0.09461600000000003
2020.5695,-0.354625,0.029981999999999953,-0.095549
2020.5722,-0.354922,0.03026300000000004,-0.09218700000000002
2020.5749,-0.353517,0.02878599999999998,-0.09110399999999996
2020.5777,-0.354172,0.02947299999999997,-0.09454200000000001
2020.5804,-0.35277299999999995,0.028345999999999982,-0.09621599999999997
2020.5832,-0.353513,0.027681999999999984,-0.09683900000000001
2020.5859,-0.35462999999999995,0.027747999999999995,-0.10018799999999994
2020.5886,-0.35451099999999997,0.029092000000000007,-0.09436900000000004
2020.5914,-0.35343399999999997,0.028537999999999952,-0.09878799999999999
2020.5941,-0.35331399999999996,0.02782399999999996,-0.09443000000000001
2020.5969,-0.353907,0.028421999999999947,-0.09072899999999995
2020.5996,-0.35401900000000003,0.028113999999999972,-0.09190799999999999
2020.6023,-0.35542100000000004,0.02781100000000003,-0.09165699999999999
2020.6051,-0.35421600000000003,0.02712199999999998,-0.09614400000000001
2020.6078,-0.353431,0.028218999999999994,-0.09203399999999995
2020.6105,-0.35493099999999994,0.028479000000000032,-0.09379300000000002
2020.6133,-0.353887,0.029106999999999994,-0.09284199999999998
2020.616,-0.355492,0.02746700000000002,-0.09232399999999996
2020.6188,-0.35466400000000003,0.02840699999999996,-0.09332099999999999
2020.6215,-0.355909,0.02793699999999999,-0.09327799999999997
2020.6242,-0.35611699999999996,0.028285000000000005,-0.09121199999999996
2020.627,-0.352439,0.028560999999999948,-0.09918099999999996
2020.6297,-0.353343,0.028393,-0.09522900000000001
2020.6324,-0.35486500000000004,0.026500999999999997,-0.09049099999999999
2020.6352,-0.354473,0.027761000000000036,-0.096186
2020.6379,-0.352852,0.029587999999999948,-0.09078999999999993
2020.6407,-0.354439,0.030471000000000026,-0.09194599999999997
2020.6434,-0.35554099999999994,0.02860600000000002,-0.09415799999999996
2020.6461,-0.35549800000000004,0.028920999999999975,-0.09814899999999993
2020.6489,-0.35404399999999997,0.027197000000000027,-0.08877299999999999
2020.6516,-0.35359500000000005,0.027583999999999942,-0.09417799999999998
2020.6543,-0.354833,0.028065000000000007,-0.09293499999999999
2020.6571,-0.35399200000000003,0.026751999999999998,-0.09106000000000003
2020.6598,-0.35515499999999994,0.027239000000000013,-0.093858
2020.6626,-0.35332499999999994,0.02665099999999998,-0.091866
2020.6653,-0.356026,0.025783,-0.09321899999999994
2020.668,-0.35493099999999994,0.02814300000000003,-0.09370199999999995
2020.6708,-0.354242,0.02710199999999996,-0.09342600000000001
2020.6735,-0.35496999999999995,0.026436999999999933,-0.09392899999999993
2020.6762,-0.35458300000000004,0.025595999999999952,-0.09441699999999997
2020.679,-0.353509,0.026070000000000038,-0.09502500000000003
2020.6817,-0.35532499999999995,0.025614000000000026,-0.09337299999999993
2020.6845,-0.357111,0.026276999999999995,-0.09592400000000001
2020.6872,-0.35500000000000004,0.025619999999999976,-0.09713499999999997
2020.6899,-0.353034,0.024722000000000022,-0.09518300000000002
2020.6927,-0.35373399999999994,0.025399999999999978,-0.09511000000000003
2020.6954,-0.354667,0.024938000000000016,-0.09240300000000001
2020.6982,-0.355021,0.02602300000000002,-0.09659499999999999
2020.7009,-0.35477699999999995,0.02490899999999996,-0.097159
2020.7036,-0.35488800000000004,0.02563099999999996,-0.098889
2020.7064,-0.353068,0.024395999999999973,-0.09860400000000002
2020.7091,-0.354165,0.02559100000000003,-0.09453500000000004
2020.7118,-0.353944,0.024793999999999983,-0.09775299999999998
2020.7146,-0.35500800000000005,0.024541999999999953,-0.09466299999999994
2020.7173,-0.35587699999999994,0.02437900000000004,-0.09755099999999994
2020.7201,-0.354304,0.02330399999999999,-0.09655199999999997
2020.7228,-0.355196,0.02502199999999999,-0.09335300000000002
2020.7255,-0.35576899999999995,0.023178000000000032,-0.09833199999999997
2020.7283,-0.356373,0.023734000000000033,-0.09550899999999996
2020.731,-0.35665600000000003,0.02363000000000004,-0.09695199999999993
2020.7337,-0.354546,0.023648000000000002,-0.09382599999999996
2020.7365,-0.356551,0.024321999999999955,-0.098074
2020.7392,-0.355544,0.024048999999999987,-0.09752399999999994
2020.742,-0.35476199999999997,0.02481,-0.093468
2020.7447,-0.354118,0.02517400000000003,-0.09557300000000002
2020.7474,-0.35494,0.024521999999999933,-0.09836100000000003
2020.7502,-0.35651399999999994,0.02440500000000001,-0.09887999999999997
2020.7529,-0.35603899999999994,0.024747999999999992,-0.09918700000000003
2020.7556,-0.35518900000000003,0.024765999999999955,-0.09753299999999998
2020.7584,-0.355937,0.02400800000000003,-0.09621800000000003
2020.7611,-0.35531399999999996,0.02366999999999997,-0.09596899999999997
2020.7639,-0.356948,0.022877999999999954,-0.09936999999999996
2020.7666,-0.35741700000000004,0.022043999999999953,-0.09700500000000001
2020.7693,-0.356539,0.02184799999999998,-0.09754200000000002
2020.7721,-0.357018,0.022029999999999994,-0.09597699999999998
2020.7748,-0.35832800000000004,0.023020999999999958,-0.09334200000000004
2020.7775,-0.35781899999999994,0.023467000000000016,-0.09558900000000004
2020.7803,-0.35774199999999995,0.02412599999999998,-0.09794899999999995
2020.783,-0.358508,0.02251700000000001,-0.100217
2020.7858,-0.3584,0.021928999999999976,-0.09581200000000001
2020.7885,-0.35797300000000004,0.022267000000000037,-0.09567300000000001
2020.7912,-0.357045,0.02261599999999997,-0.09716800000000003
2020.794,-0.35842899999999994,0.02386100000000002,-0.09902699999999998
2020.7967,-0.355979,0.02364900000000003,-0.09368599999999994
2020.7995,-0.35890799999999995,0.022279999999999966,-0.09912199999999993
2020.8022,-0.358061,0.022951999999999972,-0.09746500000000002
2020.8049,-0.358335,0.02272799999999997,-0.09932200000000002
2020.8077,-0.358284,0.02212599999999998,-0.09416499999999994
2020.8104,-0.358161,0.021861999999999937,-0.10147099999999998
2020.8131,-0.35889699999999997,0.02264299999999997,-0.09626699999999999
2020.8159,-0.35911299999999996,0.021313999999999944,-0.09487899999999994
2020.8186,-0.35945999999999995,0.022017999999999982,-0.09789999999999999
2020.8214,-0.35786199999999996,0.02176,-0.092063
2020.8241,-0.36007399999999995,0.021984000000000004,-0.10063599999999995
2020.8268,-0.358199,0.022816999999999976,-0.09972499999999995
2020.8296,-0.35725500000000004,0.022023000000000015,-0.095298
2020.8323,-0.357432,0.022160999999999986,-0.09375900000000004
2020.835,-0.35844000000000004,0.02239599999999997,-0.09767499999999996
2020.8378,-0.36036699999999994,0.021626000000000034,-0.09885100000000002
2020.8405,-0.359049,0.021830999999999934,-0.09849799999999997
2020.8433,-0.358492,0.020963999999999983,-0.09795599999999993
2020.846,-0.35928299999999996,0.021606999999999932,-0.09808099999999997
2020.8487,-0.35960600000000004,0.020931000000000033,-0.08822799999999997
2020.8515,-0.35996,0.020626000000000033,-0.09131800000000001
2020.8542,-0.35947599999999996,0.022455000000000003,-0.09351999999999994
2020.8569,-0.35814399999999996,0.021529999999999938,-0.09150099999999994
2020.8597,-0.358164,0.021282000000000023,-0.09343299999999999
2020.8624,-0.35920599999999997,0.021029999999999993,-0.093468
2020.8652,-0.361068,0.020108000000000015,-0.09449299999999994
2020.8679,-0.360608,0.01964599999999994,-0.09688799999999997
2020.8706,-0.36056799999999994,0.021364999999999967,-0.09085399999999999
2020.8734,-0.36147,0.021193000000000017,-0.09446299999999996
2020.8761,-0.359813,0.021306999999999965,-0.09324500000000002
2020.8789,-0.35911600000000005,0.02242299999999997,-0.09142600000000001
2020.8816,-0.361037,0.022092,-0.09223899999999996
2020.8843,-0.35859099999999994,0.022159999999999958,-0.09310299999999994
2020.8871,-0.35839000000000004,0.02188100000000004,-0.09798399999999996
2020.8898,-0.35876499999999995,0.020711999999999953,-0.09459299999999993
2020.8925,-0.35905000000000004,0.022135000000000016,-0.09701499999999996
2020.8953,-0.35972699999999996,0.021544000000000008,-0.090812
2020.898,-0.36057599999999995,0.021047000000000038,-0.09163900000000003
2020.9008,-0.35929799999999995,0.02188699999999999,-0.092414
2020.9035,-0.36090700000000003,0.021750999999999965,-0.09096499999999996
2020.9062,-0.35911600000000005,0.02262299999999995,-0.09475899999999993
2020.909,-0.35949099999999995,0.02241599999999999,-0.09082699999999999
2020.9117,-0.358296,0.023746999999999963,-0.09124299999999996
2020.9144,-0.35939499999999996,0.02205299999999999,-0.09056600000000004
2020.9172,-0.360214,0.02223200000000003,-0.09077199999999996
2020.9199,-0.35980700000000004,0.022969999999999935,-0.09378299999999995
2020.9227,-0.359578,0.02191399999999999,-0.09706000000000004
2020.9254,-0.359814,0.02276900000000004,-0.09809800000000002
2020.9281,-0.36125100000000004,0.022062000000000026,-0.09763500000000003
2020.9309,-0.361712,0.022432000000000007,-0.09450000000000003
2020.9336,-0.360735,0.02350399999999997,-0.104267
2020.9363,-0.36182299999999995,0.022826000000000013,-0.09519999999999995
2020.9391,-0.36180399999999996,0.02249499999999993,-0.09620200000000001
2020.9418,-0.36304299999999995,0.02268099999999995,-0.09627600000000003
2020.9446,-0.361423,0.02307199999999998,-0.09548999999999996
2020.9473,-0.36194200000000004,0.022691000000000017,-0.09519299999999997
2020.95,-0.361416,0.023471999999999937,-0.093916
2020.9528,-0.36183899999999997,0.02244400000000002,-0.09793799999999997
2020.9555,-0.36127800000000004,0.024341999999999975,-0.09770199999999996
2020.9582,-0.36142199999999997,0.024770999999999987,-0.09489499999999995
2020.961,-0.36121299999999995,0.022510999999999948,-0.08768100000000001
2020.9637,-0.361733,0.02256400000000003,-0.09414199999999995
2020.9665,-0.36219700000000005,0.023672000000000026,-0.09834299999999996
2020.9692,-0.36082200000000003,0.021691999999999934,-0.09742299999999993
2020.9719,-0.361975,0.02242999999999995,-0.09677999999999998
2020.9747,-0.36239000000000005,0.02230999999999994,-0.09008300000000002
2020.9774,-0.36289299999999997,0.02166199999999996,-0.09433199999999997
2020.9802,-0.36316999999999994,0.022406999999999955,-0.09894899999999995
2020.9829,-0.36250699999999997,0.02098,-0.09669899999999998
2020.9856,-0.362156,0.022285,-0.09805900000000001
2020.9884,-0.36347899999999994,0.02166800000000002,-0.09470899999999993
2020.9911,-0.36410400000000004,0.021421000000000023,-0.087252
2020.9938,-0.362415,0.022989999999999955,-0.09175
2020.9966,-0.36483499999999996,0.02126499999999998,-0.09995100000000001
2020.9993,-0.363003,0.022778999999999994,-0.097109
2021.0021,-0.362729,0.021541000000000032,-0.09881699999999993
2021.0048,-0.36366400000000004,0.02191999999999994,-0.09531499999999993
2021.0075,-0.36271400000000004,0.02158199999999999,-0.09603399999999995
2021.0103,-0.36471499999999996,0.02122999999999997,-0.09374499999999997
2021.013,-0.362446,0.02173499999999995,-0.09397900000000003
2021.0157,-0.36288000000000004,0.021633000000000013,-0.09766600000000003
2021.0185,-0.362733,0.020665999999999962,-0.09621899999999994
2021.0212,-0.36256399999999994,0.02207799999999993,-0.09885699999999997
2021.024,-0.363608,0.023645999999999945,-0.095302
2021.0267,-0.364779,0.022738000000000036,-0.09934999999999994
2021.0294,-0.364474,0.022162000000000015,-0.10158400000000001
2021.0322,-0.36363700000000004,0.022571000000000008,-0.09795799999999999
2021.0349,-0.364917,0.022340000000000027,-0.09985100000000002
2021.0376,-0.364253,0.023460999999999954,-0.101379
2021.0404,-0.363586,0.023017999999999983,-0.097298
2021.0431,-0.365762,0.02433799999999997,-0.09580900000000003
2021.0459,-0.366002,0.021666999999999992,-0.097333
2021.0486,-0.364728,0.021189000000000013,-0.09587699999999999
2021.0513,-0.364783,0.02130399999999999,-0.09322299999999994
2021.0541,-0.364362,0.023348999999999953,-0.09714999999999996
2021.0568,-0.36547100000000005,0.021723999999999966,-0.09362399999999993
2021.0595,-0.364265,0.02266299999999999,-0.09382000000000001
2021.0623,-0.364582,0.02271599999999996,-0.09345399999999993
2021.065,-0.36500799999999994,0.021637000000000017,-0.09751299999999996
2021.0678,-0.36562100000000003,0.02204499999999998,-0.08759700000000004
2021.0705,-0.36438200000000004,0.02355699999999994,-0.09208399999999994
2021.0732,-0.36305800000000005,0.023766999999999983,-0.08549600000000002
2021.076,-0.365029,0.021915999999999936,-0.08864300000000003
2021.0787,-0.36654000000000003,0.020777999999999963,-0.09416000000000002
2021.0815,-0.366393,0.02244400000000002,-0.09768599999999994
2021.0842,-0.366157,0.023561999999999972,-0.10318899999999998
2021.0869,-0.36728999999999995,0.022584999999999966,-0.09988600000000003
2021.0897,-0.36581199999999997,0.02303299999999997,-0.09822999999999993
2021.0924,-0.365365,0.02274100000000001,-0.09714599999999995
2021.0951,-0.36769499999999994,0.022307999999999995,-0.09787400000000002
2021.0979,-0.368376,0.02198100000000003,-0.099445
2021.1006,-0.368758,0.022280999999999995,-0.09839299999999995
2021.1034,-0.36757900000000004,0.022703999999999946,-0.09665800000000002
2021.1061,-0.36840100000000003,0.021282000000000023,-0.09668399999999999
2021.1088,-0.36741300000000005,0.022992000000000012,-0.09233800000000003
2021.1116,-0.367705,0.023448999999999942,-0.09560899999999994
2021.1143,-0.367392,0.02363700000000002,-0.09747499999999998
2021.117,-0.36877699999999997,0.024394000000000027,-0.09602900000000003
2021.1198,-0.36910000000000004,0.023753000000000024,-0.09944299999999995
2021.1225,-0.369308,0.02238299999999993,-0.10093600000000003
2021.1253,-0.368731,0.023214999999999986,-0.09515499999999999
2021.128,-0.369666,0.023268999999999984,-0.09687000000000001
2021.1307,-0.37013999999999997,0.02393400000000001,-0.09832200000000002
2021.1335,-0.369446,0.022069000000000005,-0.09933499999999995
2021.1362,-0.36784,0.022475000000000023,-0.10181799999999996
2021.1389,-0.36869100000000005,0.02144400000000002,-0.10117799999999999
2021.1417,-0.369341,0.02219799999999994,-0.10189199999999998
2021.1444,-0.36974899999999994,0.021787,-0.10178599999999993
2021.1472,-0.37066499999999997,0.02227699999999999,-0.09418899999999997
2021.1499,-0.37145500000000004,0.02144899999999994,-0.101406
2021.1526,-0.37044000000000005,0.020894999999999997,-0.09870499999999993
2021.1554,-0.36885300000000004,0.022175999999999974,-0.09766799999999998
2021.1581,-0.37099,0.02151599999999998,-0.09248299999999998
2021.1608,-0.37160200000000004,0.022424,-0.09499400000000002
2021.1636,-0.37196899999999994,0.021081000000000016,-0.09783200000000003
2021.1663,-0.370144,0.02225100000000002,-0.09416499999999994
2021.1691,-0.37082999999999994,0.021482,-0.090499
2021.1718,-0.37135899999999994,0.02077399999999996,-0.099267
2021.1745,-0.370353,0.022240000000000038,-0.100414
2021.1773,-0.370121,0.022984000000000004,-0.10042799999999996
2021.18,-0.36954800000000004,0.02239800000000003,-0.10279499999999997
2021.1828,-0.370821,0.021325999999999956,-0.10058999999999996
2021.1855,-0.37229799999999996,0.02261000000000002,-0.10016999999999998
2021.1882,-0.371223,0.022693999999999992,-0.09775699999999998
2021.191,-0.37030899999999994,0.022953,-0.10242200000000001
2021.1937,-0.36943299999999996,0.020299999999999985,-0.10410799999999998
2021.1964,-0.369697,0.02102000000000004,-0.10322100000000001
2021.1992,-0.372276,0.02281500000000003,-0.10195999999999994
2021.2019,-0.3715,0.023627999999999982,-0.095611
2021.2047,-0.370419,0.022679000000000005,-0.09709400000000001
2021.2074,-0.37064099999999994,0.022228999999999943,-0.09907599999999994
2021.2101,-0.3706,0.02185300000000001,-0.091283
2021.2129,-0.371704,0.02237599999999995,-0.10049699999999995
2021.2156,-0.371256,0.021510999999999947,-0.10257099999999997
2021.2183,-0.37236299999999994,0.022460000000000035,-0.10473299999999997
2021.2211,-0.371562,0.024527999999999994,-0.10294099999999995
2021.2238,-0.37138699999999997,0.021473999999999993,-0.09986600000000001
2021.2266,-0.37189,0.02302000000000004,-0.09906799999999993
2021.2293,-0.371041,0.022086999999999968,-0.095522
2021.232,-0.371871,0.02424700000000002,-0.09622799999999998
2021.2348,-0.37155999999999995,0.023177000000000003,-0.09958500000000003
2021.2375,-0.37166099999999996,0.022909999999999986,-0.102495
2021.2402,-0.37189599999999995,0.022653000000000034,-0.09905600000000003
2021.243,-0.37277599999999994,0.023135000000000017,-0.09903399999999996
2021.2457,-0.373014,0.024220999999999937,-0.10097999999999996
2021.2485,-0.372601,0.023975999999999997,-0.102105
2021.2512,-0.372724,0.024177000000000004,-0.09733499999999995
2021.2539,-0.373439,0.024579000000000018,-0.10186799999999996
2021.2567,-0.37209699999999996,0.025653999999999955,-0.10206199999999999
2021.2594,-0.372117,0.02305999999999997,-0.09679099999999996
2021.2621,-0.37296899999999994,0.023587999999999942,-0.09297100000000003
2021.2649,-0.37379100000000004,0.024621000000000004,-0.09706899999999996
2021.2676,-0.37340599999999996,0.025197999999999943,-0.09673900000000002
2021.2704,-0.374076,0.02496200000000004,-0.098796
2021.2731,-0.37510099999999996,0.02525299999999997,-0.09835399999999994
2021.2758,-0.37443,0.025548999999999933,-0.09662899999999996
2021.2786,-0.372851,0.025236999999999954,-0.09510299999999994
2021.2813,-0.37363799999999997,0.026932999999999985,-0.09465299999999999
2021.2841,-0.37472199999999994,0.025608999999999993,-0.09734199999999993
2021.2868,-0.371779,0.025110999999999994,-0.09476799999999996
2021.2895,-0.373871,0.025236999999999954,-0.09687099999999993
2021.2923,-0.373646,0.026734999999999953,-0.09894899999999995
2021.295,-0.374503,0.026959999999999984,-0.10087299999999999
2021.2977,-0.373739,0.028252999999999973,-0.09660199999999997
2021.3005,-0.37370600000000004,0.026062999999999947,-0.09511899999999995
2021.3032,-0.37410799999999994,0.02665200000000001,-0.10013399999999995
2021.306,-0.37443999999999994,0.026683000000000012,-0.09372499999999995
2021.3087,-0.375561,0.026698,-0.09515200000000001
2021.3114,-0.373589,0.025509000000000004,-0.09812599999999994
2021.3142,-0.374022,0.025144999999999973,-0.08793299999999993
2021.3169,-0.374426,0.02595599999999998,-0.09367099999999995
2021.3196,-0.375041,0.027344000000000035,-0.09654399999999996
2021.3224,-0.37432099999999996,0.02624700000000002,-0.10096799999999995
2021.3251,-0.373345,0.026330999999999993,-0.09556999999999993
2021.3279,-0.37457100000000004,0.025986999999999982,-0.10036699999999998
2021.3306,-0.37429300000000004,0.025494999999999934,-0.092522
2021.3333,-0.37433900000000003,0.02702799999999994,-0.09529599999999994
2021.3361,-0.37544700000000003,0.024957000000000007,-0.09641500000000003
2021.3388,-0.37577900000000003,0.02591599999999994,-0.09760999999999997
2021.3415,-0.374925,0.02524599999999999,-0.10211899999999996
2021.3443,-0.37453,0.025309000000000026,-0.09533800000000003
2021.347,-0.375028,0.026595999999999953,-0.09852700000000003
2021.3498,-0.37377299999999997,0.02815000000000001,-0.09829399999999999
2021.3525,-0.374794,0.026282000000000028,-0.09773599999999993
2021.3552,-0.374404,0.02688400000000002,-0.09555099999999994
2021.358,-0.374515,0.026376999999999984,-0.09688600000000003
2021.3607,-0.37392200000000003,0.026521999999999935,-0.09906599999999999
2021.3634,-0.37498000000000004,0.02613399999999999,-0.09784399999999993
2021.3662,-0.37310400000000005,0.026567000000000007,-0.0998
2021.3689,-0.37454000000000004,0.02623999999999993,-0.10093799999999997
2021.3717,-0.37354499999999996,0.026634999999999964,-0.10024599999999995
2021.3744,-0.37467100000000003,0.026410999999999962,-0.09955099999999995
2021.3771,-0.37477,0.025231000000000003,-0.09597100000000003
2021.3799,-0.37614299999999995,0.026572999999999958,-0.09508700000000003
2021.3826,-0.37709,0.027977999999999947,-0.10107999999999995
2021.3854,-0.37639700000000004,0.026514000000000038,-0.10236199999999995
2021.3881,-0.37667,0.027575999999999934,-0.10599099999999995
2021.3908,-0.37622399999999995,0.028430999999999984,-0.099549
2021.3936,-0.375018,0.028849000000000014,-0.10196099999999997
2021.3963,-0.37552199999999997,0.02859199999999995,-0.10217999999999994
2021.399,-0.37657,0.027780000000000027,-0.10527200000000003
2021.4018,-0.37569199999999997,0.028696999999999973,-0.09777099999999994
2021.4045,-0.376107,0.028085999999999944,-0.09636899999999993
2021.4073,-0.37622700000000003,0.028669999999999973,-0.09319299999999997
2021.41,-0.37518500000000005,0.029784000000000033,-0.09631699999999999
2021.4127,-0.375206,0.029413000000000022,-0.09730300000000003
2021.4155,-0.375113,0.02932199999999996,-0.09613099999999997
2021.4182,-0.37623100000000004,0.028197000000000028,-0.09743099999999993
2021.4209,-0.37593499999999996,0.028707999999999956,-0.09548299999999998
2021.4237,-0.37548,0.029209999999999958,-0.09770599999999996
2021.4264,-0.37583700000000003,0.030376999999999987,-0.098553
2021.4292,-0.374322,0.02951400000000004,-0.09853899999999993
2021.4319,-0.37524799999999997,0.02926799999999996,-0.09939399999999998
2021.4346,-0.37557500000000005,0.029847999999999986,-0.09740899999999997
2021.4374,-0.37550900000000004,0.029691000000000023,-0.09523300000000001
2021.4401,-0.376033,0.030047999999999964,-0.10185699999999998
2021.4428,-0.37545100000000003,0.02977200000000002,-0.09887299999999999
2021.4456,-0.37642800000000004,0.029170999999999947,-0.09445000000000003
2021.4483,-0.37630899999999995,0.029577999999999993,-0.09901499999999996
2021.4511,-0.378615,0.03056700000000001,-0.09537899999999999
2021.4538,-0.37707300000000005,0.02899099999999999,-0.09872499999999995
2021.4565,-0.376932,0.03138299999999994,-0.09905399999999998
2021.4593,-0.377121,0.03048799999999996,-0.09507999999999994
2021.462,-0.37821299999999997,0.03097099999999997,-0.09998499999999999
2021.4648,-0.37809600000000004,0.03122899999999995,-0.09845499999999996
2021.4675,-0.378963,0.03191699999999997,-0.09251699999999996
2021.4702,-0.37821699999999997,0.031802,-0.09458599999999995
2021.473,-0.37774099999999994,0.030398999999999954,-0.09752700000000003
2021.4757,-0.37760199999999994,0.029961999999999933,-0.09934199999999993
2021.4784,-0.377492,0.02999799999999997,-0.10455999999999999
2021.4812,-0.37899999999999995,0.030403999999999987,-0.09959200000000001
2021.4839,-0.377125,0.03156199999999998,-0.09679199999999999
2021.4867,-0.37693799999999994,0.028861999999999943,-0.10177099999999994
2021.4894,-0.37665699999999996,0.03131099999999998,-0.10161599999999993
2021.4921,-0.37744700000000003,0.029795000000000016,-0.09264700000000003
2021.4949,-0.37750100000000003,0.029608999999999996,-0.10233199999999998
2021.4976,-0.37837400000000004,0.029349999999999987,-0.10019500000000003
2021.5003,-0.37676400000000004,0.03050799999999998,-0.09675599999999995
2021.5031,-0.37738299999999997,0.031119000000000008,-0.09827699999999995
2021.5058,-0.37702299999999994,0.031254000000000004,-0.100889
2021.5086,-0.37686000000000003,0.030266999999999933,-0.10057099999999997
2021.5113,-0.37776499999999996,0.030988000000000016,-0.10465599999999997
2021.514,-0.376461,0.030949000000000004,-0.09697299999999998
2021.5168,-0.376245,0.03038799999999997,-0.09386499999999998
2021.5195,-0.37743200000000005,0.03238200000000002,-0.09713300000000002
2021.5222,-0.37688799999999995,0.029424000000000006,-0.09963999999999995
2021.525,-0.37725400000000003,0.031055999999999973,-0.09990399999999999
2021.5277,-0.376488,0.03126200000000001,-0.092005
2021.5305,-0.37523199999999995,0.029955999999999983,-0.09974899999999998
2021.5332,-0.375754,0.03014899999999998,-0.09817699999999996
2021.5359,-0.376612,0.031115000000000004,-0.10208899999999999
2021.5387,-0.37565,0.032015000000000016,-0.10285
2021.5414,-0.376103,0.032465999999999995,-0.10188900000000001
2021.5441,-0.37577900000000003,0.03078700000000001,-0.09327099999999999
2021.5469,-0.37462500000000004,0.03193899999999994,-0.10036999999999996
2021.5496,-0.37551399999999996,0.03126300000000004,-0.10416899999999996
2021.5524,-0.376184,0.029173000000000004,-0.10028300000000001
2021.5551,-0.37444799999999995,0.030344999999999955,-0.09532699999999994
2021.5578,-0.37891,0.02818900000000002,-0.09864099999999998
2021.5606,-0.37752499999999994,0.028537000000000035,-0.10238400000000003
2021.5633,-0.376288,0.030329999999999968,-0.10012100000000002
2021.5661,-0.37616299999999997,0.030749000000000026,-0.10007199999999994
2021.5688,-0.375434,0.03060799999999997,-0.09711099999999995
2021.5715,-0.375079,0.033279999999999976,-0.107927
2021.5743,-0.37571499999999997,0.031949000000000005,-0.10292000000000001
2021.577,-0.374955,0.032074999999999965,-0.09746900000000003
2021.5797,-0.375225,0.031035000000000035,-0.10027299999999995
2021.5825,-0.37402699999999994,0.03196699999999997,-0.10707299999999997
2021.5852,-0.37531299999999995,0.032174000000000036,-0.10670199999999996
2021.588,-0.37470299999999995,0.03041499999999997,-0.10516099999999995
2021.5907,-0.37593899999999997,0.02969900000000003,-0.09877999999999998
2021.5934,-0.37498899999999996,0.02952599999999994,-0.09850000000000003
2021.5962,-0.37425800000000004,0.03100499999999995,-0.10197100000000003
2021.5989,-0.37586800000000004,0.03034899999999996,-0.102738
2021.6016,-0.37548299999999996,0.030147000000000035,-0.10377999999999998
2021.6044,-0.37441299999999994,0.030093000000000036,-0.10205399999999998
2021.6071,-0.375909,0.02995199999999998,-0.10305200000000003
2021.6099,-0.37434300000000004,0.028838999999999948,-0.10212999999999994
2021.6126,-0.37484900000000004,0.031483999999999956,-0.10348299999999999
2021.6153,-0.37227000000000005,0.03123699999999996,-0.10196700000000003
2021.6181,-0.37341699999999994,0.029849999999999932,-0.10364399999999996
2021.6208,-0.375165,0.030969999999999942,-0.102101
2021.6235,-0.37583399999999995,0.029788999999999954,-0.096225
2021.6263,-0.374276,0.029603999999999964,-0.0988
2021.629,-0.373662,0.02928900000000001,-0.09759399999999996
2021.6318,-0.37501100000000004,0.028417999999999943,-0.10273500000000002
2021.6345,-0.374516,0.028139999999999943,-0.10188399999999997
2021.6372,-0.37436299999999995,0.029457999999999984,-0.09883799999999998
2021.64,-0.374979,0.02812199999999998,-0.09754499999999999
2021.6427,-0.375257,0.028125999999999984,-0.09740799999999994
2021.6454,-0.37454000000000004,0.029282999999999948,-0.10471200000000003
2021.6482,-0.37552899999999995,0.02954800000000002,-0.10456699999999997
2021.6509,-0.375677,0.028320000000000012,-0.10842399999999996
2021.6537,-0.373839,0.02829499999999996,-0.10050799999999993
2021.6564,-0.374461,0.029062000000000032,-0.10191899999999998
2021.6591,-0.37593000000000004,0.03004499999999999,-0.10080599999999995
2021.6619,-0.375875,0.027753000000000028,-0.10403799999999996
2021.6646,-0.37580299999999994,0.02884999999999993,-0.10090699999999997
2021.6674,-0.37610899999999997,0.028707999999999956,-0.09653100000000003
2021.6701,-0.37458699999999995,0.029390999999999945,-0.10141500000000003
2021.6728,-0.37486800000000003,0.028355999999999937,-0.10514699999999999
2021.6756,-0.374192,0.02753799999999995,-0.10525299999999993
2021.6783,-0.376168,0.027105999999999963,-0.10260899999999995
2021.681,-0.375696,0.02798299999999998,-0.100302
2021.6838,-0.37462100000000004,0.02771699999999999,-0.10273399999999999
2021.6865,-0.37527799999999994,0.02928900000000001,-0.10431000000000001
2021.6893,-0.374283,0.027970999999999968,-0.101078
2021.692,-0.376036,0.027722000000000024,-0.100877
2021.6947,-0.375134,0.027456999999999954,-0.101468
2021.6975,-0.37522300000000003,0.028459000000000012,-0.10554600000000003
2021.7002,-0.376075,0.027281,-0.10253899999999994
2021.7029,-0.37555599999999995,0.02739400000000003,-0.10365899999999995
2021.7057,-0.37663299999999994,0.026727999999999974,-0.10574099999999997
2021.7084,-0.37427399999999994,0.02710899999999994,-0.09879700000000002
2021.7112,-0.374111,0.026853999999999933,-0.09891799999999995
2021.7139,-0.37687699999999996,0.025931999999999955,-0.10459799999999997
2021.7166,-0.376723,0.024739999999999984,-0.10403399999999996
2021.7194,-0.376006,0.02564500000000003,-0.09951299999999996
2021.7221,-0.37655199999999994,0.02713399999999999,-0.10637699999999994
2021.7248,-0.376299,0.025714000000000015,-0.10783999999999994
2021.7276,-0.37680600000000003,0.02513999999999994,-0.10792800000000002
2021.7303,-0.37601999999999997,0.026549999999999963,-0.10395500000000002
2021.7331,-0.376913,0.025158000000000014,-0.10383599999999993
2021.7358,-0.37788399999999994,0.025174999999999947,-0.10430499999999998
2021.7385,-0.37732000000000004,0.024657999999999958,-0.10324500000000003
2021.7413,-0.37806100000000004,0.025424000000000002,-0.10762300000000002
2021.744,-0.377994,0.024075999999999986,-0.102599
2021.7467,-0.376829,0.025708999999999982,-0.10749600000000004
2021.7495,-0.37669,0.026117999999999975,-0.10766500000000001
2021.7522,-0.37637499999999996,0.025646999999999975,-0.10260899999999995
2021.755,-0.377072,0.025714000000000015,-0.10581399999999996
2021.7577,-0.37826299999999996,0.026058999999999943,-0.10599599999999998
2021.7604,-0.376368,0.024097999999999953,-0.10431499999999994
2021.7632,-0.378635,0.025749000000000022,-0.10187599999999997
2021.7659,-0.37739399999999995,0.026143999999999945,-0.106626
2021.7687,-0.37749000000000005,0.024702,-0.10325399999999996
2021.7714,-0.37812399999999996,0.02483599999999997,-0.10947499999999999
2021.7741,-0.378113,0.02407400000000004,-0.10781299999999994
2021.7769,-0.380381,0.023406999999999956,-0.10630099999999998
2021.7796,-0.37773700000000004,0.02406699999999995,-0.10213399999999995
2021.7823,-0.3794,0.025505,-0.10376799999999997
2021.7851,-0.378446,0.02456400000000003,-0.09980100000000003
2021.7878,-0.37788499999999997,0.02366899999999994,-0.10761799999999999
2021.7906,-0.379168,0.023368999999999973,-0.103263
2021.7933,-0.37836600000000004,0.023195999999999994,-0.101383
2021.796,-0.381261,0.024814000000000003,-0.101182
2021.7988,-0.379581,0.02340500000000001,-0.10217799999999999
2021.8015,-0.37806599999999996,0.023757999999999946,-0.10236
2021.8042,-0.37682,0.022253999999999996,-0.10176299999999994
2021.807,-0.38002299999999994,0.02369599999999994,-0.10661500000000002
2021.8097,-0.381862,0.02305400000000002,-0.099657
2021.8125,-0.382045,0.02332500000000004,-0.09604000000000001
2021.8152,-0.37974899999999995,0.023459000000000008,-0.09653699999999998
2021.8179,-0.380983,0.023213999999999957,-0.099414
2021.8207,-0.38001,0.023660000000000014,-0.10813099999999998
2021.8234,-0.38005700000000003,0.024540000000000006,-0.10465999999999998
2021.8261,-0.37960599999999994,0.02506699999999995,-0.10068900000000003
2021.8289,-0.381133,0.024150000000000005,-0.09982000000000002
2021.8316,-0.38032099999999996,0.02488299999999999,-0.10458499999999993
2021.8344,-0.378167,0.02569699999999997,-0.10233400000000004
2021.8371,-0.379381,0.024506000000000028,-0.10593600000000003
2021.8398,-0.37905799999999995,0.023406000000000038,-0.10227399999999998
2021.8426,-0.37959499999999996,0.023456000000000032,-0.10552300000000003
2021.8453,-0.378686,0.02268099999999995,-0.10200399999999998
2021.848,-0.379334,0.022302999999999962,-0.104402
2021.8508,-0.37930800000000003,0.02364199999999994,-0.10526099999999994
2021.8535,-0.379678,0.02490300000000001,-0.10898399999999997
2021.8563,-0.378531,0.024621000000000004,-0.10145700000000002
2021.859,-0.379296,0.025429999999999953,-0.109792
2021.8617,-0.379449,0.023611999999999966,-0.10741400000000001
2021.8645,-0.379441,0.02486900000000003,-0.10686799999999996
2021.8672,-0.38070299999999996,0.02419300000000002,-0.107267
2021.87,-0.38164400000000004,0.02413299999999996,-0.10954900000000001
2021.8727,-0.380916,0.02368899999999996,-0.10500399999999999
2021.8754,-0.380373,0.023996000000000017,-0.09972700000000001
2021.8782,-0.38076799999999994,0.024436000000000013,-0.10565199999999997
2021.8809,-0.379858,0.023889999999999967,-0.105267
2021.8836,-0.38025400000000004,0.024579000000000018,-0.10070299999999999
2021.8864,-0.38099900000000003,0.023723999999999967,-0.10454299999999994
2021.8891,-0.380472,0.023877999999999955,-0.10660099999999995
2021.8919,-0.38033,0.023509000000000002,-0.10361699999999996
2021.8946,-0.37972100000000003,0.023353999999999986,-0.10435499999999998
2021.8973,-0.382512,0.022243000000000013,-0.10760400000000003
2021.9001,-0.38057,0.022954999999999948,-0.10761299999999996
2021.9028,-0.38150500000000004,0.02214499999999997,-0.10550999999999999
2021.9055,-0.382454,0.023155999999999954,-0.10625299999999993
2021.9083,-0.38279499999999994,0.021776000000000018,-0.10677799999999993
2021.911,-0.38248,0.025197999999999943,-0.10923899999999998
2021.9138,-0.383225,0.022459000000000007,-0.10419899999999993
2021.9165,-0.38211100000000003,0.022406000000000037,-0.105236
2021.9192,-0.38157099999999994,0.02241099999999996,-0.10792599999999997
2021.922,-0.38474099999999994,0.023270000000000013,-0.10741699999999998
2021.9247,-0.383704,0.023334999999999995,-0.109375
2021.9274,-0.38441299999999995,0.024294000000000038,-0.10339399999999999
2021.9302,-0.38465699999999997,0.023554999999999993,-0.10579700000000003
2021.9329,-0.384276,0.023004999999999942,-0.10613399999999995
2021.9357,-0.38230400000000003,0.021174999999999944,-0.10825600000000002
2021.9384,-0.383144,0.02284200000000003,-0.10342600000000002
2021.9411,-0.38365999999999995,0.02219199999999999,-0.10523700000000002
2021.9439,-0.38308099999999995,0.021909999999999985,-0.10742299999999994
2021.9466,-0.38513000000000003,0.021262000000000003,-0.107653
2021.9493,-0.381496,0.02201200000000003,-0.09913899999999998
2021.9521,-0.38293399999999994,0.025330999999999992,-0.102352
2021.9548,-0.38286499999999996,0.022909999999999986,-0.10820799999999997
2021.9576,-0.381188,0.023685999999999985,-0.10752300000000004
2021.9603,-0.382059,0.02371499999999993,-0.10886499999999999
2021.963,-0.38108400000000003,0.022507999999999972,-0.10673299999999997
2021.9658,-0.382168,0.022729,-0.10849200000000003
2021.9685,-0.38415399999999994,0.023845000000000005,-0.10791399999999995
2021.9713,-0.38404299999999997,0.02355600000000002,-0.10386699999999993
2021.974,-0.38386400000000004,0.02307400000000004,-0.10210399999999997
2021.9767,-0.38225400000000004,0.02233200000000002,-0.09869399999999995
2021.9795,-0.38373300000000005,0.021915999999999936,-0.10137499999999999
2021.9822,-0.382306,0.022911000000000015,-0.09842799999999996
2021.9849,-0.38273300000000005,0.024692999999999965,-0.10470800000000002
2021.9877,-0.38406599999999996,0.023697999999999997,-0.10514199999999996
2021.9904,-0.38291499999999995,0.024109999999999965,-0.099943
2021.9932,-0.383499,0.023279999999999967,-0.10089499999999996
2021.9959,-0.38513400000000003,0.023177000000000003,-0.10806499999999997
2021.9986,-0.38448699999999997,0.023087999999999997,-0.10428799999999994
2022.0014,-0.38399,0.02563700000000002,-0.10614999999999997
2022.0041,-0.38282299999999997,0.023301000000000016,-0.10751599999999994
2022.0068,-0.38130400000000003,0.023340000000000027,-0.11111700000000002
2022.0096,-0.38335,0.02180700000000002,-0.112591
2022.0123,-0.383341,0.022591999999999945,-0.11047200000000001
2022.0151,-0.38201999999999997,0.021984000000000004,-0.11114400000000002
2022.0178,-0.38380299999999995,0.02221300000000004,-0.10537600000000003
2022.0205,-0.38383300000000004,0.023097000000000034,-0.108294
2022.0233,-0.383666,0.023321000000000036,-0.10997800000000002
2022.026,-0.384307,0.023375999999999952,-0.11445300000000003
2022.0287,-0.38410799999999995,0.02393500000000004,-0.11602699999999999
2022.0315,-0.384534,0.02339199999999997,-0.110761
2022.0342,-0.383697,0.024604999999999988,-0.111545
2022.037,-0.3834,0.022733000000000003,-0.10947600000000002
2022.0397,-0.38517300000000004,0.022796999999999956,-0.10895699999999997
2022.0424,-0.38389599999999996,0.02219300000000002,-0.10643000000000002
2022.0452,-0.38479899999999995,0.023584999999999967,-0.11173199999999994
2022.0479,-0.387346,0.024787000000000003,-0.11190999999999995
2022.0507,-0.38656699999999994,0.024992000000000014,-0.11619499999999994
2022.0534,-0.384269,0.023347000000000007,-0.11261699999999997
2022.0561,-0.385693,0.023060999999999998,-0.11567399999999994
2022.0589,-0.38639700000000005,0.024514999999999953,-0.11610599999999993
2022.0616,-0.385875,0.02362299999999995,-0.11331999999999998
2022.0643,-0.38574800000000004,0.023572999999999955,-0.10970599999999997
2022.0671,-0.38627399999999995,0.021923000000000026,-0.11112100000000003
2022.0698,-0.385175,0.02211200000000002,-0.11118899999999998
2022.0726,-0.386005,0.023702,-0.114336
2022.0753,-0.387159,0.024097999999999953,-0.11551100000000003
2022.078,-0.38729699999999995,0.024482000000000004,-0.11270999999999998
2022.0808,-0.38743500000000003,0.023394999999999944,-0.11247799999999997
2022.0835,-0.38758699999999996,0.02480799999999994,-0.11403699999999994
2022.0862,-0.387183,0.02371000000000001,-0.11014499999999994
2022.089,-0.38713800000000004,0.02336399999999994,-0.10923799999999995
2022.0917,-0.387651,0.025081999999999938,-0.11640499999999998
2022.0945,-0.38651699999999994,0.023646999999999974,-0.11600299999999997
2022.0972,-0.38748699999999997,0.022684999999999955,-0.11321799999999993
2022.0999,-0.386979,0.02407300000000001,-0.11104400000000003
2022.1027,-0.38720899999999997,0.02190800000000004,-0.11353099999999994
2022.1054,-0.38795699999999994,0.02253499999999997,-0.11910599999999993
2022.1081,-0.387897,0.02294699999999994,-0.11598299999999995
2022.1109,-0.387839,0.02296699999999996,-0.11528399999999994
2022.1136,-0.38764499999999996,0.023626000000000036,-0.112873
2022.1164,-0.38747400000000004,0.02401500000000001,-0.11121599999999998
2022.1191,-0.388457,0.025144999999999973,-0.11214000000000002
2022.1218,-0.388682,0.024868,-0.11388699999999996
2022.1246,-0.39087199999999994,0.023560999999999943,-0.10784799999999994
2022.1273,-0.388705,0.02410000000000001,-0.113174
2022.13,-0.388406,0.024193999999999938,-0.11604599999999998
2022.1328,-0.390423,0.02443200000000001,-0.11441299999999999
2022.1355,-0.38855999999999996,0.025890999999999997,-0.11210900000000001
2022.1383,-0.38838199999999995,0.025853999999999933,-0.111348
2022.141,-0.389484,0.024249999999999994,-0.113043
2022.1437,-0.388059,0.024372999999999978,-0.10788699999999996
2022.1465,-0.38847899999999996,0.025807999999999942,-0.11114499999999994
2022.1492,-0.38870999999999994,0.02569100000000002,-0.11533899999999997
2022.152,-0.38835800000000004,0.023843999999999976,-0.11530099999999999
2022.1547,-0.388777,0.024274000000000018,-0.12017900000000004
2022.1574,-0.388963,0.024820999999999982,-0.11574899999999999
2022.1602,-0.38869499999999996,0.025880999999999932,-0.114089
2022.1629,-0.388125,0.02547900000000003,-0.11046699999999998
2022.1656,-0.387832,0.025575000000000014,-0.11320600000000003
2022.1684,-0.38872500000000004,0.024633999999999934,-0.11231499999999994
2022.1711,-0.389666,0.024793999999999983,-0.11222299999999996
2022.1739,-0.39107,0.02534700000000001,-0.11055300000000001
2022.1766,-0.39041,0.026205000000000034,-0.11242399999999997
2022.1793,-0.39069099999999995,0.025973000000000024,-0.11523099999999997
2022.1821,-0.39129699999999995,0.02573000000000003,-0.11741400000000002
2022.1848,-0.390921,0.024799000000000015,-0.11230299999999993
2022.1875,-0.39067599999999997,0.024977999999999945,-0.110398
2022.1903,-0.389743,0.02567799999999998,-0.11352499999999999
2022.193,-0.391141,0.024514999999999953,-0.11346899999999993
2022.1958,-0.39268600000000004,0.024846999999999952,-0.11086399999999996
2022.1985,-0.3905,0.023989999999999956,-0.11393900000000001
2022.2012,-0.39152400000000004,0.025453999999999977,-0.11477300000000001
2022.204,-0.39328599999999997,0.026124000000000036,-0.11477599999999999
2022.2067,-0.392217,0.024796999999999958,-0.11661699999999997
2022.2094,-0.391055,0.024971999999999994,-0.11456900000000003
2022.2122,-0.39200399999999996,0.026142,-0.113533
2022.2149,-0.39246600000000004,0.025151999999999952,-0.10974399999999995
2022.2177,-0.39206899999999995,0.026563000000000003,-0.11564299999999994
2022.2204,-0.391145,0.025977000000000028,-0.11590999999999996
2022.2231,-0.391241,0.026330999999999993,-0.112931
2022.2259,-0.39241600000000004,0.026424000000000003,-0.11113399999999996
2022.2286,-0.393437,0.024564999999999948,-0.10880100000000004
2022.2313,-0.39282,0.02649800000000002,-0.11240899999999998
2022.2341,-0.392071,0.02549099999999993,-0.11062899999999998
2022.2368,-0.393728,0.025850999999999957,-0.10473900000000003
2022.2396,-0.392407,0.024751999999999996,-0.10965199999999997
2022.2423,-0.39436999999999994,0.02545200000000003,-0.10897299999999999
2022.245,-0.39392199999999994,0.023526999999999965,-0.10768199999999994
2022.2478,-0.393569,0.02370799999999995,-0.11060199999999998
2022.2505,-0.391967,0.025009999999999977,-0.11179399999999995
2022.2533,-0.392368,0.02547900000000003,-0.11080099999999993
2022.256,-0.39373299999999994,0.025656000000000012,-0.10678199999999993
2022.2587,-0.39453599999999994,0.02634700000000001,-0.10610600000000003
2022.2615,-0.394091,0.026263000000000036,-0.10824999999999996
2022.2642,-0.39328100000000005,0.02512800000000004,-0.11530799999999997
2022.2669,-0.394657,0.026745999999999936,-0.11022399999999999
2022.2697,-0.39387599999999995,0.02767200000000003,-0.108765
2022.2724,-0.39521100000000003,0.026348000000000038,-0.10683799999999999
2022.2752,-0.39397999999999994,0.027363000000000026,-0.10573699999999997
2022.2779,-0.394866,0.029290999999999956,-0.106877
2022.2806,-0.395114,0.02730100000000002,-0.11087099999999994
2022.2834,-0.39391899999999996,0.028676999999999953,-0.108518
2022.2861,-0.39391800000000005,0.028417000000000026,-0.10842099999999999
2022.2888,-0.394653,0.026978999999999975,-0.11788699999999996
2022.2916,-0.393056,0.02828799999999998,-0.11585800000000002
2022.2943,-0.393368,0.02588899999999994,-0.11116399999999993
2022.2971,-0.395167,0.026884999999999937,-0.10790500000000003
2022.2998,-0.39623,0.02703599999999995,-0.10785699999999998
2022.3025,-0.39541999999999994,0.028299999999999992,-0.11105399999999999
2022.3053,-0.39462099999999994,0.02790400000000004,-0.11680099999999993
2022.308,-0.395761,0.027004000000000028,-0.11471699999999996
2022.3107,-0.39540400000000003,0.027747999999999995,-0.11604099999999995
2022.3135,-0.395102,0.025897999999999977,-0.10909800000000003
2022.3162,-0.39544300000000004,0.02723299999999995,-0.113433
2022.319,-0.39515799999999995,0.026675000000000004,-0.11081299999999994
2022.3217,-0.39579400000000003,0.027062999999999948,-0.11022999999999994
2022.3244,-0.395823,0.02835999999999994,-0.10977899999999996
2022.3272,-0.396708,0.027189999999999936,-0.110541
2022.3299,-0.39704999999999996,0.02803599999999995,-0.10980199999999996
2022.3326,-0.39484,0.02869199999999994,-0.11469699999999994
2022.3354,-0.395827,0.026890999999999998,-0.11108699999999994
2022.3381,-0.39556600000000003,0.02737899999999993,-0.113649
2022.3409,-0.396607,0.027324000000000015,-0.11597499999999994
2022.3436,-0.39729,0.027733000000000008,-0.113595
2022.3463,-0.39795200000000003,0.028206999999999982,-0.11683999999999994
2022.3491,-0.39651299999999995,0.028318999999999983,-0.11005100000000001
2022.3518,-0.39604100000000003,0.027699999999999947,-0.11362799999999995
2022.3546,-0.39748599999999995,0.028363000000000027,-0.11284300000000003
2022.3573,-0.39861299999999994,0.028899000000000008,-0.11658299999999999
2022.36,-0.397627,0.027687999999999935,-0.116178
2022.3628,-0.397562,0.028537999999999952,-0.11626099999999995
2022.3655,-0.39874099999999996,0.02777099999999999,-0.11323899999999998
2022.3682,-0.39753,0.029561999999999977,-0.11576799999999998
2022.371,-0.39809100000000003,0.028127000000000013,-0.11266799999999999
2022.3737,-0.398101,0.030467000000000022,-0.11322500000000002
2022.3765,-0.39884499999999995,0.029595999999999956,-0.11737699999999995
2022.3792,-0.39747399999999994,0.028971999999999998,-0.11464399999999997
2022.3819,-0.39810399999999996,0.029737000000000013,-0.11414499999999994
2022.3847,-0.397492,0.029664000000000024,-0.11316999999999999
2022.3874,-0.39727799999999996,0.030538999999999983,-0.11444999999999994
2022.3901,-0.397217,0.031331,-0.111927
2022.3929,-0.397985,0.030213999999999963,-0.11402599999999996
2022.3956,-0.397939,0.03061400000000003,-0.10915200000000003
2022.3984,-0.398306,0.02903100000000003,-0.11246800000000001
2022.4011,-0.39904999999999996,0.029159999999999964,-0.112954
2022.4038,-0.40052899999999997,0.03026899999999999,-0.11639699999999997
2022.4066,-0.39984499999999995,0.03061400000000003,-0.11205399999999999
2022.4093,-0.40026599999999996,0.030309999999999948,-0.109093
2022.412,-0.39877500000000005,0.03085300000000002,-0.11201899999999998
2022.4148,-0.399538,0.03055299999999994,-0.115815
2022.4175,-0.3995,0.03104499999999999,-0.11287999999999998
2022.4203,-0.39911099999999994,0.031066000000000038,-0.10861999999999994
2022.423,-0.400383,0.030312000000000006,-0.10864200000000002
2022.4257,-0.40219299999999997,0.02895800000000004,-0.11105699999999996
2022.4285,-0.399855,0.02989799999999998,-0.10952699999999993
2022.4312,-0.397788,0.02924099999999996,-0.11153000000000002
2022.4339,-0.39960599999999996,0.030120999999999953,-0.10829
2022.4367,-0.400291,0.03131499999999998,-0.11371599999999993
2022.4394,-0.399634,0.03076499999999993,-0.11671500000000001
2022.4422,-0.40031,0.030471999999999944,-0.12399499999999997
2022.4449,-0.400052,0.029409999999999936,-0.10950199999999999
2022.4476,-0.40051200000000003,0.030474,-0.11439999999999995
2022.4504,-0.399847,0.03169199999999994,-0.113313
2022.4531,-0.40109900000000004,0.031764000000000014,-0.111815
2022.4559,-0.39982500000000004,0.03122899999999995,-0.11274600000000001
2022.4586,-0.40292999999999995,0.030174000000000034,-0.11139699999999997
2022.4613,-0.40164700000000003,0.03182799999999997,-0.111649
2022.4641,-0.39912699999999995,0.030695000000000028,-0.11624499999999993
2022.4668,-0.39969099999999996,0.03135500000000002,-0.11306700000000003
2022.4695,-0.40130499999999997,0.03077200000000002,-0.11796299999999993
2022.4723,-0.40146,0.02920199999999995,-0.11651199999999995
2022.475,-0.399889,0.03229199999999999,-0.11109400000000003
2022.4778,-0.39987199999999995,0.03212999999999999,-0.11114199999999996
2022.4805,-0.40032700000000004,0.03202499999999997,-0.11806499999999998
2022.4832,-0.400017,0.03310499999999994,-0.12018600000000002
2022.486,-0.39812200000000003,0.03173799999999993,-0.11825699999999995
2022.4887,-0.398376,0.031896000000000035,-0.11499300000000001
2022.4914,-0.397677,0.03220500000000004,-0.11637399999999998
2022.4942,-0.401017,0.03125900000000004,-0.109742
2022.4969,-0.401954,0.030617000000000005,-0.11301300000000003
2022.4997,-0.400449,0.03197899999999998,-0.11759399999999998
2022.5024,-0.40004599999999996,0.034399999999999986,-0.11268599999999995
2022.5051,-0.400446,0.03203599999999995,-0.11318499999999998
2022.5079,-0.40130499999999997,0.03187699999999993,-0.11485599999999996
2022.5106,-0.40104599999999996,0.03185399999999994,-0.11283500000000002
2022.5133,-0.400805,0.03157399999999999,-0.113792
2022.5161,-0.399527,0.03233200000000003,-0.10926499999999995
2022.5188,-0.399921,0.03128399999999998,-0.11305399999999999
2022.5216,-0.398846,0.030749000000000026,-0.11979799999999996
2022.5243,-0.40129200000000004,0.032405999999999935,-0.11680599999999997
2022.527,-0.400997,0.03182699999999994,-0.11136999999999997
2022.5298,-0.40010799999999996,0.03146899999999997,-0.117753
2022.5325,-0.39967099999999994,0.03131600000000001,-0.11248800000000003
2022.5352,-0.400565,0.03306999999999993,-0.113838
2022.538,-0.400225,0.03178199999999998,-0.11871199999999993
2022.5407,-0.39865599999999995,0.030606000000000022,-0.11193399999999998
2022.5435,-0.40204,0.030511999999999984,-0.11210299999999995
2022.5462,-0.40190200000000004,0.031061000000000005,-0.11554699999999996
2022.5489,-0.39954799999999996,0.03109200000000001,-0.12519400000000003
2022.5517,-0.400545,0.03139700000000001,-0.11576600000000004
2022.5544,-0.400152,0.032552000000000025,-0.11160199999999998
2022.5572,-0.39936,0.03223200000000004,-0.11450499999999997
2022.5599,-0.399384,0.03175499999999998,-0.11741599999999996
2022.5626,-0.399708,0.031046000000000018,-0.11984499999999998
2022.5654,-0.39893799999999996,0.031544000000000016,-0.11833700000000003
2022.5681,-0.39921,0.031000000000000028,-0.11631400000000003
2022.5708,-0.39906899999999995,0.03229599999999999,-0.11329500000000003
2022.5736,-0.398222,0.030909999999999993,-0.11550499999999997
2022.5763,-0.39781700000000003,0.031124999999999958,-0.11788500000000002
2022.5791,-0.397643,0.030159999999999965,-0.11602899999999994
2022.5818,-0.39989499999999994,0.03086500000000003,-0.11941499999999994
2022.5845,-0.399333,0.030550999999999995,-0.11302199999999996
2022.5873,-0.39820300000000003,0.032232999999999956,-0.11268299999999998
2022.59,-0.39716899999999994,0.031559000000000004,-0.11737500000000001
2022.5927,-0.39875,0.03279900000000002,-0.11528300000000002
2022.5955,-0.399132,0.030541999999999958,-0.11604099999999995
2022.5982,-0.39808899999999997,0.032725000000000004,-0.12148000000000003
2022.601,-0.39976700000000004,0.03152999999999995,-0.11820900000000001
2022.6037,-0.39889800000000003,0.03171499999999994,-0.11709099999999995
2022.6064,-0.40095200000000003,0.033088000000000006,-0.12404300000000001
2022.6092,-0.39974000000000004,0.03022400000000003,-0.11844500000000002
2022.6119,-0.400777,0.030457999999999985,-0.11871399999999999
2022.6146,-0.40002699999999997,0.03086,-0.11849699999999996
2022.6174,-0.40013799999999994,0.029402999999999957,-0.12100599999999995
2022.6201,-0.398202,0.03147299999999997,-0.11848599999999998
2022.6229,-0.399017,0.02980399999999994,-0.11899399999999993
2022.6256,-0.40039600000000003,0.030498999999999943,-0.11577199999999999
2022.6283,-0.39785699999999996,0.031518999999999964,-0.11428399999999994
2022.6311,-0.39867400000000003,0.029193999999999942,-0.11920600000000003
2022.6338,-0.398183,0.02999200000000002,-0.11840499999999998
2022.6366,-0.39830000000000004,0.029474,-0.11919499999999994
2022.6393,-0.39885299999999996,0.03025599999999995,-0.12100599999999995
2022.642,-0.39902299999999996,0.029509000000000007,-0.12191600000000002
2022.6448,-0.399854,0.030108000000000024,-0.12250300000000003
2022.6475,-0.39763,0.02857299999999996,-0.11764299999999994
2022.6502,-0.39812200000000003,0.02966599999999997,-0.11568299999999998
2022.653,-0.398939,0.029044999999999987,-0.11796499999999999
2022.6557,-0.39954399999999995,0.029756000000000005,-0.11521099999999995
2022.6585,-0.39819999999999994,0.02895099999999995,-0.11980999999999997
2022.6612,-0.399325,0.02915499999999993,-0.11850300000000002
2022.6639,-0.39865900000000004,0.030281000000000002,-0.12139100000000003
2022.6667,-0.39938,0.02887099999999998,-0.11883699999999997
2022.6694,-0.398371,0.027934999999999932,-0.11818600000000001
2022.6721,-0.39827799999999997,0.02840799999999999,-0.11856900000000004
2022.6749,-0.397383,0.028743999999999992,-0.11341899999999994
2022.6776,-0.399032,0.029217999999999966,-0.11992000000000003
2022.6804,-0.39789199999999997,0.028125999999999984,-0.11910900000000002
2022.6831,-0.399719,0.029024999999999967,-0.11919499999999994
2022.6858,-0.401703,0.028842999999999952,-0.11674600000000002
2022.6886,-0.398963,0.027876000000000012,-0.11086399999999996
2022.6913,-0.399318,0.029031999999999947,-0.12234100000000003
2022.694,-0.400484,0.02623999999999993,-0.11995899999999993
2022.6968,-0.40015799999999996,0.026785999999999976,-0.11873299999999998
2022.6995,-0.39988399999999996,0.027965000000000018,-0.11875099999999994
2022.7023,-0.399356,0.027509000000000006,-0.11416599999999999
2022.705,-0.40074499999999996,0.028371000000000035,-0.11799899999999997
2022.7077,-0.400379,0.026992000000000016,-0.12224299999999999
2022.7105,-0.40012600000000004,0.02648600000000001,-0.11614199999999997
2022.7132,-0.400523,0.026190999999999964,-0.11014999999999997
2022.7159,-0.399066,0.028922000000000003,-0.10888200000000003
2022.7187,-0.39985600000000004,0.025708999999999982,-0.11862300000000003
2022.7214,-0.401739,0.026859999999999995,-0.12158800000000003
2022.7242,-0.40162499999999995,0.027441999999999966,-0.11893199999999993
2022.7269,-0.401788,0.026025999999999994,-0.11643199999999998
2022.7296,-0.40048900000000004,0.025965000000000016,-0.12282599999999999
2022.7324,-0.40206800000000004,0.028305000000000025,-0.12604499999999996
2022.7351,-0.400774,0.026554999999999995,-0.11892899999999995
2022.7379,-0.40153599999999995,0.02541300000000002,-0.118417
2022.7406,-0.40090299999999995,0.026529999999999943,-0.11854900000000002
2022.7433,-0.40120799999999995,0.027801999999999993,-0.11886299999999994
2022.7461,-0.401029,0.028707999999999956,-0.11041999999999996
2022.7488,-0.40132799999999996,0.02739899999999995,-0.11566799999999999
2022.7515,-0.402225,0.026666999999999996,-0.117703
2022.7543,-0.401217,0.02592799999999995,-0.11675499999999994
2022.757,-0.40101400000000004,0.026224999999999943,-0.118035
2022.7598,-0.40104999999999996,0.02803599999999995,-0.11607499999999993
2022.7625,-0.40155599999999997,0.025797999999999988,-0.11977399999999994
2022.7652,-0.402098,0.026622999999999952,-0.12085899999999994
2022.768,-0.40118499999999996,0.02639400000000003,-0.118842
2022.7707,-0.40253,0.026173000000000002,-0.116097
2022.7734,-0.401811,0.02473599999999998,-0.11489399999999994
2022.7762,-0.40118499999999996,0.02670499999999998,-0.11711499999999997
2022.7789,-0.40237300000000004,0.024942999999999937,-0.120444
2022.7817,-0.40209900000000004,0.026471000000000022,-0.11587099999999995
2022.7844,-0.40312699999999996,0.025814000000000004,-0.11496899999999999
2022.7871,-0.403932,0.025046000000000013,-0.112699
2022.7899,-0.402245,0.026043999999999956,-0.11676799999999998
2022.7926,-0.40190600000000004,0.025803999999999938,-0.11741299999999999
2022.7953,-0.40168,0.02597499999999997,-0.11758199999999996
2022.7981,-0.403935,0.026482000000000006,-0.12043300000000001
2022.8008,-0.40362099999999995,0.02585000000000004,-0.111703
2022.8036,-0.403866,0.025136999999999965,-0.11297000000000001
2022.8063,-0.40513799999999994,0.02433799999999997,-0.11044500000000002
2022.809,-0.40417299999999995,0.02412800000000004,-0.11394099999999996
2022.8118,-0.404464,0.025170000000000026,-0.11757699999999993
2022.8145,-0.403464,0.023888999999999938,-0.11885400000000002
2022.8172,-0.404873,0.024235000000000007,-0.11682899999999996
2022.82,-0.403469,0.025282000000000027,-0.11482300000000001
2022.8227,-0.40407600000000005,0.025780000000000025,-0.11507499999999993
2022.8255,-0.40342799999999995,0.025777999999999968,-0.11532999999999993
2022.8282,-0.404268,0.025644,-0.11586299999999994
2022.8309,-0.40442300000000003,0.025109999999999966,-0.11663999999999997
2022.8337,-0.40525700000000003,0.024258000000000002,-0.11737999999999993
2022.8364,-0.405249,0.024495999999999962,-0.117201
2022.8392,-0.40567499999999995,0.023903000000000008,-0.114209
2022.8419,-0.40517299999999995,0.02424000000000004,-0.12364699999999995
2022.8446,-0.40422699999999995,0.025687000000000015,-0.11918899999999999
2022.8474,-0.406136,0.02618200000000004,-0.11778699999999998
2022.8501,-0.40534,0.02578400000000003,-0.119309
2022.8528,-0.40399899999999994,0.026734999999999953,-0.11604300000000001
2022.8556,-0.404183,0.02516099999999999,-0.11669699999999994
2022.8583,-0.403426,0.02628699999999995,-0.11642600000000003
2022.8611,-0.40340499999999996,0.02724099999999996,-0.12344999999999995
2022.8638,-0.403905,0.025826999999999933,-0.11978500000000003
2022.8665,-0.40374000000000004,0.025772000000000017,-0.11674399999999996
2022.8693,-0.403587,0.026615999999999973,-0.11863999999999997
2022.872,-0.40356600000000004,0.027712999999999988,-0.12031199999999997
2022.8747,-0.403734,0.027900999999999954,-0.12268800000000002
2022.8775,-0.40478299999999995,0.025818000000000008,-0.12207400000000002
2022.8802,-0.404998,0.027905999999999986,-0.12422299999999997
2022.883,-0.40330499999999997,0.02637899999999993,-0.12007199999999996
2022.8857,-0.40365,0.026683000000000012,-0.12406699999999993
2022.8884,-0.402114,0.02618200000000004,-0.11992099999999994
2022.8912,-0.404236,0.025383999999999962,-0.12631099999999995
2022.8939,-0.405116,0.024600999999999984,-0.11918299999999993
2022.8966,-0.404106,0.02558399999999994,-0.12413399999999997
2022.8994,-0.40255,0.025276999999999994,-0.12344
2022.9021,-0.40394499999999994,0.026506999999999947,-0.1189
2022.9049,-0.40451200000000004,0.025044999999999984,-0.12181299999999995
2022.9076,-0.404584,0.02556999999999998,-0.11590199999999995
2022.9103,-0.403322,0.02588899999999994,-0.11313099999999998
2022.9131,-0.404055,0.02616200000000002,-0.114263
2022.9158,-0.404727,0.024280999999999997,-0.11746599999999996
2022.9185,-0.405923,0.024108999999999936,-0.11853999999999998
2022.9213,-0.405527,0.02576400000000001,-0.12022599999999994
2022.924,-0.40855499999999995,0.027448999999999946,-0.11903699999999995
2022.9268,-0.405329,0.02566400000000002,-0.10975800000000002
2022.9295,-0.40541999999999995,0.025081999999999938,-0.11637299999999995
2022.9322,-0.405885,0.023526999999999965,-0.12319099999999994
2022.935,-0.404403,0.024915999999999938,-0.12402199999999997
2022.9377,-0.40382899999999994,0.023409000000000013,-0.12076900000000002
2022.9405,-0.40631,0.02490099999999995,-0.12293599999999993
2022.9432,-0.40875100000000003,0.024746999999999963,-0.115012
2022.9459,-0.40668200000000004,0.02215800000000001,-0.12155300000000002
2022.9487,-0.40656699999999996,0.02469699999999997,-0.119039
2022.9514,-0.40689899999999996,0.026189000000000018,-0.11793599999999993
2022.9541,-0.405823,0.02544499999999994,-0.12017599999999995
2022.9569,-0.40417,0.025495999999999963,-0.123309
2022.9596,-0.407106,0.027052999999999994,-0.12300599999999995
2022.9624,-0.40668999999999994,0.02513999999999994,-0.12062499999999998
2022.9651,-0.404337,0.026305000000000023,-0.11880899999999994
2022.9678,-0.403892,0.02713399999999999,-0.12377899999999997
2022.9706,-0.40400699999999995,0.027573999999999987,-0.12224099999999993
2022.9733,-0.40529600000000005,0.026529000000000025,-0.12314800000000004
2022.976,-0.40683299999999994,0.025824999999999987,-0.12644
2022.9788,-0.405279,0.025602000000000014,-0.121363
2022.9815,-0.405426,0.025579999999999936,-0.124915
2022.9843,-0.40502199999999994,0.02502199999999999,-0.12315799999999999
2022.987,-0.4066,0.023173,-0.11815900000000001
2022.9897,-0.40834600000000004,0.023386999999999936,-0.11546899999999993
2022.9925,-0.40890999999999994,0.025032999999999972,-0.12275800000000003
2022.9952,-0.40813799999999995,0.02389399999999997,-0.11657399999999996
2022.9979,-0.408658,0.02585599999999999,-0.12359299999999995
2023.0007,-0.407533,0.025546999999999986,-0.11687499999999995
2023.0034,-0.40816199999999997,0.02671699999999999,-0.11961199999999994
2023.0062,-0.40714500000000003,0.025851999999999986,-0.12131999999999998
2023.0089,-0.409128,0.026258000000000004,-0.12093299999999996
2023.0116,-0.40684099999999995,0.025646999999999975,-0.11616099999999996
2023.0144,-0.40832399999999996,0.024402999999999953,-0.12206600000000001
2023.0171,-0.408078,0.025363000000000024,-0.125961
2023.0198,-0.409664,0.02710800000000002,-0.12039599999999995
2023.0226,-0.40875500000000003,0.026482000000000006,-0.11861100000000002
2023.0253,-0.40771699999999994,0.023923999999999945,-0.11359600000000003
2023.0281,-0.410001,0.025541999999999954,-0.124278
2023.0308,-0.40829200000000004,0.025699999999999945,-0.12941499999999995
2023.0335,-0.40938199999999997,0.025961000000000012,-0.12560700000000002
2023.0363,-0.40870599999999996,0.024695000000000022,-0.12494499999999997
2023.039,-0.411383,0.024487999999999954,-0.12437199999999993
2023.0418,-0.409881,0.022815999999999947,-0.12159200000000003
2023.0445,-0.408889,0.025124000000000035,-0.12148300000000001
2023.0472,-0.40987599999999996,0.02510100000000004,-0.126208
2023.05,-0.41023499999999996,0.024938000000000016,-0.12506899999999999
2023.0527,-0.41012200000000004,0.02629300000000001,-0.13238799999999995
2023.0554,-0.41130700000000003,0.02523900000000001,-0.133587
2023.0582,-0.411094,0.025000000000000022,-0.12741599999999997
2023.0609,-0.41169399999999995,0.02643899999999999,-0.12711499999999998
2023.0637,-0.410448,0.02669699999999997,-0.131517
2023.0664,-0.411075,0.026984000000000008,-0.13454
2023.0691,-0.410993,0.026175999999999977,-0.13569399999999998
2023.0719,-0.41209100000000004,0.02699600000000002,-0.129996
2023.0746,-0.41162099999999996,0.02595599999999998,-0.122811
2023.0773,-0.41217200000000004,0.02488099999999993,-0.12686399999999998
2023.0801,-0.41275500000000004,0.02718799999999999,-0.12292999999999998
2023.0828,-0.411155,0.025191999999999992,-0.12934099999999993
2023.0856,-0.412394,0.026556999999999942,-0.12840699999999994
2023.0883,-0.41255800000000004,0.026514000000000038,-0.131621
2023.091,-0.41072499999999995,0.025985000000000036,-0.12607199999999996
2023.0938,-0.41323099999999996,0.02629999999999999,-0.127035
2023.0965,-0.41182899999999995,0.026756000000000002,-0.12808999999999993
2023.0992,-0.413121,0.025884999999999936,-0.12609000000000004
2023.102,-0.41213099999999997,0.025422999999999973,-0.13133799999999995
2023.1047,-0.413163,0.027693999999999996,-0.13426300000000002
2023.1075,-0.41324199999999994,0.025660999999999934,-0.131201
2023.1102,-0.41344299999999995,0.026561999999999975,-0.12971699999999997
2023.1129,-0.413418,0.02578999999999998,-0.12553799999999993
2023.1157,-0.413745,0.025733000000000006,-0.125359
2023.1184,-0.41427699999999995,0.024992999999999932,-0.12783299999999997
2023.1211,-0.41548499999999994,0.02502199999999999,-0.12216399999999994
2023.1239,-0.41546999999999995,0.025693999999999995,-0.12825299999999995
2023.1266,-0.41489800000000004,0.02812899999999996,-0.13069699999999995
2023.1294,-0.414499,0.027169,-0.13076699999999997
2023.1321,-0.415221,0.027637000000000023,-0.12812599999999996
2023.1348,-0.41481300000000004,0.027498000000000022,-0.129374
2023.1376,-0.414206,0.0262,-0.126753
2023.1403,-0.414382,0.025980000000000003,-0.12945299999999993
2023.1431,-0.41626199999999997,0.027039000000000035,-0.12298699999999996
2023.1458,-0.41490900000000003,0.027034000000000002,-0.13071699999999997
2023.1485,-0.41641,0.02826799999999996,-0.12715599999999994
2023.1513,-0.416386,0.0252,-0.13195400000000002
2023.154,-0.41466,0.02581,-0.13302199999999997
2023.1567,-0.41623499999999997,0.025061,-0.12909499999999996
2023.1595,-0.41773999999999994,0.02593499999999993,-0.12804700000000002
2023.1622,-0.41589099999999996,0.026166000000000023,-0.127085
2023.165,-0.417607,0.026232000000000033,-0.12909700000000002
2023.1677,-0.416712,0.024595000000000034,-0.12740299999999993
2023.1704,-0.41543599999999997,0.02635999999999994,-0.12431400000000004
2023.1732,-0.41665099999999994,0.026494999999999935,-0.131892
2023.1759,-0.41607500000000003,0.027868000000000004,-0.13369599999999993
2023.1786,-0.41555499999999995,0.026807999999999943,-0.134525
2023.1814,-0.41559300000000005,0.026703000000000032,-0.13471699999999998
2023.1841,-0.415298,0.026849000000000012,-0.13156400000000001
2023.1869,-0.412901,0.02580199999999999,-0.128463
2023.1896,-0.417749,0.02347699999999997,-0.13556400000000002
2023.1923,-0.416345,0.025629000000000013,-0.13127900000000003
2023.1951,-0.41632600000000003,0.026992999999999934,-0.13423699999999994
2023.1978,-0.41485,0.026283999999999974,-0.12365199999999998
2023.2005,-0.41676299999999994,0.02535799999999999,-0.12599700000000003
2023.2033,-0.417398,0.02659800000000001,-0.13293
2023.206,-0.41789800000000005,0.026780999999999944,-0.13170399999999993
2023.2088,-0.41831100000000004,0.02707399999999993,-0.134772
2023.2115,-0.41737799999999997,0.026429999999999954,-0.12794399999999995
2023.2142,-0.41831899999999994,0.025561999999999974,-0.129444
2023.217,-0.42026099999999994,0.024163999999999963,-0.11987999999999999
2023.2197,-0.41781300000000005,0.02520100000000003,-0.133428
2023.2225,-0.418039,0.02605499999999994,-0.12775499999999995
2023.2252,-0.41801099999999997,0.027735999999999983,-0.13660399999999995
2023.2279,-0.41859399999999997,0.02564299999999997,-0.13312599999999997
2023.2307,-0.41861,0.02669900000000003,-0.13719399999999993
2023.2334,-0.41769399999999995,0.027249999999999996,-0.133915
2023.2361,-0.41769700000000004,0.02680399999999994,-0.136
2023.2389,-0.415403,0.02814899999999998,-0.12753799999999993
2023.2416,-0.41811899999999996,0.02519399999999994,-0.13395899999999994
2023.2444,-0.41790900000000003,0.02529999999999999,-0.13451599999999997
2023.2471,-0.41851599999999994,0.025969999999999938,-0.13456099999999993
2023.2498,-0.41983299999999996,0.025954000000000033,-0.128965
2023.2526,-0.42028499999999996,0.026222999999999996,-0.12929999999999997
2023.2553,-0.41972499999999996,0.026158000000000015,-0.13695899999999994
2023.258,-0.420441,0.026822000000000012,-0.13110199999999994
2023.2608,-0.41838000000000003,0.02639999999999998,-0.13529099999999994
2023.2635,-0.419044,0.027905999999999986,-0.13594300000000004
2023.2663,-0.41927200000000003,0.027334999999999998,-0.13262699999999994
2023.269,-0.417595,0.02781100000000003,-0.13665399999999994
2023.2717,-0.419109,0.025990999999999986,-0.13631399999999994
2023.2745,-0.42065800000000003,0.026143000000000027,-0.134262
2023.2772,-0.42014899999999994,0.026151999999999953,-0.13283699999999998
2023.2799,-0.42091700000000004,0.02582200000000001,-0.13270899999999997
2023.2827,-0.421225,0.025517000000000012,-0.133224
2023.2854,-0.42076600000000003,0.026765999999999956,-0.13379200000000002
2023.2882,-0.421924,0.02699499999999999,-0.13156800000000002
2023.2909,-0.42353599999999997,0.026931999999999956,-0.13212800000000002
2023.2936,-0.423453,0.02751400000000004,-0.133506
2023.2964,-0.423695,0.027495999999999965,-0.13235399999999997
2023.2991,-0.423117,0.02873199999999998,-0.135953
2023.3018,-0.42275999999999997,0.02887099999999998,-0.131984
2023.3046,-0.42352399999999996,0.029290000000000038,-0.132899
2023.3073,-0.42199099999999995,0.026719999999999966,-0.13105699999999998
2023.3101,-0.42255499999999996,0.02726200000000001,-0.13144699999999998
2023.3128,-0.42083200000000004,0.02757799999999999,-0.133282
2023.3155,-0.422351,0.027639999999999998,-0.13187399999999994
2023.3183,-0.420993,0.028136999999999968,-0.13107800000000003
2023.321,-0.421305,0.02934199999999998,-0.13287899999999997
2023.3238,-0.42104199999999997,0.02857199999999993,-0.13193500000000002
2023.3265,-0.423179,0.02877799999999997,-0.13603699999999996
2023.3292,-0.42569700000000005,0.027575999999999934,-0.13043099999999996
2023.332,-0.424298,0.028495999999999966,-0.13113399999999997
2023.3347,-0.425252,0.027954000000000034,-0.12798599999999993
2023.3374,-0.42531899999999995,0.027606999999999937,-0.133645
2023.3402,-0.42310600000000004,0.028444000000000025,-0.13303199999999993
2023.3429,-0.42490500000000003,0.028779,-0.13520900000000002
2023.3457,-0.42480599999999996,0.028537000000000035,-0.13592099999999996
2023.3484,-0.42508399999999996,0.029725,-0.13177099999999997
2023.3511,-0.423371,0.02804200000000001,-0.12799700000000003
2023.3539,-0.425224,0.02985099999999996,-0.13299300000000003
2023.3566,-0.42571600000000004,0.027729000000000004,-0.13119899999999995
2023.3593,-0.42529500000000003,0.028716999999999993,-0.13507499999999995
2023.3621,-0.425132,0.030992999999999937,-0.12911899999999998
2023.3648,-0.423494,0.029239999999999933,-0.13421499999999997
2023.3676,-0.42397999999999997,0.029391999999999974,-0.134104
2023.3703,-0.424105,0.02967299999999995,-0.13560499999999998
2023.373,-0.42463500000000004,0.029347000000000012,-0.13659500000000002
2023.3758,-0.42326400000000003,0.03079999999999994,-0.13269999999999993
2023.3785,-0.424402,0.030776000000000026,-0.13180099999999995
2023.3812,-0.42401399999999995,0.03092399999999995,-0.13210199999999994
2023.384,-0.425679,0.030411999999999995,-0.134888
2023.3867,-0.425459,0.030843999999999983,-0.13186200000000003
2023.3895,-0.42675899999999994,0.029218999999999995,-0.13118600000000002
2023.3922,-0.42565099999999995,0.02916299999999994,-0.12604099999999996
2023.3949,-0.426692,0.028648000000000007,-0.13017299999999998
2023.3977,-0.425046,0.02945500000000001,-0.13058099999999995
2023.4004,-0.425391,0.02985199999999999,-0.13214799999999993
2023.4031,-0.42755899999999997,0.02927499999999994,-0.133444
2023.4059,-0.42652300000000004,0.028846999999999956,-0.129981
2023.4086,-0.426363,0.029708999999999985,-0.13517099999999993
2023.4114,-0.42626899999999995,0.03055399999999997,-0.12974600000000003
2023.4141,-0.42560800000000004,0.029042000000000012,-0.128872
2023.4168,-0.42590599999999995,0.029888000000000026,-0.13134999999999997
2023.4196,-0.42490100000000003,0.03060699999999994,-0.129892
2023.4223,-0.42322999999999994,0.03079900000000002,-0.134243
2023.4251,-0.42453899999999994,0.029988999999999932,-0.126633
2023.4278,-0.425626,0.02916299999999994,-0.13181299999999996
2023.4305,-0.42589399999999994,0.02876500000000004,-0.12871599999999994
2023.4333,-0.42605200000000004,0.027725,-0.13072099999999998
2023.436,-0.425413,0.03068700000000002,-0.13187499999999996
2023.4387,-0.42570499999999994,0.02925500000000003,-0.13271599999999995
2023.4415,-0.424931,0.030478000000000005,-0.13094099999999997
2023.4442,-0.42727200000000004,0.03032099999999993,-0.13503900000000002
2023.447,-0.42711499999999997,0.02881900000000004,-0.12985999999999998
2023.4497,-0.42589000000000005,0.029799999999999938,-0.12649999999999995
2023.4524,-0.42583200000000004,0.030133999999999994,-0.127984
2023.4552,-0.426239,0.031411999999999995,-0.13112400000000002
2023.4579,-0.42351,0.031483999999999956,-0.13210500000000003
2023.4606,-0.42673199999999994,0.03053499999999998,-0.12963199999999997
2023.4634,-0.427433,0.029256999999999977,-0.125873
2023.4661,-0.425784,0.030151999999999957,-0.12980899999999995
2023.4689,-0.42669300000000004,0.03086599999999995,-0.13240699999999994
2023.4716,-0.426297,0.03128200000000003,-0.13269600000000004
2023.4743,-0.425892,0.02969999999999995,-0.12989399999999995
2023.4771,-0.425985,0.031111,-0.130753
2023.4798,-0.425831,0.03205800000000003,-0.13180899999999995
2023.4825,-0.424818,0.030591999999999953,-0.13074399999999997
2023.4853,-0.42583600000000005,0.02866000000000002,-0.13291999999999993
2023.488,-0.426706,0.030166000000000026,-0.12972899999999998
2023.4908,-0.424529,0.03163199999999999,-0.13207099999999994
2023.4935,-0.42596300000000004,0.03183899999999995,-0.13246199999999997
2023.4962,-0.42562099999999997,0.03164800000000001,-0.134575
2023.499,-0.426267,0.03089200000000003,-0.134614
2023.5017,-0.42543099999999995,0.031930000000000014,-0.13364599999999993
2023.5044,-0.42562399999999995,0.030425000000000035,-0.13320599999999994
2023.5072,-0.42726499999999995,0.030795999999999935,-0.13261
2023.5099,-0.425804,0.03163899999999997,-0.128367
2023.5127,-0.42698200000000003,0.029656999999999933,-0.128575
2023.5154,-0.42531,0.03136799999999995,-0.129899
2023.5181,-0.42479799999999995,0.030297999999999936,-0.13062799999999997
2023.5209,-0.425818,0.030972,-0.130313
2023.5236,-0.42475199999999996,0.03125100000000003,-0.13633799999999996
2023.5264,-0.42590199999999995,0.031764000000000014,-0.135216
2023.5291,-0.42502900000000005,0.03153300000000003,-0.13601699999999994
2023.5318,-0.42619899999999994,0.030893999999999977,-0.133791
2023.5346,-0.42668599999999995,0.02998400000000001,-0.13837299999999997
2023.5373,-0.42628000000000005,0.031075999999999993,-0.133397
2023.54,-0.42755499999999996,0.030079999999999996,-0.13117899999999993
2023.5428,-0.425147,0.03168899999999997,-0.13118399999999997
2023.5455,-0.426517,0.03199699999999994,-0.13082899999999997
2023.5483,-0.42733799999999994,0.032604999999999995,-0.13119999999999998
2023.551,-0.426529,0.031922000000000006,-0.131845
2023.5537,-0.42690999999999996,0.030532000000000004,-0.13291200000000003
2023.5565,-0.4268,0.029607999999999968,-0.129984
2023.5592,-0.425001,0.03047999999999995,-0.13346800000000003
2023.5619,-0.427158,0.029779,-0.128548
2023.5647,-0.427171,0.03179500000000002,-0.13173599999999996
2023.5674,-0.42657700000000004,0.030345999999999984,-0.136231
2023.5702,-0.426645,0.03134300000000001,-0.13005500000000003
2023.5729,-0.42595199999999994,0.030190999999999968,-0.13267099999999998
2023.5756,-0.425915,0.030618000000000034,-0.12858400000000003
2023.5784,-0.426594,0.030272999999999994,-0.12783599999999995
2023.5811,-0.42634900000000003,0.03176800000000002,-0.13249199999999994
2023.5838,-0.427255,0.028591000000000033,-0.13091299999999995
2023.5866,-0.426607,0.03076100000000004,-0.13305100000000003
2023.5893,-0.42609,0.02853399999999995,-0.12997799999999993
2023.5921,-0.42550899999999997,0.029336999999999946,-0.13149
2023.5948,-0.426058,0.030034000000000005,-0.13102800000000003
2023.5975,-0.42447799999999997,0.02933600000000003,-0.13231799999999994
2023.6003,-0.427642,0.02756000000000003,-0.131197
2023.603,-0.427966,0.030529999999999946,-0.13134
2023.6057,-0.42544200000000004,0.029633999999999938,-0.12309599999999998
2023.6085,-0.427719,0.03161000000000003,-0.13402599999999998
2023.6112,-0.427209,0.03014300000000003,-0.13722800000000002
2023.614,-0.425513,0.027965000000000018,-0.132258
2023.6167,-0.42536599999999997,0.02854000000000001,-0.131946
2023.6194,-0.42615699999999995,0.02910199999999996,-0.12574200000000002
2023.6222,-0.42527699999999996,0.027393,-0.13121300000000002
2023.6249,-0.426212,0.028687000000000018,-0.134571
2023.6277,-0.426908,0.02993800000000002,-0.12985099999999994
2023.6304,-0.427785,0.029587999999999948,-0.12313799999999997
2023.6331,-0.42773900000000004,0.028730000000000033,-0.12659699999999996
2023.6359,-0.42614,0.02911699999999995,-0.13401699999999994
2023.6386,-0.426935,0.03044099999999994,-0.134108
2023.6413,-0.428611,0.028855999999999993,-0.12747200000000003
2023.6441,-0.42680999999999997,0.028066000000000035,-0.12517999999999996
2023.6468,-0.426738,0.028722999999999943,-0.13013200000000003
2023.6496,-0.427197,0.029336999999999946,-0.13236399999999993
2023.6523,-0.42636100000000005,0.028819999999999957,-0.13447599999999993
2023.655,-0.42631499999999994,0.029959999999999987,-0.13053000000000003
2023.6578,-0.42641199999999996,0.029752,-0.12692899999999996
2023.6605,-0.42742600000000003,0.027303999999999995,-0.132243
2023.6632,-0.427414,0.026980000000000004,-0.12470399999999993
2023.666,-0.42833099999999996,0.02707499999999996,-0.12041199999999996
2023.6687,-0.42633799999999994,0.027606999999999937,-0.11934699999999998
2023.6715,-0.426557,0.028548000000000018,-0.13068999999999997
2023.6742,-0.42772000000000004,0.02812099999999995,-0.12466900000000003
2023.6769,-0.427525,0.028024999999999967,-0.12500699999999998
2023.6797,-0.427984,0.028193000000000024,-0.12675400000000003
2023.6824,-0.42914599999999997,0.027502999999999944,-0.12716700000000003
2023.6851,-0.427406,0.02811600000000003,-0.130695
2023.6879,-0.429633,0.02782499999999999,-0.128004
2023.6906,-0.42803399999999997,0.027807000000000026,-0.12746400000000002
2023.6934,-0.429158,0.026699999999999946,-0.12887700000000002
2023.6961,-0.427812,0.025892999999999944,-0.12729599999999996
2023.6988,-0.42838899999999996,0.026510000000000034,-0.12581599999999993
2023.7016,-0.42736100000000005,0.02705000000000002,-0.12499499999999997
2023.7043,-0.428947,0.02756000000000003,-0.13027500000000003
2023.707,-0.42963199999999996,0.02835299999999996,-0.13382899999999998
2023.7098,-0.42959699999999995,0.026846000000000037,-0.12466100000000002
2023.7125,-0.428069,0.025747999999999993,-0.12499399999999994
2023.7153,-0.42994099999999996,0.025614999999999943,-0.12695
2023.718,-0.430247,0.026324999999999932,-0.13121499999999997
2023.7207,-0.42910699999999996,0.026978999999999975,-0.12762600000000002
2023.7235,-0.42761699999999997,0.028183999999999987,-0.12921499999999997
2023.7262,-0.429058,0.027189999999999936,-0.124363
2023.729,-0.429158,0.02713500000000002,-0.12824499999999994
2023.7317,-0.428016,0.027714999999999934,-0.12589499999999998
2023.7344,-0.428177,0.026050999999999935,-0.12841800000000003
2023.7372,-0.429043,0.02628600000000003,-0.12514099999999995
2023.7399,-0.430197,0.024969999999999937,-0.12110500000000002
2023.7426,-0.42924100000000004,0.024870999999999976,-0.12306099999999998
2023.7454,-0.43005200000000005,0.026808999999999972,-0.12568000000000001
2023.7481,-0.429599,0.02524700000000002,-0.12912899999999994
2023.7509,-0.429468,0.02464199999999994,-0.12761199999999995
2023.7536,-0.431541,0.026089999999999947,-0.125714
2023.7563,-0.42975,0.026262000000000008,-0.12596399999999996
2023.7591,-0.428621,0.027151000000000036,-0.128147
2023.7618,-0.43064299999999994,0.02541899999999997,-0.13108399999999998
2023.7645,-0.429714,0.02473700000000001,-0.12246599999999996
2023.7673,-0.42929199999999995,0.025353999999999988,-0.12117
2023.77,-0.42989700000000003,0.025007,-0.11863899999999994
2023.7728,-0.43025299999999994,0.024703999999999948,-0.12127699999999997
2023.7755,-0.43118799999999996,0.025675000000000003,-0.12036000000000002
2023.7782,-0.431588,0.026000000000000023,-0.121417
2023.781,-0.431943,0.02534000000000003,-0.12871299999999997
2023.7837,-0.432178,0.02470899999999998,-0.12666599999999995
2023.7864,-0.430757,0.025923999999999947,-0.129459
2023.7892,-0.43109400000000003,0.025944999999999996,-0.12899899999999997
2023.7919,-0.431116,0.02341199999999999,-0.12336800000000003
2023.7947,-0.431549,0.02508699999999997,-0.12474699999999994
2023.7974,-0.43218700000000004,0.02674500000000002,-0.12724999999999997
2023.8001,-0.431796,0.024148999999999976,-0.12545799999999996
2023.8029,-0.43228300000000003,0.025932999999999984,-0.12316399999999994
2023.8056,-0.43320699999999995,0.024054999999999938,-0.12829499999999994
2023.8084,-0.433495,0.025873000000000035,-0.12074399999999996
2023.8111,-0.43320299999999995,0.02552500000000002,-0.12019999999999997
2023.8138,-0.431536,0.02534000000000003,-0.12389499999999998
2023.8166,-0.433387,0.025981000000000032,-0.13049699999999997
2023.8193,-0.434661,0.024880000000000013,-0.13002800000000003
2023.822,-0.432293,0.02604899999999999,-0.13029800000000002
2023.8248,-0.430946,0.025395999999999974,-0.12939499999999993
2023.8275,-0.431684,0.026291999999999982,-0.131286
2023.8303,-0.432367,0.02576899999999993,-0.12454599999999993
2023.833,-0.430823,0.02708100000000002,-0.12768099999999993
2023.8357,-0.43097499999999994,0.025349999999999984,-0.12882899999999997
2023.8385,-0.432031,0.025344000000000033,-0.12886699999999995
2023.8412,-0.431866,0.02513299999999996,-0.12400900000000004
2023.8439,-0.43282400000000004,0.025560999999999945,-0.128969
2023.8467,-0.43315,0.024173,-0.12397499999999995
2023.8494,-0.43221800000000005,0.02460399999999996,-0.12415699999999996
2023.8522,-0.433348,0.02545200000000003,-0.12675599999999998
2023.8549,-0.431877,0.02505499999999994,-0.1259
2023.8576,-0.43314899999999995,0.023451,-0.12676599999999993
2023.8604,-0.43362399999999995,0.02476199999999995,-0.126911
2023.8631,-0.43331499999999995,0.024923999999999946,-0.127015
2023.8658,-0.434194,0.02498800000000001,-0.12551800000000002
2023.8686,-0.43337600000000004,0.023279999999999967,-0.12348199999999998
2023.8713,-0.43193600000000004,0.020695999999999937,-0.12253199999999997
2023.8741,-0.434224,0.02395999999999998,-0.126143
2023.8768,-0.43443800000000005,0.02599499999999999,-0.12791399999999997
2023.8795,-0.431919,0.023448999999999942,-0.11854999999999993
2023.8823,-0.43176299999999995,0.02489399999999997,-0.12573800000000002
2023.885,-0.43538099999999996,0.02485000000000004,-0.13119499999999995
2023.8877,-0.432526,0.02482899999999999,-0.13392799999999994
2023.8905,-0.433737,0.024912999999999963,-0.132019
2023.8932,-0.43327699999999997,0.02378199999999997,-0.12625699999999995
2023.896,-0.43348400000000004,0.02514700000000003,-0.12604700000000002
2023.8987,-0.433313,0.024317000000000033,-0.12434899999999993
2023.9014,-0.43389700000000003,0.02262900000000001,-0.127239
2023.9042,-0.433047,0.02486199999999994,-0.127822
2023.9069,-0.435047,0.02327800000000002,-0.12376699999999996
2023.9097,-0.43423799999999996,0.024289000000000005,-0.12190199999999995
2023.9124,-0.43572399999999994,0.022865999999999942,-0.12285899999999994
2023.9151,-0.434398,0.022480999999999973,-0.12018499999999999
2023.9179,-0.43441499999999994,0.023050000000000015,-0.12460899999999997
2023.9206,-0.434549,0.024792999999999954,-0.124251
2023.9233,-0.434,0.024633999999999934,-0.12179499999999999
2023.9261,-0.435367,0.022584999999999966,-0.12050799999999995
2023.9288,-0.434765,0.022791000000000006,-0.12387599999999999
2023.9316,-0.434818,0.02422499999999994,-0.12955700000000003
2023.9343,-0.434738,0.024449999999999972,-0.12229599999999996
2023.937,-0.43481299999999995,0.023926000000000003,-0.12614199999999998
2023.9398,-0.43379399999999996,0.02548499999999998,-0.12909799999999994
2023.9425,-0.43548800000000004,0.024924999999999975,-0.12209199999999998
2023.9452,-0.43599099999999996,0.02576899999999993,-0.12640200000000001
2023.948,-0.435413,0.025472999999999968,-0.12199700000000002
2023.9507,-0.43428300000000003,0.02520100000000003,-0.12724999999999997
2023.9535,-0.43672700000000003,0.023834000000000022,-0.128417
2023.9562,-0.43656500000000004,0.025294999999999956,-0.12512899999999993
2023.9589,-0.43658800000000003,0.02362900000000001,-0.12337100000000001
2023.9617,-0.436031,0.024680999999999953,-0.11582499999999996
2023.9644,-0.436876,0.024367999999999945,-0.11737399999999998
2023.9671,-0.439344,0.023969000000000018,-0.120143
2023.9699,-0.437101,0.023558999999999997,-0.12601699999999993
2023.9726,-0.43819800000000003,0.023507999999999973,-0.12969600000000003
2023.9754,-0.438954,0.025190999999999963,-0.12314999999999998
2023.9781,-0.437756,0.02436499999999997,-0.12375199999999997
2023.9808,-0.436224,0.025440000000000018,-0.124579
2023.9836,-0.43759600000000004,0.023888999999999938,-0.12736499999999995
2023.9863,-0.437356,0.023924999999999974,-0.130035
2023.989,-0.438872,0.02435100000000001,-0.12602999999999998
2023.9918,-0.43924,0.024931999999999954,-0.126525
2023.9945,-0.43802099999999994,0.024513000000000007,-0.12087399999999993
2023.9973,-0.439135,0.025911000000000017,-0.12635299999999994
2024.0,-0.439024,0.024702,-0.12670700000000001
2024.0027,-0.43971,0.024089000000000027,-0.12754999999999994
2024.0055,-0.44032200000000005,0.024592999999999976,-0.12937699999999996
2024.0082,-0.44010699999999997,0.02426700000000004,-0.122861
2024.011,-0.441683,0.025349999999999984,-0.12894499999999998
2024.0137,-0.440887,0.024451,-0.12781999999999993
2024.0164,-0.44061999999999996,0.023518999999999957,-0.12811799999999995
2024.0192,-0.439035,0.02582300000000004,-0.12455799999999995
2024.0219,-0.44117599999999996,0.02562500000000001,-0.13008200000000003
2024.0246,-0.442138,0.024734000000000034,-0.12372499999999997
2024.0274,-0.441374,0.02498699999999998,-0.12254999999999994
2024.0301,-0.44032599999999994,0.027085000000000026,-0.12572499999999998
2024.0329,-0.4412,0.02644000000000002,-0.12473999999999996
2024.0356,-0.439949,0.026519999999999988,-0.12277700000000003
2024.0383,-0.439845,0.025156999999999985,-0.12593100000000002
2024.0411,-0.440904,0.02529400000000004,-0.12703999999999993
2024.0438,-0.44116700000000003,0.026204000000000005,-0.12915599999999994
2024.0465,-0.441066,0.026873999999999953,-0.12718600000000002
2024.0493,-0.440595,0.026168999999999998,-0.13131499999999996
2024.052,-0.44005999999999995,0.030329999999999968,-0.12655899999999998
2024.0548,-0.440922,0.025985000000000036,-0.12310100000000002
2024.0575,-0.441239,0.02553799999999995,-0.11950899999999998
2024.0602,-0.44041499999999995,0.02588199999999996,-0.12300100000000003
2024.063,-0.441428,0.025992999999999933,-0.123838
2024.0657,-0.442255,0.026521999999999935,-0.12459299999999995
2024.0684,-0.44158499999999995,0.025660000000000016,-0.12841000000000002
2024.0712,-0.440417,0.02649299999999999,-0.13001299999999993
2024.0739,-0.441864,0.026297999999999933,-0.12959599999999993
2024.0767,-0.44162399999999996,0.024703999999999948,-0.12971999999999995
2024.0794,-0.44178,0.025005999999999973,-0.12690400000000002
2024.0821,-0.442834,0.026388999999999996,-0.12752299999999994
2024.0849,-0.443054,0.023274000000000017,-0.12107299999999999
2024.0876,-0.44380099999999995,0.026218999999999992,-0.12564799999999998
2024.0903,-0.44539100000000004,0.02730100000000002,-0.12582899999999997
2024.0931,-0.44512999999999997,0.026812999999999976,-0.12267899999999998
2024.0958,-0.44341099999999994,0.027102999999999988,-0.12643899999999997
2024.0986,-0.44368899999999994,0.026104000000000016,-0.11885000000000001
2024.1013,-0.443653,0.025329999999999964,-0.12027900000000002
2024.104,-0.444358,0.026283999999999974,-0.12551199999999996
2024.1068,-0.444359,0.025872000000000006,-0.12866599999999995
2024.1095,-0.44353499999999996,0.025525999999999938,-0.12816700000000003
2024.1123,-0.444394,0.024573999999999985,-0.13246999999999998
2024.115,-0.442796,0.026456999999999953,-0.13173899999999994
2024.1177,-0.444057,0.02667799999999998,-0.12800199999999995
2024.1205,-0.44356900000000005,0.026461999999999986,-0.12789099999999998
2024.1232,-0.444,0.02579699999999996,-0.13191799999999998
2024.1259,-0.443872,0.027348999999999957,-0.13095899999999994
2024.1287,-0.44394799999999995,0.025668000000000024,-0.123394
2024.1314,-0.445216,0.024660999999999933,-0.12752299999999994
2024.1342,-0.44463800000000003,0.026409999999999934,-0.12406399999999995
2024.1369,-0.446478,0.02532699999999999,-0.12712499999999993
2024.1396,-0.44434500000000005,0.024278000000000022,-0.12832100000000002
2024.1424,-0.445208,0.027132999999999963,-0.12710299999999997
2024.1451,-0.445568,0.02671699999999999,-0.12880000000000003
2024.1478,-0.44462300000000005,0.02747999999999995,-0.126035
2024.1506,-0.445857,0.026205000000000034,-0.12838700000000003
2024.1533,-0.44492800000000005,0.027434999999999987,-0.12463999999999997
2024.1561,-0.446127,0.024765999999999955,-0.127208
2024.1588,-0.44480499999999995,0.025807000000000024,-0.12652299999999994
2024.1615,-0.44446599999999997,0.026595000000000035,-0.13167699999999993
2024.1643,-0.444818,0.024873000000000034,-0.12680199999999997
2024.167,-0.441688,0.02730599999999994,-0.12115199999999993
2024.1697,-0.44511399999999995,0.025865000000000027,-0.12433899999999998
2024.1725,-0.446189,0.024645000000000028,-0.12707000000000002
2024.1752,-0.444417,0.024916999999999967,-0.12446400000000002
2024.178,-0.444239,0.02618200000000004,-0.12663000000000002
2024.1807,-0.445884,0.025892000000000026,-0.12459799999999999
2024.1834,-0.44594799999999996,0.02571800000000002,-0.127096
2024.1862,-0.445065,0.025303999999999993,-0.129274
2024.1889,-0.44597800000000004,0.024751999999999996,-0.12893299999999996
2024.1916,-0.446483,0.02766499999999994,-0.12864699999999996
2024.1944,-0.447239,0.02541199999999999,-0.12695499999999993
2024.1971,-0.447069,0.027178000000000035,-0.12714000000000003
2024.1999,-0.445347,0.025981000000000032,-0.12635200000000002
2024.2026,-0.44586600000000004,0.026971999999999996,-0.12699399999999994
2024.2053,-0.447155,0.026780000000000026,-0.13144299999999998
2024.2081,-0.446498,0.02579699999999996,-0.12914000000000003
2024.2108,-0.44651599999999997,0.025695000000000023,-0.13080599999999998
2024.2136,-0.44779699999999995,0.02792899999999998,-0.13154299999999997
2024.2163,-0.447124,0.02644000000000002,-0.129934
2024.219,-0.44786699999999996,0.02684399999999998,-0.128347
2024.2218,-0.446653,0.02807599999999999,-0.13050099999999998
2024.2245,-0.44948399999999994,0.02490899999999996,-0.13461499999999993
2024.2272,-0.44934100000000005,0.026812999999999976,-0.128571
2024.23,-0.447802,0.02773700000000001,-0.12755399999999995
2024.2327,-0.44648000000000004,0.027106999999999992,-0.128664
2024.2355,-0.446038,0.02810199999999996,-0.133471
2024.2382,-0.44630200000000003,0.025765999999999956,-0.12849999999999995
2024.2409,-0.448954,0.02814099999999997,-0.12996600000000003
2024.2437,-0.450115,0.02840200000000004,-0.12151299999999998
2024.2464,-0.446989,0.027237999999999984,-0.12839599999999995
2024.2491,-0.44849100000000003,0.027123000000000008,-0.131046
2024.2519,-0.450045,0.028779,-0.13002599999999997
2024.2546,-0.44973100000000005,0.027761000000000036,-0.12988199999999994
2024.2574,-0.450335,0.027990999999999988,-0.13256800000000002
2024.2601,-0.450613,0.02849299999999999,-0.13095499999999993
2024.2628,-0.44944199999999995,0.030445999999999973,-0.13077799999999995
2024.2656,-0.44985899999999995,0.02960699999999994,-0.131212
2024.2683,-0.45073499999999994,0.029707999999999957,-0.12975899999999996
2024.271,-0.450259,0.028613,-0.132131
2024.2738,-0.451251,0.030151999999999957,-0.131092
2024.2765,-0.45116700000000004,0.029256999999999977,-0.132046
2024.2793,-0.44937299999999997,0.02745299999999995,-0.12400800000000001
2024.282,-0.44919800000000004,0.029278000000000026,-0.13030200000000003
2024.2847,-0.450896,0.02862500000000001,-0.13448499999999997
2024.2875,-0.451591,0.029642999999999975,-0.13144
2024.2902,-0.449641,0.02979299999999996,-0.137413
2024.293,-0.451065,0.029793999999999987,-0.13633099999999998
2024.2957,-0.45058000000000004,0.029671000000000003,-0.13215699999999997
2024.2984,-0.450845,0.02863199999999999,-0.13444899999999993
2024.3012,-0.45061199999999996,0.028405000000000014,-0.132841
2024.3039,-0.45244900000000005,0.03046799999999994,-0.13374600000000003
2024.3066,-0.45176199999999994,0.031212000000000018,-0.127602
2024.3094,-0.45192400000000005,0.029696999999999973,-0.12827900000000003
2024.3121,-0.452343,0.031393000000000004,-0.13012
2024.3149,-0.452976,0.029384999999999994,-0.13037299999999996
2024.3176,-0.452482,0.029615999999999976,-0.127664
2024.3203,-0.45373499999999994,0.030684999999999962,-0.12764299999999995
2024.3231,-0.452907,0.029994999999999994,-0.130378
2024.3258,-0.45253799999999994,0.030761999999999956,-0.13127299999999997
2024.3285,-0.45250799999999997,0.03046899999999997,-0.12893199999999994
2024.3313,-0.45144100000000004,0.02846099999999996,-0.13208799999999998
2024.334,-0.454286,0.03127499999999994,-0.13107999999999997
2024.3368,-0.453216,0.031008000000000036,-0.127471
2024.3395,-0.452767,0.028807999999999945,-0.12717899999999993
2024.3422,-0.453409,0.030822999999999934,-0.133228
2024.345,-0.454212,0.02962699999999996,-0.132046
2024.3477,-0.45489399999999997,0.030884000000000023,-0.12978899999999993
2024.3504,-0.453671,0.030193999999999943,-0.12808799999999998
2024.3532,-0.45383599999999996,0.03127000000000002,-0.131008
2024.3559,-0.454081,0.03257500000000002,-0.12885599999999997
2024.3587,-0.45305199999999995,0.03158099999999997,-0.12249299999999996
2024.3614,-0.45393999999999995,0.03203699999999998,-0.12616399999999994
2024.3641,-0.452803,0.031564999999999954,-0.12618600000000002
2024.3669,-0.45443700000000004,0.03179399999999999,-0.12990999999999997
2024.3696,-0.455428,0.032313999999999954,-0.129355
2024.3723,-0.455308,0.032796999999999965,-0.124189
2024.3751,-0.45473899999999995,0.032167999999999974,-0.13129499999999994
2024.3778,-0.454482,0.034374000000000016,-0.13250499999999998
2024.3806,-0.455192,0.03249800000000003,-0.12987799999999994
2024.3833,-0.454552,0.03315199999999996,-0.127116
2024.386,-0.454888,0.034606000000000026,-0.129552
2024.3888,-0.45442699999999997,0.033380999999999994,-0.12694300000000003
2024.3915,-0.456386,0.03274100000000002,-0.12916099999999997
2024.3943,-0.45503699999999997,0.03234099999999995,-0.12929800000000002
2024.397,-0.45429099999999994,0.03117800000000004,-0.129305
2024.3997,-0.45259999999999995,0.03152599999999994,-0.12984600000000002
2024.4025,-0.454069,0.03267500000000001,-0.12750099999999998
2024.4052,-0.45443799999999995,0.032603999999999966,-0.13232999999999995
2024.4079,-0.454466,0.03351499999999996,-0.127606
2024.4107,-0.454057,0.03421799999999997,-0.12856999999999996
2024.4134,-0.45515599999999995,0.032486000000000015,-0.12715500000000002
2024.4162,-0.45512,0.03325599999999995,-0.129834
2024.4189,-0.455381,0.03133600000000003,-0.125448
2024.4216,-0.45533399999999996,0.03143600000000002,-0.129529
2024.4244,-0.45394399999999996,0.032650999999999986,-0.12729199999999996
2024.4271,-0.45327900000000004,0.032564999999999955,-0.12725699999999995
2024.4298,-0.45228699999999994,0.033028999999999975,-0.12696799999999997
2024.4326,-0.454305,0.034533000000000036,-0.12592599999999998
2024.4353,-0.454509,0.03385300000000002,-0.12938300000000003
2024.4381,-0.454873,0.03371000000000002,-0.135312
2024.4408,-0.45498599999999995,0.034016999999999964,-0.132062
2024.4435,-0.454057,0.03433699999999995,-0.13116099999999997
2024.4463,-0.45585099999999995,0.03244899999999995,-0.12965799999999994
2024.449,-0.454404,0.03307399999999994,-0.13103199999999993
2024.4517,-0.45416799999999996,0.03364400000000001,-0.13251199999999996
2024.4545,-0.45500899999999994,0.033889999999999976,-0.12565799999999994
2024.4572,-0.455622,0.033684999999999965,-0.12479099999999999
2024.46,-0.455594,0.033796999999999966,-0.125668
2024.4627,-0.45489799999999997,0.03382699999999994,-0.12529899999999994
2024.4654,-0.45417100000000005,0.032869999999999955,-0.12944699999999998
2024.4682,-0.455014,0.033379999999999965,-0.13070899999999996
2024.4709,-0.455968,0.03290199999999999,-0.13115500000000002
2024.4736,-0.454987,0.03284500000000001,-0.127776
2024.4764,-0.456648,0.03587299999999993,-0.126803
2024.4791,-0.45797400000000005,0.03477299999999994,-0.131699
2024.4819,-0.45697400000000005,0.03376199999999996,-0.12751599999999996
2024.4846,-0.456174,0.03235599999999994,-0.12929099999999993
2024.4873,-0.455703,0.03467100000000001,-0.129297
2024.4901,-0.45479200000000003,0.03475700000000004,-0.13130799999999998
2024.4928,-0.454718,0.03436899999999998,-0.12666199999999994
2024.4956,-0.453135,0.035347999999999935,-0.12836400000000003
2024.4983,-0.452004,0.034480999999999984,-0.12997099999999995
2024.501,-0.45454900000000004,0.03429799999999994,-0.12998299999999996
2024.5038,-0.456327,0.033274999999999944,-0.13381199999999993
2024.5065,-0.45653499999999997,0.034111,-0.136193
2024.5092,-0.45479299999999995,0.03321299999999994,-0.12829999999999997
2024.512,-0.45531499999999997,0.03448200000000001,-0.13757200000000003
2024.5147,-0.45493,0.03523900000000002,-0.13073400000000002
2024.5175,-0.453386,0.035354,-0.130703
2024.5202,-0.45505199999999996,0.033797999999999995,-0.13225999999999993
2024.5229,-0.455089,0.03448899999999999,-0.13380899999999996
2024.5257,-0.45475899999999997,0.034494000000000025,-0.12801200000000001
2024.5284,-0.45492099999999996,0.034989999999999966,-0.13001299999999993
2024.5311,-0.455301,0.03176800000000002,-0.13144999999999996
2024.5339,-0.45695,0.03264599999999995,-0.13017599999999996
2024.5366,-0.456517,0.03474999999999995,-0.12661899999999993
2024.5394,-0.456061,0.035102999999999995,-0.13121499999999997
2024.5421,-0.45444100000000004,0.03349499999999994,-0.12795899999999993
2024.5448,-0.45528299999999994,0.03411799999999998,-0.12603399999999998
2024.5476,-0.455887,0.03388499999999994,-0.13675499999999996
2024.5503,-0.45678199999999997,0.033625000000000016,-0.13079699999999994
2024.553,-0.45513299999999995,0.03278499999999995,-0.130973
2024.5558,-0.45597000000000004,0.034665999999999975,-0.12784399999999996
2024.5585,-0.45512,0.034194999999999975,-0.130903
2024.5613,-0.45597000000000004,0.03262299999999996,-0.12480000000000002
2024.564,-0.45633300000000004,0.03293299999999999,-0.13381699999999996
2024.5667,-0.457482,0.031271999999999966,-0.138525
2024.5695,-0.45639899999999994,0.031710999999999934,-0.13410699999999998
2024.5722,-0.45566999999999996,0.03222899999999995,-0.12870399999999993
2024.5749,-0.457061,0.03134099999999995,-0.12882799999999994
2024.5777,-0.45647299999999996,0.030750999999999973,-0.13301399999999997
2024.5804,-0.45444599999999996,0.03264900000000004,-0.12769399999999997
2024.5832,-0.454941,0.03259400000000001,-0.13390400000000002
2024.5859,-0.45559199999999994,0.03368199999999999,-0.133143
2024.5886,-0.45851400000000003,0.03292200000000001,-0.13736799999999993
2024.5914,-0.45596699999999996,0.03444599999999998,-0.127996
2024.5941,-0.45542999999999995,0.03326600000000002,-0.13489399999999996
2024.5969,-0.45494700000000005,0.03240199999999993,-0.12687199999999998
2024.5996,-0.457096,0.034416,-0.13216399999999995
2024.6023,-0.45581299999999997,0.03259599999999996,-0.13270300000000002
2024.6051,-0.4552,0.03347,-0.132753
2024.6078,-0.455641,0.03263399999999994,-0.13647399999999998
2024.6105,-0.455736,0.03244199999999997,-0.13156800000000002
2024.6133,-0.45750299999999994,0.032418999999999976,-0.12560499999999997
2024.616,-0.457983,0.032266999999999935,-0.134679
2024.6188,-0.45736399999999994,0.03167999999999993,-0.13115100000000002
2024.6215,-0.45601699999999995,0.03199099999999999,-0.13127699999999998
2024.6242,-0.457174,0.03242999999999996,-0.12589799999999995
2024.627,-0.456359,0.033694,-0.13152600000000003
2024.6297,-0.45764,0.03293499999999994,-0.126031
2024.6324,-0.45666,0.033492999999999995,-0.12838499999999997
2024.6352,-0.45686200000000005,0.03303999999999996,-0.129293
2024.6379,-0.45783100000000004,0.032511999999999985,-0.12770000000000004
2024.6407,-0.45923699999999995,0.033359999999999945,-0.13283199999999995
2024.6434,-0.45851800000000004,0.031869999999999954,-0.13280099999999995
2024.6461,-0.45790499999999995,0.03273999999999999,-0.129189
2024.6489,-0.456972,0.03203800000000001,-0.128996
2024.6516,-0.456852,0.03301699999999996,-0.13510299999999997
2024.6543,-0.45792700000000003,0.032181000000000015,-0.129845
2024.6571,-0.458911,0.03132199999999996,-0.123614
2024.6598,-0.456539,0.03405099999999994,-0.12860399999999994
2024.6626,-0.457748,0.032961999999999936,-0.13058899999999996
2024.6653,-0.45771500000000004,0.032406999999999964,-0.12849999999999995
2024.668,-0.45717499999999994,0.032584999999999975,-0.13088100000000003
2024.6708,-0.45766900000000005,0.03333200000000003,-0.12321700000000002
2024.6735,-0.45681,0.03288099999999994,-0.130374
2024.6762,-0.457629,0.03306399999999998,-0.13202199999999997
2024.679,-0.458672,0.03280300000000003,-0.13112899999999994
2024.6817,-0.45712,0.032432000000000016,-0.12622199999999995
2024.6845,-0.457397,0.031418999999999975,-0.12442500000000001
2024.6872,-0.45834899999999995,0.031914,-0.12321499999999996
2024.6899,-0.45803699999999997,0.03181800000000001,-0.12282599999999999
2024.6927,-0.458228,0.03153700000000004,-0.12020699999999995
2024.6954,-0.45708,0.03176199999999996,-0.11906799999999995
2024.6982,-0.45762600000000003,0.031676999999999955,-0.12146999999999997
2024.7009,-0.45718200000000003,0.029588999999999976,-0.12327299999999997
2024.7036,-0.45595499999999994,0.03029599999999999,-0.12727199999999994
2024.7064,-0.457088,0.030762999999999985,-0.12483199999999994
2024.7091,-0.45769,0.03120400000000001,-0.11874799999999996
2024.7118,-0.45883199999999996,0.029882999999999993,-0.12300500000000003
2024.7146,-0.45887799999999995,0.03064800000000001,-0.124807
2024.7173,-0.458915,0.031220999999999943,-0.12504099999999996
2024.7201,-0.45757200000000003,0.030515999999999988,-0.12470399999999993
2024.7228,-0.45843700000000004,0.03201699999999996,-0.12398399999999998
2024.7255,-0.459185,0.030869000000000035,-0.12165199999999998
2024.7283,-0.45776199999999995,0.030603999999999965,-0.12843899999999997
2024.731,-0.45912099999999995,0.03020199999999995,-0.12730399999999997
2024.7337,-0.458991,0.028602999999999934,-0.12153599999999998
2024.7365,-0.45967600000000003,0.02967900000000001,-0.12036999999999998
2024.7392,-0.45863800000000005,0.030046000000000017,-0.12178500000000003
2024.742,-0.45962299999999995,0.03036099999999997,-0.12572799999999995
2024.7447,-0.459699,0.030158999999999936,-0.12453799999999993
2024.7474,-0.459328,0.028903000000000012,-0.130208
2024.7502,-0.46034899999999995,0.029279999999999973,-0.125046
2024.7529,-0.460451,0.03059400000000001,-0.12737500000000002
2024.7556,-0.459115,0.03134300000000001,-0.120896
2024.7584,-0.459022,0.029158999999999935,-0.12627900000000003
2024.7611,-0.459397,0.030066000000000037,-0.12541000000000002
2024.7639,-0.45992099999999997,0.029613,-0.12768800000000002
2024.7666,-0.459686,0.03032199999999996,-0.12512199999999996
2024.7693,-0.45889399999999997,0.03137699999999999,-0.125842
2024.7721,-0.45898900000000004,0.03099099999999999,-0.12419800000000003
2024.7748,-0.46076599999999995,0.030278999999999945,-0.125757
2024.7775,-0.459578,0.029509000000000007,-0.129598
2024.7803,-0.45816799999999996,0.030702000000000007,-0.12485299999999999
2024.8077,-0.460011,0.03026200000000001,-0.12599300000000002
2024.8104,-0.460528,0.030557999999999974,-0.135745
2024.8131,-0.460238,0.02991199999999994,-0.12944900000000004
2024.8159,-0.45958400000000005,0.029463000000000017,-0.126309
2024.8186,-0.461428,0.030622999999999956,-0.12735699999999994
2024.8214,-0.45992700000000003,0.029880000000000018,-0.12360399999999994
2024.8241,-0.462138,0.028456999999999955,-0.13007000000000002
2024.8268,-0.46098999999999996,0.02914799999999995,-0.12360399999999994
2024.8296,-0.46027899999999994,0.030590000000000006,-0.12856499999999993
2024.8323,-0.46141799999999994,0.027961000000000014,-0.126788
2024.835,-0.46204700000000004,0.02796299999999996,-0.12890899999999994
2024.8378,-0.460926,0.027363000000000026,-0.12471100000000002
2024.8405,-0.46144499999999994,0.028668000000000027,-0.12464799999999998
2024.8433,-0.46035,0.02842699999999998,-0.12666
2024.846,-0.461529,0.027812999999999977,-0.12831499999999996
2024.8487,-0.46114799999999995,0.02888999999999997,-0.12354100000000001
2024.8515,-0.46260399999999996,0.02818799999999999,-0.12477700000000003
2024.8542,-0.46102099999999996,0.029025999999999996,-0.12845600000000001
2024.8569,-0.461412,0.026978999999999975,-0.12115100000000001
2024.8597,-0.46015,0.027803000000000022,-0.12248899999999996
2024.8624,-0.46010999999999996,0.02706799999999998,-0.12294899999999997
2024.8652,-0.46034899999999995,0.028032999999999975,-0.12627
2024.8679,-0.46077300000000004,0.02719499999999997,-0.12499499999999997
2024.8706,-0.461574,0.026671,-0.124498
2024.8734,-0.46254999999999996,0.02751300000000001,-0.121004
2024.8761,-0.463867,0.02854599999999996,-0.12923299999999993
2024.8789,-0.46277699999999994,0.02717499999999995,-0.12493199999999993
2024.8816,-0.463683,0.02749899999999994,-0.12304599999999999
2024.8843,-0.461579,0.027231000000000005,-0.12298200000000004
2024.8871,-0.46140699999999996,0.02709499999999998,-0.12524899999999994
2024.8898,-0.46095400000000003,0.028035000000000032,-0.12445699999999993
2024.8925,-0.461903,0.027803000000000022,-0.12631099999999995
2024.8953,-0.46188599999999996,0.02912300000000001,-0.12788299999999997
2024.898,-0.46227999999999997,0.027249999999999996,-0.11926700000000001
2024.9008,-0.46227899999999994,0.027915000000000023,-0.12378
2024.9035,-0.46219000000000005,0.02867900000000001,-0.12029999999999996
2024.9062,-0.463161,0.02847999999999995,-0.12652799999999997
2024.909,-0.46212000000000003,0.028086999999999973,-0.12585000000000002
2024.9117,-0.46121799999999996,0.02987300000000004,-0.12408699999999995
2024.9144,-0.463176,0.02752599999999994,-0.12582300000000002
2024.9172,-0.462211,0.02792399999999995,-0.12333700000000003
2024.9199,-0.46367699999999995,0.02844800000000003,-0.132096
2024.9227,-0.46173099999999995,0.029108000000000023,-0.13012
2024.9254,-0.460911,0.028749000000000025,-0.12808200000000003
2024.9281,-0.46349899999999994,0.02953399999999995,-0.123811
2024.9309,-0.462597,0.029413000000000022,-0.12942399999999998
2024.9336,-0.46372299999999994,0.02879900000000002,-0.126788
2024.9363,-0.462292,0.02837400000000001,-0.12816399999999994
2024.9391,-0.464146,0.029437999999999964,-0.12778299999999998
2024.9418,-0.46196200000000004,0.030263999999999958,-0.12844100000000003
2024.9446,-0.46393100000000004,0.02918900000000002,-0.13127599999999995
2024.9473,-0.46414300000000003,0.028992999999999935,-0.12488199999999994
2024.95,-0.46497799999999995,0.029183999999999988,-0.12660099999999996
2024.9528,-0.463632,0.030160999999999993,-0.11940799999999996
2024.9555,-0.465454,0.027567000000000008,-0.12775099999999995
2024.9582,-0.46349100000000004,0.029362,-0.125031
2024.961,-0.465621,0.030174000000000034,-0.13142900000000002
2024.9637,-0.464551,0.028826999999999936,-0.12815599999999994
2024.9665,-0.465643,0.02825500000000003,-0.12937900000000002
2024.9692,-0.46359900000000004,0.029279999999999973,-0.12893599999999994
2024.9719,-0.46444899999999995,0.029052999999999995,-0.13080199999999997
2024.9747,-0.46539400000000003,0.02785099999999996,-0.12613200000000002
2024.9774,-0.464308,0.028946999999999945,-0.124081
2024.9802,-0.466373,0.028648000000000007,-0.12243099999999996
2024.9829,-0.46775700000000003,0.02893100000000004,-0.12437199999999993
2024.9856,-0.46527499999999994,0.02945999999999993,-0.12833499999999998
2024.9884,-0.468173,0.029108000000000023,-0.12452399999999997
2024.9911,-0.46718200000000004,0.028224000000000027,-0.13071699999999997
2024.9938,-0.467162,0.02764500000000003,-0.13053199999999998
2024.9966,-0.467682,0.02884399999999998,-0.12959599999999993
2024.9993,-0.46705499999999994,0.028800999999999966,-0.12810100000000002
2025.0021,-0.46747,0.028781999999999974,-0.13092199999999998
2025.0048,-0.466274,0.02909600000000001,-0.129996
2025.0075,-0.464729,0.030131999999999937,-0.132116
2025.0103,-0.467324,0.030197999999999947,-0.12761199999999995
2025.013,-0.466709,0.02973199999999998,-0.13315900000000003
2025.0157,-0.46675799999999995,0.03044099999999994,-0.12894899999999998
2025.0185,-0.46537500000000004,0.030104999999999937,-0.12897199999999998
2025.0212,-0.46633699999999995,0.030596999999999985,-0.13693100000000002
2025.024,-0.46716399999999997,0.03011600000000003,-0.13034499999999993
2025.0267,-0.467906,0.030710000000000015,-0.13142199999999993
2025.0294,-0.467891,0.029722000000000026,-0.128428
2025.0322,-0.468467,0.02984600000000004,-0.127992
2025.0349,-0.467188,0.029814000000000007,-0.12665099999999996
2025.0376,-0.46667,0.029725,-0.12832699999999997
2025.0404,-0.46667200000000003,0.029737000000000013,-0.13038700000000003
2025.0431,-0.466807,0.029290999999999956,-0.12931899999999996
2025.0459,-0.46816699999999994,0.02908299999999997,-0.12556499999999993
2025.0486,-0.468092,0.03006299999999995,-0.12611899999999998
2025.0513,-0.46774299999999996,0.029908999999999963,-0.12892499999999996
2025.0541,-0.466809,0.02984500000000001,-0.13094499999999998
2025.0568,-0.46688,0.029587999999999948,-0.12949
2025.0595,-0.468332,0.030505000000000004,-0.13048700000000002
2025.0623,-0.469331,0.02956800000000004,-0.13127500000000003
2025.065,-0.470884,0.03140699999999996,-0.13195800000000002
2025.0678,-0.46868899999999997,0.030442999999999998,-0.12522999999999995
2025.0705,-0.468377,0.029764000000000013,-0.130533
2025.0732,-0.469991,0.028461999999999987,-0.126965
2025.076,-0.47115999999999997,0.02857399999999999,-0.13230200000000003
2025.0787,-0.469944,0.02819399999999994,-0.12706699999999993
2025.0815,-0.469471,0.030106999999999995,-0.124224
2025.0842,-0.46971499999999994,0.029596999999999984,-0.12427999999999995
2025.0869,-0.470602,0.02903,-0.12597400000000003
2025.0897,-0.47111299999999995,0.029158000000000017,-0.12735299999999994
2025.0924,-0.471917,0.02920299999999998,-0.12475099999999995
2025.0951,-0.47016399999999997,0.02910299999999999,-0.124757
2025.0979,-0.47359999999999997,0.02869299999999997,-0.12370099999999995
2025.1006,-0.470891,0.02724099999999996,-0.12439500000000003
2025.1034,-0.46776199999999996,0.03234199999999998,-0.12720699999999996
2025.1061,-0.470737,0.029915000000000025,-0.125108
2025.1088,-0.470366,0.030436999999999936,-0.12571599999999994
2025.1116,-0.470018,0.02936899999999998,-0.12521499999999997
2025.1143,-0.470759,0.03011699999999995,-0.12333700000000003
2025.117,-0.468247,0.029649999999999954,-0.12318299999999993
2025.1198,-0.468891,0.028468999999999967,-0.12295699999999998
2025.1225,-0.46782699999999994,0.032100999999999935,-0.12806299999999993
2025.1253,-0.470988,0.031181000000000014,-0.12714999999999999
2025.128,-0.470342,0.02952100000000002,-0.13458399999999993
2025.1307,-0.471111,0.02956700000000001,-0.13318600000000003
2025.1335,-0.470856,0.029650999999999983,-0.12850099999999998
2025.1362,-0.46985899999999997,0.028839999999999977,-0.12893999999999994
2025.1389,-0.47054199999999996,0.030884000000000023,-0.12479200000000001
2025.1417,-0.47025199999999995,0.03032199999999996,-0.12932999999999995
2025.1444,-0.470853,0.02926899999999999,-0.13054699999999997
2025.1472,-0.47190099999999996,0.028918,-0.12899700000000003
2025.1499,-0.47029499999999996,0.029918,-0.12545099999999998
2025.1526,-0.47047199999999995,0.029538999999999982,-0.12450499999999998
2025.1554,-0.470652,0.028061000000000003,-0.12641499999999994
2025.1581,-0.471759,0.029734000000000038,-0.12907899999999994
2025.1608,-0.47030900000000003,0.028100000000000014,-0.12580099999999994
2025.1636,-0.470926,0.02883099999999994,-0.12912899999999994
2025.1663,-0.473269,0.026946999999999943,-0.13201399999999996
2025.1691,-0.473783,0.02869199999999994,-0.128405
2025.1718,-0.47362,0.030193999999999943,-0.13076999999999994
2025.1745,-0.47269999999999995,0.029160999999999992,-0.12756199999999995
2025.1773,-0.47345200000000004,0.027992000000000017,-0.126726
2025.18,-0.47297700000000004,0.02902300000000002,-0.12950399999999995
2025.1828,-0.472709,0.029568999999999956,-0.12971299999999997
2025.1855,-0.473852,0.028980000000000006,-0.13329800000000003
2025.1882,-0.473022,0.028880999999999935,-0.12375899999999995
2025.191,-0.47370300000000004,0.029344000000000037,-0.13114899999999996
2025.1937,-0.47486100000000003,0.02926099999999998,-0.122004
2025.1964,-0.474091,0.029322999999999988,-0.11855199999999999
2025.1992,-0.474369,0.028202999999999978,-0.12196099999999999
2025.2019,-0.475876,0.02939499999999995,-0.12911099999999998
2025.2047,-0.47314300000000004,0.03079199999999993,-0.12930399999999997
2025.2074,-0.473188,0.02923500000000001,-0.13069200000000003
2025.2101,-0.47450699999999996,0.030986999999999987,-0.13038499999999997
2025.2129,-0.473216,0.02993199999999996,-0.13383699999999998
2025.2156,-0.473606,0.029113999999999973,-0.13530200000000003
2025.2183,-0.47366800000000003,0.028668000000000027,-0.12985999999999998
2025.2211,-0.47378099999999995,0.02932899999999994,-0.132618
2025.2238,-0.47421399999999997,0.02877799999999997,-0.12887899999999997
2025.2266,-0.47497399999999995,0.02942,-0.13005699999999998
2025.2293,-0.47438699999999995,0.02959299999999998,-0.13124999999999998
2025.232,-0.474401,0.030900999999999956,-0.132359
2025.2348,-0.47598899999999994,0.031174999999999953,-0.13374399999999997
2025.2375,-0.475574,0.030783000000000005,-0.12765099999999996
2025.2402,-0.47557999999999995,0.03161499999999995,-0.12914599999999998
2025.243,-0.47427199999999997,0.03242999999999996,-0.13216399999999995
2025.2457,-0.475574,0.03207300000000002,-0.13419899999999996
2025.2485,-0.47401,0.030565999999999982,-0.13309099999999996
2025.2512,-0.47571199999999997,0.030918,-0.12592199999999998
2025.2539,-0.476002,0.031079999999999997,-0.13345699999999994
2025.2567,-0.47662,0.03195300000000001,-0.13428399999999996
2025.2594,-0.474895,0.031947999999999976,-0.13634199999999996
2025.2621,-0.475176,0.031021999999999994,-0.13270899999999997
2025.2649,-0.474899,0.032101999999999964,-0.13191200000000003
2025.2676,-0.475852,0.03183899999999995,-0.13231399999999993
2025.2704,-0.476087,0.03134400000000004,-0.13442699999999996
2025.2731,-0.47600000000000003,0.03168599999999999,-0.13902400000000004
2025.2758,-0.47491199999999995,0.030398000000000036,-0.13529499999999994
2025.2786,-0.47552999999999995,0.032806,-0.12974699999999995
2025.2813,-0.476968,0.031742999999999966,-0.13525500000000001
2025.2841,-0.47648300000000005,0.03287200000000001,-0.13462399999999997
2025.2868,-0.47616299999999995,0.031523999999999996,-0.13227599999999995
2025.2895,-0.47726399999999997,0.03250200000000003,-0.13486399999999998
2025.2923,-0.47632599999999997,0.03224399999999994,-0.12607599999999997
2025.295,-0.478249,0.03232499999999994,-0.12999499999999997
2025.2977,-0.476513,0.032855999999999996,-0.13437699999999997
2025.3005,-0.47776599999999997,0.032884000000000024,-0.131409
2025.3032,-0.479238,0.03153600000000001,-0.134282
2025.306,-0.47900499999999996,0.032313999999999954,-0.12767699999999993
2025.3087,-0.476849,0.03259299999999998,-0.126405
2025.3114,-0.47637499999999994,0.032047999999999965,-0.12693999999999994
2025.3142,-0.477582,0.032015000000000016,-0.127579
2025.3169,-0.47835199999999994,0.03162200000000004,-0.12405100000000002
2025.3498,-0.480455,0.03204399999999996,-0.13374399999999997
2025.3525,-0.47898599999999997,0.033636,-0.13008799999999998
2025.3552,-0.47851399999999994,0.03243099999999999,-0.13282799999999995
2025.358,-0.47978400000000004,0.03308,-0.13280199999999998
2025.3607,-0.47981199999999996,0.034155999999999964,-0.13024899999999995
2025.3634,-0.480983,0.03303100000000003,-0.13500199999999996
2025.3662,-0.47886100000000004,0.03288000000000002,-0.13198500000000002
2025.3689,-0.479323,0.03236099999999997,-0.13197599999999998
2025.3717,-0.481227,0.03178599999999998,-0.13088699999999998
2025.3744,-0.47983099999999995,0.033663,-0.128517
2025.3771,-0.48018199999999994,0.03407899999999997,-0.131625
2025.3799,-0.480917,0.034428000000000014,-0.132154
2025.3826,-0.481261,0.032769999999999966,-0.131784
2025.3854,-0.479397,0.035267999999999966,-0.13434899999999994
2025.3881,-0.481042,0.03447800000000001,-0.13132699999999997
2025.3908,-0.481377,0.03472299999999995,-0.12830799999999998
2025.3936,-0.480662,0.033332999999999946,-0.13578800000000002
2025.3963,-0.47972,0.034591999999999956,-0.13339099999999993
2025.399,-0.479122,0.03326499999999999,-0.133467
2025.4018,-0.47973799999999994,0.03388199999999997,-0.13112499999999994
2025.4045,-0.479497,0.034977999999999954,-0.13175899999999996
2025.4073,-0.478663,0.036304,-0.12904399999999994
2025.41,-0.47935599999999995,0.03338600000000003,-0.13080999999999998
2025.4127,-0.47806999999999994,0.034638999999999975,-0.12965899999999997
2025.4155,-0.48066099999999995,0.03507300000000002,-0.129822
2025.4182,-0.478728,0.034494000000000025,-0.12843799999999994
2025.4209,-0.479242,0.035116000000000036,-0.13818699999999995
2025.4237,-0.47936799999999996,0.033775,-0.136119
2025.4264,-0.47915,0.033726000000000034,-0.13009700000000002
2025.4292,-0.47922099999999995,0.03470699999999993,-0.12791600000000003
2025.4319,-0.479697,0.03456999999999999,-0.13027900000000003
2025.4346,-0.47797300000000004,0.034765999999999964,-0.13239
2025.4374,-0.4791,0.03394600000000003,-0.12882099999999996
2025.4401,-0.478396,0.034433999999999965,-0.13257600000000003
2025.4428,-0.478775,0.035694000000000004,-0.12948799999999994
2025.4456,-0.48033,0.03634599999999999,-0.125892
2025.4483,-0.47947599999999996,0.03659499999999993,-0.125795
2025.4511,-0.479674,0.03610499999999994,-0.12953399999999993
2025.4538,-0.479625,0.03696199999999994,-0.13131799999999993
2025.4565,-0.480374,0.03717799999999993,-0.12898999999999994
2025.4593,-0.478272,0.034492999999999996,-0.12608600000000003
2025.462,-0.47879199999999994,0.036694000000000004,-0.1271
2025.4648,-0.48046300000000003,0.035931999999999964,-0.12905100000000003
2025.4675,-0.48076199999999997,0.035733000000000015,-0.128143
2025.4702,-0.481245,0.037580999999999976,-0.12932199999999994
2025.473,-0.47986900000000005,0.03570699999999993,-0.13129199999999996
2025.4757,-0.47947100000000004,0.035926000000000013,-0.12804399999999994
2025.4784,-0.480262,0.035619999999999985,-0.13026099999999996
2025.4812,-0.480535,0.03591500000000003,-0.13302899999999995
2025.4839,-0.479631,0.03619399999999995,-0.12849299999999997
2025.4867,-0.47943600000000003,0.03611500000000001,-0.12989799999999996
2025.4894,-0.48032099999999994,0.035872000000000015,-0.13461999999999996
2025.4921,-0.480215,0.036197000000000035,-0.125332
2025.4949,-0.479822,0.036467999999999945,-0.12800599999999995
2025.4976,-0.47988400000000003,0.03705899999999995,-0.128181
2025.5003,-0.479733,0.03651700000000002,-0.13023399999999996
2025.5031,-0.47988400000000003,0.035771,-0.13076
2025.5058,-0.47995099999999996,0.03663300000000003,-0.125154
2025.5086,-0.480782,0.03577600000000003,-0.13657699999999995
2025.5113,-0.480428,0.03637899999999994,-0.12899899999999997
2025.514,-0.478632,0.03657599999999994,-0.12839100000000003
2025.5168,-0.478768,0.03700999999999999,-0.13158099999999995
2025.5195,-0.47957,0.03454499999999994,-0.13538399999999995
2025.5222,-0.48015499999999994,0.03665799999999997,-0.13298599999999994
2025.525,-0.48212700000000003,0.034811999999999954,-0.13022999999999996
2025.5277,-0.48103500000000005,0.035109999999999975,-0.12812899999999994
2025.5305,-0.47949400000000003,0.03564999999999996,-0.13216399999999995
2025.5332,-0.47923200000000005,0.03747299999999998,-0.13213799999999998
2025.5359,-0.47839899999999996,0.035096999999999934,-0.133243
2025.5387,-0.479655,0.03608,-0.13636000000000004
2025.5414,-0.479501,0.03439000000000003,-0.13068400000000002
2025.5441,-0.47878800000000005,0.03780499999999998,-0.12628399999999995
2025.5469,-0.477775,0.035638999999999976,-0.12791699999999995
2025.5496,-0.48253799999999997,0.03659299999999999,-0.13500099999999993
2025.5524,-0.47930500000000004,0.037327,-0.13628799999999996
2025.5551,-0.48091900000000004,0.03587699999999994,-0.13511099999999998
2025.5578,-0.47963700000000004,0.03622800000000004,-0.13445699999999994
2025.5606,-0.481334,0.036573999999999995,-0.13639
2025.5633,-0.48229399999999994,0.03755200000000003,-0.13227999999999995
2025.5661,-0.482729,0.037216999999999945,-0.132251
2025.5688,-0.48078400000000004,0.03808100000000003,-0.13173599999999996
2025.5715,-0.48110099999999995,0.03750699999999996,-0.13590199999999997
2025.5743,-0.48136300000000004,0.036653999999999964,-0.13515
2025.577,-0.48069599999999996,0.037839999999999985,-0.13243300000000002
2025.5797,-0.48172299999999996,0.03697600000000001,-0.133166
2025.5825,-0.479241,0.037841000000000014,-0.13498900000000003
2025.5852,-0.480809,0.037090999999999985,-0.13643700000000003
2025.588,-0.480574,0.03770899999999999,-0.132139
2025.5907,-0.48178000000000004,0.03751799999999994,-0.13046800000000003
2025.5934,-0.48016200000000003,0.03721600000000003,-0.13113799999999998
2025.5962,-0.48072200000000004,0.03839400000000004,-0.13515900000000003
2025.5989,-0.48080399999999995,0.03717599999999999,-0.12984399999999996
2025.6016,-0.480544,0.03611299999999995,-0.12974399999999997
2025.6044,-0.481439,0.03773199999999999,-0.13061299999999998
2025.6071,-0.48032899999999995,0.03694900000000001,-0.12962600000000002
2025.6099,-0.48106200000000005,0.038343999999999934,-0.128382
2025.6126,-0.481419,0.039825,-0.12968499999999994
2025.6153,-0.48095400000000005,0.03740399999999999,-0.12874299999999994
2025.6181,-0.481473,0.038826999999999945,-0.12928799999999996
2025.6208,-0.480486,0.037706999999999935,-0.12996200000000002
2025.6235,-0.48131300000000005,0.037354,-0.131502
2025.6263,-0.48274599999999995,0.03731399999999996,-0.12885599999999997
2025.629,-0.48080300000000004,0.03707700000000003,-0.12889499999999998
2025.6318,-0.480662,0.03705599999999998,-0.13052600000000003
2025.6345,-0.48183899999999996,0.03717599999999999,-0.129363
2025.6372,-0.48047599999999996,0.037011000000000016,-0.13123799999999997
2025.64,-0.479304,0.03678300000000001,-0.12742699999999996
2025.6427,-0.48028699999999996,0.035229999999999984,-0.12854900000000002
2025.6454,-0.481953,0.03539999999999999,-0.125293
2025.6482,-0.48117799999999994,0.03457500000000002,-0.12749699999999997
2025.6509,-0.480586,0.03572200000000003,-0.12054699999999996
2025.6537,-0.481446,0.03599600000000003,-0.127332
2025.6564,-0.48057500000000003,0.035287999999999986,-0.12932500000000002
2025.6591,-0.481161,0.03584799999999999,-0.130347
2025.6619,-0.48198899999999995,0.036221999999999976,-0.131436
2025.6646,-0.480671,0.036241999999999996,-0.13194499999999998
2025.6674,-0.48046300000000003,0.03610599999999997,-0.12895499999999993
2025.6701,-0.480656,0.03726499999999999,-0.13099700000000003
2025.6728,-0.480546,0.035386999999999946,-0.12578500000000004
2025.6756,-0.480546,0.03611399999999998,-0.12692799999999993
2025.6783,-0.48111600000000004,0.03440399999999999,-0.12726099999999996
2025.681,-0.47842500000000004,0.03644400000000003,-0.12790800000000002
2025.6838,-0.48004699999999995,0.03551099999999996,-0.12609700000000001
2025.6865,-0.48203500000000005,0.03508900000000004,-0.129606
2025.6893,-0.48227000000000003,0.03415699999999999,-0.131923
2025.692,-0.480173,0.03458499999999998,-0.12978899999999993
2025.6947,-0.48093400000000003,0.032497,-0.13293
2025.6975,-0.480883,0.03431300000000004,-0.12568599999999996
2025.7002,-0.481794,0.035439,-0.13065899999999997
2025.7029,-0.482208,0.035003000000000006,-0.12472700000000003
2025.7057,-0.48239899999999997,0.03575700000000004,-0.12655499999999997
2025.7084,-0.48132800000000003,0.035062999999999955,-0.128525
2025.7112,-0.479963,0.03688400000000003,-0.130965
2025.7139,-0.482389,0.03445799999999999,-0.12405900000000003
2025.7166,-0.482021,0.035572999999999966,-0.12660300000000002
2025.7194,-0.481929,0.035578,-0.13192199999999998
2025.7221,-0.482134,0.03390499999999996,-0.13005699999999998
2025.7248,-0.482477,0.034950999999999954,-0.12745799999999996
2025.7276,-0.483111,0.03433699999999995,-0.12589899999999998
2025.7303,-0.479998,0.03717999999999999,-0.135212
2025.7331,-0.48323599999999994,0.036685999999999996,-0.133502
2025.7358,-0.48307799999999995,0.03390199999999999,-0.12907599999999997
2025.7385,-0.48183400000000004,0.03436399999999995,-0.13036599999999998
2025.7413,-0.48241399999999995,0.034309000000000034,-0.12897000000000003
2025.744,-0.481482,0.034161,-0.13124599999999997
2025.7467,-0.482531,0.03297399999999995,-0.12214899999999995
2025.7495,-0.482099,0.03422400000000003,-0.12730699999999995
2025.7522,-0.48274100000000003,0.03526399999999996,-0.13044100000000003
2025.755,-0.483558,0.03553200000000001,-0.12878499999999993
2025.7577,-0.48205499999999996,0.033267999999999964,-0.12514000000000003
2025.7604,-0.48238,0.03407099999999996,-0.12914099999999995
2025.7632,-0.482374,0.03376899999999994,-0.13162799999999997
2025.7659,-0.482215,0.03393199999999996,-0.13029800000000002
2025.7687,-0.48311999999999994,0.03315699999999999,-0.123803
2025.7714,-0.48268399999999995,0.03417799999999993,-0.13049199999999994
2025.7741,-0.482431,0.03373399999999993,-0.129834
2025.7769,-0.48242199999999996,0.03310400000000002,-0.126344
2025.7796,-0.484343,0.033353999999999995,-0.12753099999999995
2025.7823,-0.48368700000000003,0.03301900000000002,-0.12687700000000002
2025.7851,-0.48213900000000004,0.03547699999999998,-0.12571
2025.7878,-0.484026,0.03205800000000003,-0.12781299999999995
2025.7906,-0.48261499999999996,0.03315599999999996,-0.130459
2025.7933,-0.48264100000000004,0.031483999999999956,-0.131621
2025.796,-0.48267699999999997,0.032277,-0.12630600000000003
2025.7988,-0.48337499999999994,0.03190099999999996,-0.13103399999999998
2025.8015,-0.48384999999999995,0.03286500000000003,-0.12717199999999995
2025.8042,-0.483138,0.03232199999999996,-0.130869
2025.807,-0.484443,0.032445999999999975,-0.135783
2025.8097,-0.48367,0.031718000000000024,-0.13168000000000002
2025.8125,-0.48261400000000004,0.031062000000000034,-0.12823099999999998
2025.8152,-0.48321299999999995,0.031274000000000024,-0.13065099999999996
2025.8179,-0.48305000000000003,0.031081999999999943,-0.131772
2025.8207,-0.484091,0.031116000000000033,-0.12768499999999994
2025.8234,-0.482845,0.03148799999999996,-0.13273800000000002
2025.8261,-0.483428,0.029795000000000016,-0.12910100000000002
2025.8289,-0.48367599999999994,0.031483999999999956,-0.12537500000000001
2025.8316,-0.48283499999999996,0.029750999999999972,-0.126942
2025.8344,-0.483435,0.029494999999999938,-0.130977
2025.8371,-0.48425599999999996,0.030089000000000032,-0.13037900000000002
2025.8398,-0.48289999999999994,0.030669999999999975,-0.12648099999999995
2025.8426,-0.48412700000000003,0.03093299999999999,-0.12896399999999997
2025.8453,-0.48374199999999995,0.029532000000000003,-0.12788900000000003
2025.848,-0.48404600000000003,0.029491999999999963,-0.12866299999999997
2025.8508,-0.48452900000000004,0.030218999999999996,-0.13304099999999996
2025.8535,-0.483732,0.030949000000000004,-0.13205100000000003
2025.8563,-0.48294299999999996,0.03177200000000002,-0.13246899999999995
2025.859,-0.48361499999999996,0.03003699999999998,-0.13212999999999997
2025.8617,-0.485222,0.02948099999999998,-0.13376500000000002
2025.8645,-0.48741300000000004,0.029362,-0.13031499999999996
2025.8672,-0.48377,0.030279999999999974,-0.125278
2025.87,-0.483632,0.03223799999999999,-0.12816300000000003
2025.8727,-0.486574,0.02932199999999996,-0.127436
2025.8754,-0.48704699999999995,0.02883199999999997,-0.12836499999999995
2025.8782,-0.486922,0.030436999999999936,-0.12987499999999996
2025.8809,-0.48544099999999996,0.03124899999999997,-0.13434899999999994
2025.8836,-0.486798,0.03041399999999994,-0.13031799999999993
2025.8864,-0.488183,0.02908900000000003,-0.13058000000000003
2025.8891,-0.48822899999999997,0.02861999999999998,-0.12986599999999993
2025.8919,-0.48829300000000003,0.029251999999999945,-0.13446400000000003
2025.8946,-0.487631,0.03001200000000004,-0.13455099999999998
2025.8973,-0.486365,0.031201000000000034,-0.13468599999999997
2025.9001,-0.487824,0.03049400000000002,-0.13283599999999995
2025.9028,-0.48676,0.030432999999999932,-0.13261299999999998
2025.9055,-0.486168,0.030634999999999968,-0.13508200000000004
2025.9083,-0.48690399999999995,0.030406999999999962,-0.137942
2025.911,-0.486423,0.03017700000000001,-0.13499899999999998
2025.9138,-0.48523900000000003,0.03036899999999998,-0.13283999999999996
2025.9165,-0.48657100000000003,0.03061999999999998,-0.13071
2025.9192,-0.48683799999999994,0.03097899999999998,-0.12876199999999993
2025.922,-0.489292,0.029703999999999953,-0.13403999999999994
2025.9247,-0.487782,0.03066000000000002,-0.13401600000000002
2025.9274,-0.487762,0.030510999999999955,-0.13765899999999998
2025.9302,-0.488326,0.029270000000000018,-0.130842
2025.9329,-0.487586,0.029683000000000015,-0.131282
2025.9357,-0.487794,0.02967299999999995,-0.13331700000000002
2025.9384,-0.489566,0.030324000000000018,-0.13551800000000003
2025.9411,-0.49030599999999996,0.029919999999999947,-0.13422800000000001
2025.9439,-0.49062100000000003,0.031020999999999965,-0.13654999999999995
2025.9466,-0.48944799999999994,0.031138,-0.13229199999999997
2025.9493,-0.48851700000000003,0.030278999999999945,-0.12857399999999997
2025.9521,-0.489291,0.031241999999999992,-0.134602
2025.9548,-0.48828,0.029583999999999944,-0.133567
2025.9576,-0.489983,0.030120999999999953,-0.13339199999999996
2025.9603,-0.48965699999999995,0.02928200000000003,-0.135753
2025.963,-0.49019300000000005,0.030908999999999964,-0.131297
2025.9658,-0.489003,0.02915499999999993,-0.13048099999999996
2025.9685,-0.48912300000000003,0.02997700000000003,-0.12845299999999993
2025.9713,-0.491048,0.028932999999999987,-0.13208200000000003
2025.974,-0.49027400000000004,0.030698000000000003,-0.13417899999999994
2025.9767,-0.488323,0.031398999999999955,-0.12954299999999996
2025.9795,-0.490327,0.030359999999999943,-0.127529
2025.9822,-0.488836,0.03394200000000003,-0.123919
2025.9849,-0.490426,0.03103900000000004,-0.12655499999999997
2025.9877,-0.49126299999999995,0.03156800000000004,-0.13254199999999994
2025.9904,-0.49083400000000005,0.031649999999999956,-0.13559
2025.9932,-0.489644,0.03311399999999998,-0.135378
2025.9959,-0.488339,0.03168099999999996,-0.13398999999999994
2025.9986,-0.49099299999999996,0.031833,-0.13848399999999994
2026.0014,-0.492009,0.03315599999999996,-0.13736700000000002
2026.0041,-0.49105000000000004,0.030761999999999956,-0.13264999999999993
2026.0068,-0.49144799999999994,0.031538999999999984,-0.13331099999999996
2026.0096,-0.49258399999999997,0.03129000000000004,-0.13218200000000002
2026.0123,-0.492307,0.030691000000000024,-0.12935299999999994
2026.0151,-0.49199699999999996,0.029382999999999937,-0.13183899999999993
2026.0178,-0.49314399999999997,0.029698000000000002,-0.135934
2026.0205,-0.492999,0.029371000000000036,-0.13436199999999998
2026.0233,-0.49193499999999996,0.03133799999999998,-0.137532
2026.026,-0.49147599999999997,0.03203400000000001,-0.13781500000000002
2026.0287,-0.491581,0.03151000000000004,-0.139992
2026.0315,-0.492227,0.03170099999999998,-0.14106200000000002
2026.0342,-0.49286499999999994,0.03392700000000004,-0.14004399999999995
2026.037,-0.49299200000000004,0.032000999999999946,-0.14097399999999993
2026.0397,-0.49290300000000004,0.033102999999999994,-0.13700099999999993
2026.0424,-0.49295399999999995,0.032332999999999945,-0.13502199999999998
2026.0452,-0.492647,0.032815999999999956,-0.13894399999999996
2026.0479,-0.491223,0.03303400000000001,-0.137285
2026.0507,-0.492816,0.032048999999999994,-0.13930699999999996
2026.0534,-0.492434,0.032941,-0.13599799999999995
2026.0561,-0.49401599999999996,0.03144999999999998,-0.13536899999999996
2026.0589,-0.49186599999999997,0.03309200000000001,-0.133934
2026.0616,-0.493412,0.03388099999999994,-0.13628799999999996
2026.0643,-0.49035999999999996,0.03324700000000003,-0.13313799999999998
2026.0671,-0.49140599999999995,0.03178000000000003,-0.130834
2026.0698,-0.49226699999999995,0.03198499999999993,-0.13616899999999998
2026.0726,-0.490199,0.03176699999999999,-0.13787799999999995
2026.0753,-0.49156399999999995,0.03152999999999995,-0.14122899999999994
2026.078,-0.49122499999999997,0.031676999999999955,-0.14233200000000001
2026.0808,-0.49147199999999996,0.031584999999999974,-0.13470099999999996
2026.0835,-0.492176,0.032752,-0.13804799999999995
2026.0862,-0.494184,0.031667,-0.13875300000000002
2026.089,-0.49324300000000004,0.031974999999999976,-0.133683
2026.0917,-0.49318500000000004,0.03121099999999999,-0.13748099999999996
2026.0945,-0.493447,0.030583000000000027,-0.13583699999999999
2026.0972,-0.493635,0.03048699999999993,-0.132448
2026.0999,-0.492782,0.03183199999999997,-0.137027
2026.1027,-0.493694,0.03040200000000004,-0.135316
2026.1054,-0.494288,0.03239700000000001,-0.13725500000000002
2026.1081,-0.49483000000000005,0.03164800000000001,-0.13301399999999997
2026.1109,-0.495005,0.02978599999999998,-0.130266
2026.1136,-0.49074500000000004,0.033027999999999946,-0.12808799999999998
2026.1164,-0.494558,0.030382999999999938,-0.13510599999999995
2026.1191,-0.49491499999999994,0.03047999999999995,-0.13034499999999993
2026.1218,-0.49630599999999997,0.029657999999999962,-0.13003999999999993
2026.1246,-0.49528599999999995,0.030224999999999946,-0.13146400000000003
2026.1273,-0.495287,0.030583000000000027,-0.12275800000000003
2026.13,-0.49703499999999995,0.030735999999999986,-0.12939699999999998
2026.1328,-0.495832,0.02984399999999998,-0.11910199999999993
2026.1355,-0.497632,0.031922000000000006,-0.129741
2026.1383,-0.496014,0.030664999999999942,-0.13078
2026.141,-0.495111,0.03074100000000002,-0.13398100000000002
2026.1437,-0.492704,0.031054999999999944,-0.13340699999999994
2026.1465,-0.495866,0.030502999999999947,-0.13484299999999994
2026.1492,-0.49892200000000003,0.03051499999999996,-0.13497399999999993
2026.152,-0.496824,0.029085000000000027,-0.128301
2026.1547,-0.49575600000000003,0.02899099999999999,-0.13238799999999995
2026.1574,-0.49511999999999995,0.029468999999999967,-0.13675499999999996
2026.1602,-0.495752,0.03097899999999998,-0.13673499999999994
2026.1629,-0.49608599999999997,0.029528,-0.13149900000000003
2026.1656,-0.496134,0.03162100000000001,-0.13346499999999994
2026.1684,-0.49672199999999994,0.03183199999999997,-0.13615199999999994
2026.1711,-0.49673700000000004,0.03138799999999997,-0.13600800000000002
2026.1739,-0.49750999999999995,0.03173300000000001,-0.13078999999999996
2026.1766,-0.498604,0.030797999999999992,-0.134911
2026.1793,-0.496438,0.030475999999999948,-0.13149900000000003
2026.1821,-0.49718199999999996,0.030000000000000027,-0.13579200000000002
2026.1848,-0.49731299999999995,0.029828999999999994,-0.13119800000000004
2026.1875,-0.495403,0.031084,-0.13635299999999995
2026.1903,-0.49749400000000005,0.031399999999999983,-0.13764900000000002
2026.193,-0.49667500000000003,0.032073999999999936,-0.13858799999999993
2026.1958,-0.497346,0.03095899999999996,-0.13745399999999997
2026.1985,-0.499086,0.03184599999999993,-0.13515
2026.2012,-0.498608,0.032281000000000004,-0.13740699999999995
2026.204,-0.49749499999999997,0.032757999999999954,-0.13284799999999997
2026.2067,-0.497542,0.031479000000000035,-0.13480799999999993
2026.2094,-0.497524,0.03294799999999998,-0.13362299999999994
2026.2122,-0.498901,0.03261000000000003,-0.13793699999999998
2026.2149,-0.49923900000000004,0.030774999999999997,-0.13790599999999997
2026.2177,-0.49879,0.032797999999999994,-0.13663799999999993
2026.2204,-0.49953200000000003,0.03294699999999995,-0.13399799999999995
2026.2231,-0.497214,0.033725000000000005,-0.13979200000000003
2026.2259,-0.49760999999999994,0.03413699999999997,-0.13987099999999997
2026.2286,-0.49940100000000004,0.034057000000000004,-0.14130699999999996
2026.2313,-0.49908099999999994,0.03256300000000001,-0.13507499999999995
2026.2341,-0.497763,0.03157500000000002,-0.14171899999999993
2026.2368,-0.498095,0.030901999999999985,-0.13898500000000003
2026.2396,-0.49991599999999997,0.03186100000000003,-0.143698
2026.2423,-0.49928199999999995,0.03174699999999997,-0.14102499999999996
2026.245,-0.499604,0.03040900000000002,-0.141857
2026.2478,-0.500003,0.03076499999999993,-0.13511499999999999
2026.2505,-0.499512,0.03097799999999995,-0.13715999999999995
2026.2533,-0.49860699999999997,0.032638999999999974,-0.139853
2026.256,-0.499937,0.03303500000000004,-0.14304799999999995
2026.2587,-0.49763799999999997,0.03302499999999997,-0.146024
2026.2615,-0.499032,0.033035999999999954,-0.13749999999999996
2026.2642,-0.49903000000000003,0.031194999999999973,-0.13782399999999995
2026.2669,-0.499226,0.03332199999999996,-0.13466699999999998
2026.2697,-0.500801,0.03231799999999996,-0.14141700000000001
2026.2724,-0.5008889999999999,0.03289200000000003,-0.13779399999999997
2026.2752,-0.5013859999999999,0.028590000000000004,-0.13713399999999998
2026.2779,-0.5002979999999999,0.03325699999999998,-0.13593
2026.2806,-0.501366,0.03228900000000001,-0.14088
2026.2834,-0.500551,0.03187300000000004,-0.139544
2026.2861,-0.500232,0.030517999999999934,-0.142652
2026.2888,-0.500623,0.03159899999999993,-0.13884399999999997
2026.2916,-0.5014810000000001,0.031752,-0.14126700000000003
2026.2943,-0.500793,0.03403299999999998,-0.141528
2026.2971,-0.5008269999999999,0.032127999999999934,-0.13818600000000003
2026.2998,-0.5009680000000001,0.03174100000000002,-0.13507099999999994
2026.3025,-0.502883,0.03132400000000002,-0.13710199999999995
2026.3053,-0.5026619999999999,0.031503999999999976,-0.14070700000000003
2026.308,-0.503037,0.03203199999999995,-0.137301
2026.3107,-0.50383,0.032525999999999944,-0.14013799999999998
2026.3135,-0.503892,0.03322499999999995,-0.13614300000000001
2026.3162,-0.5045919999999999,0.03197099999999997,-0.13719000000000003
2026.319,-0.504229,0.03310599999999997,-0.13679799999999998
2026.3217,-0.50437,0.032008000000000036,-0.14142900000000003
2026.3244,-0.505889,0.03315699999999999,-0.13979699999999995
2026.3272,-0.504731,0.03268799999999994,-0.14246499999999995
2026.3299,-0.5042519999999999,0.03315000000000001,-0.14152200000000004
2026.3326,-0.50454,0.031420000000000003,-0.14112800000000003
2026.3354,-0.503125,0.031108999999999942,-0.13895999999999997
2026.3381,-0.504677,0.031537999999999955,-0.137664
2026.3409,-0.505055,0.03099099999999999,-0.140648
2026.3436,-0.5018039999999999,0.03266199999999997,-0.14028299999999994
2026.3463,-0.503263,0.033026,-0.141509
2026.3491,-0.5052099999999999,0.03249999999999997,-0.14354899999999993
2026.3518,-0.505133,0.03239499999999995,-0.14254699999999998
2026.3546,-0.5047330000000001,0.03250799999999998,-0.14170899999999997
2026.3573,-0.5043930000000001,0.03191199999999994,-0.14352299999999996
2026.36,-0.504904,0.03301900000000002,-0.14329800000000004
2026.3628,-0.5046889999999999,0.032372999999999985,-0.14065700000000003
2026.3655,-0.504551,0.032822999999999936,-0.14155699999999993
2026.3682,-0.506211,0.03254899999999994,-0.14569699999999997
2026.3737,-0.5038119999999999,0.03185199999999999,-0.13531799999999994
2026.3765,-0.5028729999999999,0.03302700000000003,-0.13491600000000004
2026.3792,-0.5036069999999999,0.033579000000000025,-0.13982899999999998
2026.3819,-0.503641,0.032683999999999935,-0.14119099999999996
2026.3847,-0.503951,0.03355699999999995,-0.13453399999999993
2026.3874,-0.5041199999999999,0.032440000000000024,-0.13550699999999993
2026.3901,-0.503538,0.03309799999999996,-0.13545600000000002
2026.3929,-0.5060169999999999,0.034480999999999984,-0.13848099999999997
2026.3956,-0.5053289999999999,0.03310999999999997,-0.13764299999999996
2026.3984,-0.504732,0.03282799999999997,-0.13493100000000002
2026.4011,-0.5037940000000001,0.033201999999999954,-0.13988199999999995
2026.4038,-0.504945,0.03234899999999996,-0.13684200000000002
2026.4066,-0.504281,0.03356099999999995,-0.13742500000000002
2026.4093,-0.503959,0.03412000000000004,-0.13935799999999998
2026.412,-0.5033000000000001,0.03470699999999993,-0.14230900000000002
2026.4148,-0.5036149999999999,0.032996000000000025,-0.138158
2026.4175,-0.5036609999999999,0.03437699999999999,-0.141953
2026.4203,-0.5047889999999999,0.03387899999999999,-0.138841
2026.423,-0.505741,0.03376899999999994,-0.13991200000000004
2026.4257,-0.503779,0.032972,-0.13807800000000003
2026.4285,-0.5048060000000001,0.032219,-0.13387700000000002
2026.4312,-0.5029030000000001,0.03411900000000001,-0.13466999999999996
2026.4339,-0.5043150000000001,0.03454099999999993,-0.13852399999999998
2026.4367,-0.50532,0.03521099999999999,-0.138424
2026.4394,-0.5068440000000001,0.03472200000000003,-0.13982499999999998
2026.4422,-0.5044040000000001,0.034023000000000025,-0.14080000000000004
2026.4449,-0.504324,0.03565499999999999,-0.13656800000000002
2026.4476,-0.503425,0.03525199999999995,-0.13522599999999996
2026.4504,-0.5046790000000001,0.035641000000000034,-0.13971299999999998
2026.4531,-0.5048299999999999,0.03525400000000001,-0.141752
2026.4559,-0.5032559999999999,0.03299799999999997,-0.141308
2026.4586,-0.504124,0.035502000000000034,-0.13460399999999995
2026.4613,-0.504464,0.0353,-0.13927899999999993
2026.4641,-0.5038579999999999,0.035479999999999956,-0.13414399999999993
2026.4668,-0.5036229999999999,0.03621799999999997,-0.138818
2026.4695,-0.5035270000000001,0.035277,-0.134977
2026.4723,-0.503849,0.035247999999999946,-0.13937199999999994
2026.475,-0.5020849999999999,0.03480099999999997,-0.14354999999999996
2026.4778,-0.503913,0.03543099999999999,-0.14065300000000003
2026.4805,-0.5027349999999999,0.03664500000000004,-0.13202800000000003
2026.4832,-0.5036959999999999,0.03603299999999998,-0.134282
2026.486,-0.5017860000000001,0.03543600000000002,-0.130525
2026.4887,-0.5027250000000001,0.035970999999999975,-0.13733399999999996
2026.4914,-0.5042119999999999,0.03513999999999995,-0.14017000000000002
2026.4942,-0.5027459999999999,0.03475600000000001,-0.13417499999999993
2026.4969,-0.5042340000000001,0.03468099999999996,-0.13981699999999997
2026.4997,-0.5043660000000001,0.03437899999999994,-0.13493599999999994
2026.5024,-0.504901,0.03431300000000004,-0.141764
2026.5051,-0.5051349999999999,0.035156999999999994,-0.14312999999999998
