decimal_year,east_m,north_m,up_m
2006.0671,0.0,0.0,0.0
2006.0698,0.0006680000000000019,-0.0015419999999999878,-0.004489
2006.0726,0.0009339999999999904,0.0004899999999999904,0.0015119999999999995
2006.0753,0.0002869999999999262,-0.002330999999999972,0.008339
2006.078,0.00020399999999998197,-0.0003070000000000017,9.499999999999786e-05
2006.0808,0.0007489999999999997,-0.0018320000000000003,0.009527
2006.0835,0.00029599999999996296,-0.0006329999999999947,0.0027599999999999986
2006.0862,0.0003229999999999622,-0.0018759999999999888,0.009408
2006.089,-0.0012530000000000596,9.199999999998099e-05,0.002024999999999999
2006.0917,-0.0020010000000000305,-0.0007079999999999864,0.0027329999999999993
2006.0945,-0.0004210000000000047,-0.0013059999999999738,-0.0006040000000000004
2006.0972,5.899999999992023e-05,0.0007880000000000109,-0.005908999999999998
2006.0999,0.0020379999999999843,-0.00040800000000001946,0.00016599999999999948
2006.1027,0.0010679999999999579,0.000124000000000013,0.002044999999999998
2006.1054,0.0014889999999999626,0.0008940000000000059,-0.002584000000000003
2006.1081,0.0012379999999999614,0.005269000000000024,-0.006449000000000003
2006.1109,-0.0011240000000000139,0.0013980000000000103,0.0015340000000000006
2006.1136,0.0011839999999999629,-0.00016300000000002424,-0.003611000000000003
2006.1164,0.0009149999999999991,0.00019900000000000473,-0.004018000000000001
2006.1191,0.0004870000000000152,0.0019979999999999998,-0.003362999999999998
2006.1218,0.0005629999999999802,0.0008079999999999754,-0.0031870000000000023
2006.1246,0.003414999999999946,0.0015519999999999978,-0.002907
2006.1273,0.0022889999999999855,0.0015290000000000026,0.0010990000000000028
2006.13,0.00044199999999994244,0.002444999999999975,-0.004007999999999998
2006.1328,0.0014959999999999418,0.002458999999999989,0.0004040000000000016
2006.1355,0.0016959999999999198,0.0010609999999999786,0.0009930000000000008
2006.1383,0.001574999999999993,0.0013600000000000279,0.002341999999999997
2006.141,0.00040799999999996395,0.0003750000000000142,-0.006189
2006.1437,-0.00021400000000004749,0.0023009999999999975,-0.005766
2006.1465,0.0003710000000000102,0.0015140000000000153,-0.0036250000000000032
2006.1492,0.0006260000000000154,0.002137,-0.006978999999999999
2006.152,0.002931000000000017,0.0011180000000000079,1.5000000000001124e-05
2006.1547,-0.0009140000000000814,0.0015020000000000033,-0.003584999999999998
2006.1574,0.0018920000000000048,-0.0022599999999999842,0.003464000000000002
2006.1602,-0.001407000000000047,-0.0014480000000000048,0.004291999999999997
2006.1629,0.00037599999999993194,-0.0037619999999999876,-0.001691999999999999
2006.1656,0.0008199999999999319,-0.003373999999999988,-0.008626000000000002
2006.1684,-0.00155100000000008,0.00015799999999999148,-0.006321
2006.1711,-0.00040600000000001746,-0.0015760000000000218,-0.0013229999999999978
2006.1739,0.0012459999999999694,-0.0037650000000000183,-0.005769000000000003
2006.1766,0.0009409999999999696,-0.0023340000000000027,-0.003945999999999998
2006.1793,0.0002550000000000052,0.00030600000000002847,-0.0016130000000000033
2006.1821,4.899999999996574e-05,0.00014799999999998148,-0.005918
2006.1848,-0.0025700000000000722,-0.0008839999999999959,-0.002119000000000003
2006.1875,-0.003318000000000043,0.0006869999999999932,-0.011047000000000001
2006.1903,-0.0010459999999999914,0.0020680000000000143,-0.0011550000000000032
2006.193,-0.0013930000000000886,0.0016459999999999808,-0.0030989999999999976
2006.1958,-0.001739000000000046,-0.00048799999999998844,-0.0053409999999999985
2006.1985,0.0007920000000000149,-0.0007360000000000144,1.7999999999997185e-05
2006.2012,0.0011799999999999589,-0.0008650000000000047,0.0006050000000000014
2006.204,0.0006519999999999859,-0.0024959999999999982,-0.009628000000000001
2006.2067,-0.00032200000000004447,0.0013659999999999783,-0.0041110000000000035
2006.2094,0.0004009999999999847,0.004359999999999975,-0.006423999999999999
2006.2122,0.0011399999999999189,0.002815000000000012,-0.007686999999999999
2006.2149,-0.0008820000000000494,0.0014640000000000208,-0.003009999999999999
2006.2177,-0.0021240000000000148,0.0010979999999999879,-0.007306
2006.2204,0.001522999999999941,-0.0028409999999999824,-0.006086000000000001
2006.2231,0.0006609999999999117,-0.0020819999999999728,-0.008157999999999999
2006.2259,-0.0005439999999999889,-0.0019469999999999765,-0.0031969999999999985
2006.2286,-0.0009510000000000352,0.0009709999999999996,-0.0024310000000000026
2006.2313,0.00042399999999997995,0.0008670000000000067,0.0013260000000000008
2006.2341,-0.0015580000000000593,-0.00026999999999999247,-0.004820999999999999
2006.2368,-0.0014000000000000679,-0.0011090000000000266,-0.0022109999999999977
2006.2396,-0.002694000000000085,-0.0009129999999999971,-0.005888999999999998
2006.2423,-0.0016160000000000618,-0.0006979999999999764,0.0024080000000000004
2006.245,-0.0003500000000000725,-0.0012969999999999926,0.0011890000000000026
2006.2478,-0.00011300000000002974,0.0006470000000000087,-0.004184
2006.2505,-0.0003290000000000237,-0.0024120000000000252,-0.00845
2006.2533,4.599999999999049e-05,-0.004935999999999996,-0.0042150000000000035
2006.256,-0.0008830000000000782,-0.0016109999999999736,0.0029790000000000025
2006.2587,-0.002371000000000012,-6.699999999998374e-05,-0.0024460000000000037
2006.2615,-0.0015220000000000233,-8.00000000000245e-05,-0.005028999999999999
2006.2642,-0.0009529999999999816,-0.0010780000000000234,-0.0019940000000000027
2006.2669,-0.0010820000000000274,-0.0018420000000000103,0.002362999999999997
2006.2697,-0.0024690000000000545,-0.002578999999999998,-0.002718999999999999
2006.2724,-0.0019290000000000695,0.00033600000000000296,-0.002382000000000002
2006.2752,-0.0030130000000000434,0.0006019999999999914,0.002146000000000002
2006.2779,-0.0012070000000000691,-0.0003290000000000237,-0.0014889999999999973
2006.2806,-0.0035010000000000874,-0.0006369999999999987,-0.002008000000000003
2006.2834,-0.005157000000000078,-0.0014219999999999788,-0.0032160000000000036
2006.2861,-0.005690000000000084,-0.0011019999999999919,-0.004872000000000001
2006.2888,-0.0029689999999999994,-0.001475000000000004,-0.0028929999999999997
2006.2916,-0.0022380000000000733,-0.0004190000000000027,-0.00023100000000000204
2006.2943,-0.003952999999999984,0.0023989999999999845,-0.0032970000000000013
2006.2971,-0.0035399999999999876,0.0013889999999999736,-0.0068010000000000015
2006.2998,-0.004651000000000072,0.002022999999999997,-0.006269999999999998
2006.3025,-0.004245000000000054,0.003734000000000015,-0.004762000000000002
2006.3053,-0.003091000000000066,0.0011510000000000131,-0.007637999999999999
2006.308,-0.003282000000000007,0.0019649999999999945,-0.0008710000000000037
2006.3107,-0.004707000000000017,0.0018079999999999763,0.0033279999999999976
2006.3135,-0.004165000000000085,0.0022059999999999858,-0.002932999999999998
2006.3162,-0.004047000000000023,0.001695000000000002,-0.0012560000000000002
2006.319,-0.0022290000000000365,0.0011240000000000139,-0.001233999999999999
2006.3217,-0.0019820000000000393,0.0033099999999999796,-0.0037389999999999993
2006.3244,-0.0048240000000000505,0.0011909999999999976,-0.0029619999999999994
2006.3272,-0.0043880000000000585,0.002703999999999984,-0.0018659999999999996
2006.3299,-0.0037570000000000103,0.003053000000000028,0.0006219999999999976
2006.3326,-0.0034680000000000266,0.0037880000000000136,-0.007074999999999998
2006.3354,-0.003574000000000077,0.003720000000000001,-0.004504000000000001
2006.3381,-0.00489100000000009,0.0019990000000000285,-0.0008140000000000022
2006.3409,-0.004711000000000021,0.0019440000000000013,-0.0015309999999999976
2006.3436,-0.005183000000000049,0.003263999999999989,-0.005936999999999998
2006.3463,-0.0035240000000000826,0.0017900000000000138,-0.0036590000000000025
2006.3491,-0.004446000000000061,0.0013839999999999963,0.0009580000000000005
2006.3518,-0.003928000000000043,0.0025350000000000095,-0.0020570000000000033
2006.3546,-0.004859000000000058,0.0033869999999999734,-0.0021730000000000013
2006.3573,-0.005072999999999994,0.0037800000000000056,-0.0009940000000000018
2006.36,-0.004774000000000056,0.0021760000000000113,-0.0010550000000000004
2006.3628,-0.0036209999999999853,0.0040020000000000056,-0.005664000000000002
2006.3655,-0.0022100000000000453,0.003591000000000011,-0.005026000000000003
2006.3682,-0.004385000000000083,0.005261000000000016,-0.004647999999999999
2006.371,-0.005916000000000032,0.003255999999999981,-0.001908
2006.3737,-0.005537000000000014,0.0015040000000000053,-0.0006340000000000026
2006.3765,-0.0049680000000000835,0.002744000000000024,-0.0018760000000000027
2006.3792,-0.004632999999999998,0.002473000000000003,0.0027329999999999993
2006.3819,-0.007425000000000015,0.0019620000000000193,-0.0004870000000000013
2006.3847,-0.005745,0.0021399999999999753,-0.0031839999999999993
2006.3874,-0.007416000000000089,-0.0004910000000000192,0.0038619999999999974
2006.3901,-0.0032200000000000006,0.0010589999999999766,-0.010151
2006.3929,-0.0012560000000000349,0.00359799999999999,-0.010539
2006.3956,-0.005175000000000041,0.0043139999999999845,-0.0008400000000000005
2006.3984,-0.005403000000000047,0.002668999999999977,0.002348000000000003
2006.4011,-0.005743000000000054,0.00406200000000001,0.00016399999999999748
2006.4038,-0.00589800000000007,0.00385000000000002,-0.0018130000000000021
2006.4066,-0.0035760000000000236,0.003473999999999977,-0.008337
2006.4093,-0.004690000000000083,0.0032929999999999904,-0.002584000000000003
2006.412,-0.006373999999999991,0.004630000000000023,-0.008771000000000001
2006.4148,-0.0065190000000000525,0.0030649999999999844,-0.0004390000000000019
2006.4175,-0.004615000000000036,0.005114999999999981,-0.0009820000000000037
2006.4203,-0.0041320000000000245,0.0036610000000000253,0.0032849999999999963
2006.423,-0.0070710000000000495,0.003080000000000027,0.0009259999999999963
2006.4257,-0.006004000000000009,0.0037940000000000196,-0.0012749999999999984
2006.4285,-0.005298000000000025,0.003614000000000006,0.003459999999999998
2006.4312,-0.004234999999999989,0.003469999999999973,-0.0027309999999999973
2006.4339,-0.004817000000000071,0.006054000000000004,0.0006960000000000022
2006.4367,-0.004549000000000025,0.004290999999999989,-0.003157
2006.4394,-0.005709999999999993,0.0033580000000000276,0.0028479999999999964
2006.4422,-0.0034170000000000034,0.0009730000000000016,0.009065999999999998
2006.4449,-0.00470500000000007,0.004398000000000013,-0.0039949999999999986
2006.4476,-0.004045000000000076,0.004054999999999975,0.0038849999999999996
2006.4504,-0.007000000000000006,0.00420100000000001,-0.0006359999999999977
2006.4531,-0.005269000000000079,0.0024239999999999817,0.006813
2006.4559,-0.007359000000000004,0.003359999999999974,0.006051000000000001
2006.4586,-0.005160000000000053,0.0015660000000000118,-0.0012180000000000038
2006.4613,-0.006358000000000086,0.004352999999999996,-0.0006229999999999986
2006.4641,-0.0067350000000000465,0.00146099999999999,0.002158
2006.4668,-0.004507000000000039,0.0018369999999999775,0.0043300000000000005
2006.4695,-0.0048040000000000305,0.004682999999999993,-0.0005020000000000024
2006.4723,-0.00609000000000004,0.004298000000000024,-0.00046800000000000314
2006.475,-0.0030450000000000754,0.004390999999999978,-0.0061189999999999994
2006.4778,-0.003713999999999995,0.002624000000000015,0.0037960000000000008
2006.4805,-0.0018960000000000088,0.0023230000000000195,0.0009440000000000004
2006.4832,-0.0043320000000000025,0.0025149999999999895,0.0027340000000000003
2006.486,-0.006628999999999996,0.003033000000000008,0.0047719999999999985
2006.4887,-0.006585000000000063,0.0037409999999999943,0.0009969999999999979
2006.4914,-0.005582000000000087,0.005384999999999973,-0.005937999999999999
2006.4942,-0.002970000000000028,0.004035999999999984,-0.003139000000000003
2006.4969,-0.00569900000000001,0.0029739999999999767,0.0034319999999999976
2006.4997,-0.0036610000000000253,0.002703000000000011,-0.0016509999999999997
2006.5024,-0.0022720000000000518,0.0040879999999999805,-0.0004740000000000022
2006.5051,-0.00589099999999998,0.003188000000000024,0.004241000000000002
2006.5079,-0.004279000000000033,0.002344999999999986,0.0010599999999999984
2006.5106,-0.004207000000000072,0.003919999999999979,-0.005221000000000003
2006.5133,-0.0020090000000000385,0.004607000000000028,-0.0024399999999999977
2006.5161,-0.003182000000000018,0.0042200000000000015,0.0027379999999999974
2006.5188,-0.0029799999999999827,0.0028000000000000247,0.0031790000000000013
2006.5216,-0.0048520000000000785,0.003222999999999976,0.001240999999999999
2006.5243,-0.00501000000000007,0.0037309999999999843,0.0063549999999999995
2006.527,-0.0023360000000000047,0.0033110000000000084,0.0021989999999999996
2006.5298,-0.00323400000000007,0.0022400000000000198,0.006425
2006.5325,-0.002495000000000025,0.0017079999999999873,0.007858999999999998
2006.5352,-0.0025800000000000267,0.0044179999999999775,0.004688999999999999
2006.538,-0.0036130000000000884,0.0036169999999999813,0.008448999999999998
2006.5407,-0.004973000000000005,0.004923000000000011,0.002023999999999998
2006.5435,-0.002790999999999988,0.00487700000000002,0.0049989999999999965
2006.5462,-0.0028960000000000097,0.0039060000000000206,0.0027239999999999973
2006.5489,-0.00243900000000008,0.004390000000000005,0.003698
2006.5517,-0.0022849999999999815,0.005174999999999985,0.0005900000000000002
2006.5544,-0.0016720000000000068,0.004164999999999974,0.008542000000000001
2006.5572,-0.002619000000000038,0.0042119999999999935,0.004299999999999998
2006.5599,-0.0024410000000000265,0.003002999999999978,0.009085000000000003
2006.5626,-0.002682999999999991,0.005543999999999993,0.0034269999999999995
2006.5654,-0.004098000000000046,0.0049120000000000275,0.005255000000000003
2006.5681,-0.0036610000000000253,0.0043580000000000285,0.011094
2006.5708,-0.002974000000000032,0.003971000000000002,0.0034389999999999976
2006.5736,-0.003363000000000005,0.005329000000000028,-0.002252999999999998
2006.5763,-0.003163000000000027,0.003987000000000018,0.00010600000000000193
2006.5791,-0.0021960000000000868,0.004520999999999997,0.007754999999999998
2006.5818,-0.0036720000000000086,0.0039879999999999916,0.006003000000000001
2006.5845,-0.0022880000000000678,0.0035250000000000004,0.007003000000000002
2006.5873,-0.003462999999999994,0.004033000000000009,0.007184000000000003
2006.59,-0.003134999999999999,0.0015020000000000033,0.007512999999999999
2006.5927,-0.004026000000000085,0.003178000000000014,0.0048940000000000025
2006.5955,-0.002891000000000088,0.003497000000000028,0.00841
2006.5982,-0.004354999999999998,0.003811999999999982,0.011184
2006.601,-0.0030250000000000554,0.0021559999999999913,0.007089999999999999
2006.6037,-0.0035810000000000564,0.0034620000000000206,0.007781999999999997
2006.6064,-0.003593999999999986,0.0037699999999999956,0.009384999999999998
2006.6092,-0.0039759999999999796,0.003813999999999984,0.005843000000000001
2006.6119,-0.0030250000000000554,0.003151000000000015,0.007433999999999996
2006.6146,-0.0036559999999999926,0.0014049999999999896,0.009328000000000003
2006.6174,-0.004047000000000023,0.0041039999999999965,0.012805999999999998
2006.6201,-0.0038690000000000113,0.0031789999999999874,0.008825
2006.6229,-0.0045160000000000755,0.002446999999999977,0.00911
2006.6256,-0.003924000000000039,0.00233899999999998,0.004498000000000002
2006.6283,-0.0030450000000000754,0.0014339999999999908,0.002826000000000002
2006.6311,-0.0030570000000000874,0.002228999999999981,0.0024100000000000024
2006.6338,-0.003763000000000072,0.002016999999999991,0.006212999999999996
2006.6366,-0.0015060000000000073,0.0019159999999999733,0.007679999999999999
2006.6393,-0.0010109999999999841,0.0015399999999999858,0.009581
2006.642,-0.002774000000000054,0.0008719999999999839,0.0031949999999999965
2006.6448,-0.0028120000000000367,0.0033030000000000004,0.0071299999999999975
2006.6475,-0.00317400000000001,0.0017179999999999973,0.004972999999999998
2006.6502,-0.0032290000000000374,0.0017309999999999826,0.005838999999999997
2006.653,-0.003261999999999987,0.0020890000000000075,0.006365000000000003
2006.6557,-0.0029959999999999987,0.0021340000000000248,0.010166000000000001
2006.6585,-0.0040320000000000356,0.0010450000000000181,0.008957
2006.6612,-0.002847000000000044,0.0037920000000000176,0.003237999999999998
2006.6639,-0.0016200000000000658,0.0018420000000000103,0.006788000000000002
2006.6667,-0.004530000000000034,0.005078000000000027,0.011964000000000002
2006.6694,-0.0031880000000000797,0.004085000000000005,0.006178999999999997
2006.6721,-0.003106000000000053,0.0016470000000000096,0.006047999999999998
2006.6749,-0.002886000000000055,0.003908999999999996,0.001804
2006.6776,-0.001790999999999987,0.002583000000000002,0.006588999999999998
2006.6804,-0.0026610000000000245,0.0019799999999999818,0.0012100000000000027
2006.6831,-0.004395000000000038,0.0009689999999999976,0.0027799999999999978
2006.6858,-0.0045479999999999965,0.00032799999999999496,0.009603
2006.6886,-0.003342000000000067,0.0026109999999999745,0.007285
2006.6913,-0.0026090000000000835,0.002587000000000006,0.006041999999999999
2006.694,-0.002566999999999986,0.0010129999999999861,0.009847000000000002
2006.6968,-0.0030360000000000387,-0.00032599999999999296,0.011957999999999996
2006.6995,-0.0027730000000000254,0.003051999999999999,0.004451999999999998
2006.7023,-0.003138000000000085,0.0029120000000000257,0.012720999999999996
2006.705,-0.003126000000000073,0.00012899999999999023,0.017445000000000002
2006.7077,-0.0021840000000000748,0.0018489999999999895,0.007037000000000002
2006.7105,-0.0017490000000000006,0.0022760000000000002,0.012213000000000002
2006.7132,-0.0016800000000000148,0.0010390000000000121,0.019936999999999996
2006.7159,-0.00145099999999998,0.0012409999999999921,0.008252000000000002
2006.7187,-0.0024399999999999977,-6.0000000000004494e-05,0.008425000000000002
2006.7214,-0.004914000000000085,0.0017940000000000178,0.014558000000000001
2006.7242,-0.0020400000000000418,0.0015740000000000198,0.006895999999999999
2006.7269,-0.0005270000000000552,3.900000000001125e-05,0.005704000000000001
2006.7296,-0.0015399999999999858,0.00023499999999998522,0.006337000000000002
2006.7324,-0.001863000000000059,-0.00018899999999999473,0.005358000000000002
2006.7351,-0.002095000000000069,-0.0002630000000000132,0.008825
2006.7379,-0.000492000000000048,-0.0010220000000000229,0.009639000000000002
2006.7406,-0.0008930000000000327,-0.0007010000000000072,0.009349999999999997
2006.7433,-0.0021340000000000803,-0.0008569999999999967,0.011005000000000001
2006.7461,-0.0023730000000000695,-0.0020709999999999895,0.008696999999999996
2006.7488,-0.002311000000000063,-0.00048199999999998244,0.012659999999999998
2006.7515,-0.0008200000000000429,-0.0011379999999999724,0.011566
2006.7543,0.0007129999999999637,-0.0018509999999999915,0.010842999999999998
2006.757,-0.0014450000000000296,-0.0014350000000000196,0.011408000000000001
2006.7598,4.499999999996174e-05,-0.0026089999999999725,0.012394000000000002
2006.7625,-0.00021900000000008024,-0.001782999999999979,0.008583
2006.7652,0.001194999999999946,-0.0013270000000000226,0.010487999999999997
2006.768,0.00020299999999995322,-0.0013500000000000179,0.010466999999999997
2006.7707,0.0011249999999999316,0.0015640000000000098,0.014073999999999996
2006.7734,0.0002769999999999717,0.001811000000000007,0.008743
2006.7762,0.0002649999999999597,-0.00019099999999999673,0.009073999999999999
2006.7789,-0.0009000000000000119,-0.001699000000000006,0.008181
2006.7817,-0.0007320000000000659,-0.0003610000000000002,0.014483999999999997
2006.7844,0.0018579999999999153,-0.0002590000000000092,0.013742999999999998
2006.7871,4.799999999993698e-05,-0.00030200000000002447,0.023520000000000006
2006.7899,-0.0005460000000000464,0.0007130000000000192,0.018722000000000003
2006.7926,0.0006669999999999732,0.0004979999999999984,0.013906000000000002
2006.7953,0.00029800000000002047,-2.6000000000026002e-05,0.010034000000000001
2006.7981,-0.0005860000000000865,4.900000000002125e-05,0.004519999999999996
2006.8008,-0.0002469999999999972,0.00029200000000001447,0.009423
2006.8036,0.0021459999999999813,-0.00047199999999997244,0.005868999999999999
2006.8063,-0.0005600000000000049,-0.00010199999999999099,0.008034
2006.809,-0.00024400000000002198,-0.0018020000000000258,0.004927000000000001
2006.8118,-0.0015530000000000266,-0.0005149999999999877,0.004278999999999998
2006.8145,0.0006789999999999852,8.00000000000245e-05,0.010216999999999997
2006.8172,-0.0010000000000000009,-0.0018079999999999763,0.006793
2006.82,-0.0013199999999999878,8.599999999997499e-05,0.0022910000000000014
2006.8227,-0.001972000000000085,-0.0015000000000000013,0.003250999999999997
2006.8255,-0.00300200000000006,-0.00030400000000002647,0.012265999999999999
2006.8282,-0.0008590000000000542,-0.00044399999999999995,0.006260000000000002
2006.8309,-0.000512000000000068,-0.0008090000000000042,0.008363999999999996
2006.8337,-0.0022940000000000182,-6.499999999998174e-05,0.0068029999999999965
2006.8364,-0.0012510000000000021,-0.0030020000000000047,0.00553
2006.8392,-0.0012610000000000676,-0.0045239999999999725,0.0006859999999999991
2006.8419,0.0007939999999999614,-0.0003710000000000102,-0.004590999999999998
2006.8446,7.00000000000145e-05,-0.0008440000000000114,0.0023180000000000006
2006.8474,0.001371000000000011,-0.0036470000000000113,0.0026489999999999986
2006.8501,-0.0008110000000000062,-0.002788999999999986,0.003594
2006.8528,-0.003630000000000022,-0.0013989999999999836,-0.003242000000000002
2006.8556,-0.0015650000000000386,7.60000000000205e-05,-0.0018110000000000001
2006.8583,-0.0022680000000000478,-0.0041140000000000065,0.006790999999999998
2006.8611,-0.0006030000000000202,-0.001585000000000003,0.0009769999999999987
2006.8638,-0.0026120000000000587,-0.004778999999999978,-0.005292999999999999
2006.8665,-0.0037570000000000103,-0.0022260000000000058,0.009563000000000002
2006.8693,-0.0024480000000000057,-0.0020439999999999903,0.005282000000000002
2006.872,-0.0005870000000000042,-0.0026760000000000117,0.008452000000000001
2006.8747,-0.0027800000000000047,-0.0037699999999999956,0.006191999999999996
2006.8775,-0.001566999999999985,-0.003137999999999974,-0.0011900000000000036
2006.8802,-0.0007820000000000604,-0.002927000000000013,-0.0002390000000000031
2006.883,-0.002095000000000069,-0.0018020000000000258,-0.005803000000000003
2006.8857,-0.005353000000000052,-0.005330999999999975,0.004681999999999999
2006.8884,-0.0021539999999999893,-0.006610999999999978,0.007827
2006.8912,-0.003674000000000066,-0.004122999999999988,-0.0026670000000000027
2006.8939,-0.00016500000000008175,-0.004259999999999986,0.003460999999999999
2006.8966,-0.0034930000000000794,-0.0009259999999999824,-0.0042120000000000005
2006.8994,-0.0022170000000000245,-0.0008529999999999927,-0.002356999999999998
2006.9021,-0.0010220000000000784,-0.001776999999999973,0.001787999999999998
2006.9049,-0.0025880000000000347,-0.0015060000000000073,-0.005893000000000002
2006.9076,-0.0015640000000000098,-0.002581999999999973,-0.0010340000000000002
2006.9103,-0.0012290000000000356,-0.0038699999999999846,-0.0004919999999999994
2006.9131,-0.0006630000000000802,-0.0017550000000000066,-0.0007279999999999995
2006.9158,0.00015999999999993797,-0.0017099999999999893,-0.0028590000000000004
2006.9185,-0.0018770000000000175,-0.0017280000000000073,-0.006201999999999999
2006.9213,-0.0006550000000000722,-0.0023250000000000215,-0.004136000000000001
2006.924,-0.00043599999999999195,-0.0037900000000000156,-0.004812999999999998
2006.9268,-0.0007820000000000604,-0.0019719999999999738,-0.0037449999999999983
2006.9295,-4.300000000001525e-05,-0.0019569999999999865,-0.008983000000000001
2006.9322,-0.0010280000000000289,-0.004157999999999995,0.006163000000000002
2006.935,-0.0030170000000000474,-0.004593000000000014,0.003021999999999997
2006.9377,-0.00263100000000005,-0.005381999999999998,0.003263000000000002
2006.9405,-0.003134999999999999,-0.004027999999999976,0.002117000000000001
2006.9432,-0.0022860000000000102,-0.006404000000000021,-0.0013340000000000019
2006.9459,-0.0034319999999999906,-0.00639099999999998,0.000671999999999999
2006.9487,-0.0010450000000000736,-0.006921999999999984,0.0008659999999999987
2006.9514,-0.004862000000000033,-0.006052000000000002,0.002371999999999999
2006.9541,-0.004253000000000062,-0.003068000000000015,0.0005669999999999981
2006.9569,-0.006121000000000043,-0.0018690000000000095,-0.034824
2006.9596,-0.0023890000000000855,-0.0039799999999999836,-0.0016019999999999993
2006.9624,-0.002754000000000034,-0.0037900000000000156,-0.0009549999999999975
2006.9651,-0.002263000000000015,-0.0023079999999999767,-0.0007059999999999983
2006.9678,-0.002694000000000085,-0.00447599999999998,-0.005098999999999999
2006.9706,-0.003045999999999993,-0.004591000000000012,-0.0038969999999999977
2006.9733,-0.0015600000000000058,-0.005805999999999978,-0.0005070000000000005
2006.976,-0.002006999999999981,-0.006518000000000024,-0.004043999999999999
2006.9788,-0.0020820000000000283,-0.006861999999999979,-0.009822000000000001
2006.9815,-0.00330700000000006,-0.005060000000000009,-0.0016429999999999986
2006.9843,-0.0034640000000000226,-0.0030649999999999844,0.004930999999999998
2006.987,-0.003010999999999986,-0.0022599999999999842,-0.006449999999999997
2006.9897,-0.0016140000000000043,-0.0036249999999999893,-0.005636000000000002
2006.9925,-0.002619000000000038,-0.00257099999999999,-0.004723999999999999
2006.9952,-0.0007380000000000164,-0.003178000000000014,-0.007895
2006.9979,-0.0028520000000000767,-0.001346999999999987,-0.004386000000000001
2007.0007,-0.00340600000000002,-0.0036820000000000186,-0.002352
2007.0034,-0.0008590000000000542,-0.006620999999999988,0.0014839999999999992
2007.0062,-0.005102000000000051,-0.0047499999999999765,0.005164000000000002
2007.0089,-0.006533000000000011,-0.002226999999999979,0.0022970000000000004
2007.0116,-0.004257999999999984,-0.0016920000000000268,-0.005058
2007.0144,-0.004381999999999997,0.0003830000000000222,-0.0014129999999999976
2007.0171,-0.004983000000000071,-0.0016820000000000168,-0.007625
2007.0198,-0.003045999999999993,-0.0018920000000000048,-0.010856000000000001
2007.0226,-0.00301499999999999,-0.0018750000000000155,-0.0098
2007.0253,-0.002978000000000036,0.0004390000000000227,-0.009735
2007.0281,-0.0030530000000000834,0.0009440000000000004,-0.008486
2007.0308,-0.0009069999999999911,0.00017600000000000948,-0.008745
2007.0335,-0.0023450000000000415,-0.001367000000000007,-0.005402999999999998
2007.0363,-0.001843000000000039,-0.0006869999999999932,-0.010671
2007.039,-0.0011840000000000739,-0.0024170000000000025,-0.010939
2007.0418,-0.003450999999999982,-0.0011360000000000259,-0.004205
2007.0445,-0.003878000000000048,-0.0019899999999999918,-0.006519999999999998
2007.0472,-0.003439000000000081,-0.001446999999999976,-0.005747000000000002
2007.05,-0.002407000000000048,-0.0013360000000000039,-0.00392
2007.0527,-0.0027730000000000254,-0.0027699999999999947,-0.0021130000000000038
2007.0554,-0.0029919999999999947,-0.002495000000000025,-0.003268
2007.0582,-0.0026610000000000245,-0.0022150000000000225,-0.0048860000000000015
2007.0609,-0.002998000000000056,0.00021199999999998997,-0.002692
2007.0637,-0.002018999999999993,-0.0015780000000000238,-0.010183000000000001
2007.0664,-0.003631000000000051,-0.0015129999999999866,-0.008825
2007.0691,-0.0022619999999999862,-4.000000000004e-06,-0.007075999999999999
2007.0719,-0.0023440000000000127,-0.001332999999999973,-0.0015220000000000025
2007.0746,-0.0026289999999999925,-0.0008190000000000142,-0.002336999999999999
2007.0773,-0.0024089999999999945,-0.0017920000000000158,-0.007279000000000001
2007.0801,-0.003951000000000038,-0.0013199999999999878,-0.007969999999999998
2007.0828,-0.0026800000000000157,-0.00016500000000002624,-0.0057880000000000015
2007.0856,-0.002875000000000072,-0.0016800000000000148,-0.003168999999999998
2007.0883,-0.0032810000000000894,-0.00037599999999998746,-0.0024329999999999977
2007.091,-0.0031849999999999934,5.1999999999996493e-05,-0.007629999999999998
2007.0938,-0.003199000000000063,-0.0016059999999999963,-0.005551
2007.0965,-0.0024250000000000105,-0.0028719999999999857,-0.0010020000000000029
2007.0992,-0.004230000000000067,-0.0020339999999999803,-0.008737000000000002
2007.102,-0.00394300000000003,-0.002128999999999992,0.0018620000000000025
2007.1047,-0.003909000000000051,-0.0014009999999999856,-0.006934000000000003
2007.1075,-0.004967000000000055,-0.0014440000000000008,-0.001798000000000001
2007.1102,-0.006358000000000086,-0.0007070000000000132,0.004013999999999997
2007.1129,-0.00373100000000004,-0.002713999999999994,0.0009769999999999987
2007.1157,-0.00419500000000006,-0.0007099999999999884,-0.0029689999999999994
2007.1184,-0.00298200000000004,0.00019900000000000473,-0.0046679999999999985
2007.1211,-0.003315000000000068,-0.0011050000000000226,-0.004805999999999998
2007.1239,-0.0026120000000000587,0.00020799999999998597,-0.002820000000000003
2007.1266,-0.00558599999999998,-0.00037399999999998546,-0.006269000000000004
2007.1294,-0.00390299999999999,-0.0008569999999999967,-0.0033200000000000035
2007.1321,-0.0037010000000000653,-0.0014939999999999953,-0.002137
2007.1348,-0.00553300000000001,-0.0017449999999999966,-0.001127000000000003
2007.1376,-0.0066150000000000375,-0.002933000000000019,8.79999999999978e-05
2007.1403,-0.005340000000000011,7.20000000000165e-05,-0.004307999999999999
2007.1431,-0.002906999999999993,-0.0018360000000000043,0.00035500000000000115
2007.1458,-0.0035330000000000084,-0.0022639999999999882,-0.004262000000000002
2007.1485,-0.0036240000000000716,-0.001780999999999977,0.0012879999999999975
2007.1513,-0.005163000000000029,-0.0020589999999999775,-0.0002699999999999994
2007.154,-0.004022000000000081,-0.002581999999999973,-0.007512999999999999
2007.1567,-0.0035530000000000284,-0.003576999999999997,0.001687000000000001
2007.1595,-0.0047080000000000455,-0.0020459999999999923,0.003939999999999999
2007.1622,-0.005175000000000041,-0.0017099999999999893,0.0008359999999999965
2007.165,-0.00400900000000004,-0.0019299999999999873,-0.004116000000000002
2007.1677,-0.003031000000000006,-0.0027579999999999827,-0.005208999999999998
2007.1704,-0.0023739999999999872,-0.0006109999999999727,-0.0031969999999999985
2007.1732,-0.0023650000000000615,-0.001690999999999998,-0.0006200000000000025
2007.1759,-0.004852999999999996,-0.0029489999999999794,-0.0032980000000000023
2007.1786,-0.00489100000000009,-0.004512000000000016,0.0018390000000000004
2007.1814,-0.004163000000000028,-0.0037710000000000243,0.0023270000000000027
2007.1841,-0.004947000000000035,-0.0030100000000000127,0.0002030000000000018
2007.1869,-0.0024160000000000847,-0.0023580000000000267,0.000902
2007.1896,-0.00599100000000008,-0.008585999999999983,-0.005422999999999997
2007.1923,-0.005570000000000075,-0.0030819999999999736,-0.0014409999999999978
2007.1951,-0.005257999999999985,-0.0021059999999999968,-0.0033009999999999984
2007.1978,-0.005458000000000074,-0.0011950000000000016,-0.005028999999999999
2007.2005,-0.004438000000000053,-0.0015439999999999898,-0.004646999999999998
2007.2033,-0.003727000000000036,-0.0014959999999999973,-0.007429999999999999
2007.206,-0.004838000000000009,-0.0026450000000000085,-0.0047830000000000025
2007.2088,-0.005407000000000051,-0.0007409999999999917,0.005068999999999997
2007.2115,-0.005365000000000064,-0.004597000000000018,0.005088999999999996
2007.2142,-0.005632000000000081,-0.003483999999999987,0.0006589999999999999
2007.217,-0.0042400000000000215,-0.0030850000000000044,-0.0044420000000000015
2007.2197,-0.006493000000000082,-0.003803999999999974,-0.0009289999999999993
2007.2225,-0.005112000000000005,-0.0023000000000000242,0.0007249999999999965
2007.2252,-0.005211999999999994,-0.004018999999999995,-0.002267999999999999
2007.2279,-0.005919000000000008,-0.004900999999999989,-0.0027370000000000033
2007.2307,-0.006767999999999996,-0.0028659999999999797,-0.001679
2007.2334,-0.007363000000000008,-0.0029819999999999847,0.0041090000000000015
2007.2361,-0.005709999999999993,-0.0015089999999999826,-0.003389999999999997
2007.2389,-0.005628000000000077,-0.0017449999999999966,-0.005735999999999998
2007.2416,-0.006968000000000085,-0.0016570000000000196,-0.004950000000000003
2007.2444,-0.006023000000000001,-0.0019629999999999925,0.0020589999999999983
2007.2471,-0.006684000000000023,-0.0009149999999999991,-0.0021040000000000017
2007.2498,-0.007774000000000059,-0.0012300000000000089,-0.004652000000000003
2007.2526,-0.005836000000000063,4.100000000001325e-05,-0.004644000000000002
2007.2553,-0.006288999999999989,0.0017719999999999958,-0.006932000000000001
2007.258,-0.007105000000000028,0.001576999999999995,-0.008357
2007.2608,-0.006773000000000029,-0.0007209999999999717,-0.003591999999999998
2007.2635,-0.007452000000000014,-0.001668999999999976,-3.100000000000325e-05
2007.2663,-0.007816000000000045,-0.002813999999999983,0.0003229999999999969
2007.269,-0.008388000000000062,-0.0021849999999999925,-0.005670000000000001
2007.2717,-0.007292000000000076,8.599999999997499e-05,-0.0018509999999999985
2007.2745,-0.009489999999999998,-0.0030589999999999784,-0.0017220000000000013
2007.2772,-0.007875999999999994,-0.0021579999999999933,-0.0016660000000000008
2007.2799,-0.00878699999999999,0.0002590000000000092,-0.009569000000000001
2007.2827,-0.007789000000000046,-0.0008369999999999767,-0.0041030000000000025
2007.2854,-0.00959500000000002,-7.00000000000145e-05,-0.005221000000000003
2007.2882,-0.0072990000000000554,-0.00031399999999998096,-0.004957000000000003
2007.2909,-0.009029000000000065,-0.0010260000000000269,-0.0013280000000000028
2007.2936,-0.008821999999999997,-0.0020760000000000223,-0.0019360000000000002
2007.2964,-0.009279000000000037,-0.0008020000000000249,-0.0009720000000000006
2007.2991,-0.006894000000000067,-0.0012280000000000069,-0.0055569999999999994
2007.3018,-0.008958000000000022,-0.0006860000000000199,-0.0027350000000000013
2007.3046,-0.009577000000000058,-0.0008009999999999962,0.00020599999999999785
2007.3073,-0.00897900000000007,-0.0011929999999999996,-0.006655000000000001
2007.3101,-0.00768000000000002,-4.500000000001725e-05,-0.002598000000000003
2007.3128,-0.009306000000000036,-0.00022600000000000398,-0.006005000000000003
2007.3155,-0.009592000000000045,-0.00032199999999998896,-0.008832
2007.3183,-0.008488000000000051,-0.0006849999999999912,0.0013719999999999982
2007.321,-0.009709999999999996,-0.001796999999999993,-0.003279999999999998
2007.3238,-0.01076200000000005,0.00046200000000001795,-0.005388000000000004
2007.3265,-0.009172999999999987,-0.0006590000000000207,-0.006324000000000003
2007.3292,-0.010924000000000045,-0.0004939999999999944,-0.005417999999999999
2007.332,-0.009871999999999992,-0.0013599999999999723,-0.0039980000000000016
2007.3347,-0.010863999999999985,-0.0006680000000000019,0.00035500000000000115
2007.3374,-0.009062000000000014,0.0003529999999999922,-0.004386000000000001
2007.3402,-0.00942900000000002,-0.0011470000000000091,-0.007396
2007.3429,-0.009195999999999982,-0.0008810000000000207,-0.006020999999999999
2007.3457,-0.007233000000000045,0.0006200000000000094,-0.009427000000000001
2007.3484,-0.010102000000000055,-0.00011200000000000099,-0.006141000000000001
2007.3511,-0.01064200000000004,0.00032999999999999696,-0.0008560000000000026
2007.3539,-0.009923000000000015,0.0012019999999999809,-0.0031899999999999984
2007.3566,-0.008225000000000038,0.00149100000000002,-0.0076999999999999985
2007.3593,-0.009359000000000006,0.0019689999999999985,-0.005075999999999997
2007.3621,-0.008743000000000056,0.0008980000000000099,-0.007754000000000004
2007.3648,-0.008585999999999983,0.0017320000000000113,-0.010238
2007.3676,-0.010744000000000087,0.0005129999999999857,-0.004121
2007.3703,-0.010531999999999986,0.0009600000000000164,-0.006508
2007.373,-0.009883000000000086,0.0015359999999999818,-0.007790999999999999
2007.3758,-0.009826000000000001,0.0021639999999999993,-0.009436
2007.3785,-0.009820000000000051,0.0013900000000000023,-0.0020010000000000028
2007.3812,-0.01202700000000001,0.0026800000000000157,-0.0006929999999999992
2007.384,-0.011587000000000014,0.00237900000000002,-0.0036689999999999987
2007.3867,-0.01153599999999999,0.0026479999999999837,-0.010010999999999999
2007.3895,-0.009995000000000087,0.0010510000000000241,-0.010256000000000001
2007.3922,-0.00942900000000002,0.0018409999999999815,-0.0008010000000000031
2007.3949,-0.01087400000000005,0.002591999999999983,-0.005531000000000001
2007.3977,-0.010793000000000053,0.0016900000000000248,-0.006026999999999998
2007.4004,-0.012512999999999996,0.0019930000000000225,-0.0005039999999999975
2007.4031,-0.012022000000000088,0.0017519999999999758,-0.0017329999999999984
2007.4059,-0.010531999999999986,0.003987000000000018,-0.004038
2007.4086,-0.012005000000000043,0.0005890000000000062,-0.001236000000000001
2007.4114,-0.011785000000000045,0.0015530000000000266,-0.003722000000000003
2007.4141,-0.009908000000000028,0.0022050000000000125,0.001899999999999999
2007.4168,-0.012195000000000067,0.0016510000000000136,-0.005248000000000003
2007.4196,-0.011442999999999981,0.0030859999999999776,-0.0036269999999999983
2007.4223,-0.01155000000000006,0.0005470000000000197,0.0027319999999999983
2007.4251,-0.009956000000000076,0.0041260000000000185,0.00469
2007.4278,-0.012923000000000018,0.0021680000000000033,0.005650999999999996
2007.4305,-0.01204000000000005,0.002856000000000025,0.0005539999999999989
2007.4333,-0.011581999999999981,0.0019419999999999993,-0.002022000000000003
2007.436,-0.01131800000000005,0.003155999999999992,-0.0009829999999999978
2007.4387,-0.012543000000000082,-0.00023099999999998122,0.004604999999999998
2007.4415,-0.01285500000000006,0.001340999999999981,-0.004917999999999999
2007.4442,-0.01085999999999998,0.0029529999999999834,-0.005201999999999998
2007.447,-0.011983999999999995,0.0032030000000000114,-0.007711000000000003
2007.4497,-0.010545000000000027,0.0031939999999999746,-0.007547999999999999
2007.4524,-0.010865000000000014,0.0028960000000000097,-0.0022240000000000038
2007.4552,-0.01031100000000007,0.0020600000000000063,4.599999999999743e-05
2007.4579,-0.010162000000000004,0.001715000000000022,-0.008568
2007.4606,-0.009419000000000066,0.0019440000000000013,0.001341000000000002
2007.4634,-0.00952200000000003,0.001686999999999994,-0.002249000000000001
2007.4661,-0.009937000000000085,0.0024299999999999877,-0.007717000000000002
2007.4689,-0.009436,0.0030930000000000124,-0.0029520000000000032
2007.4716,-0.009809000000000068,0.0026660000000000017,0.0016129999999999964
2007.4743,-0.009977000000000014,0.0015200000000000213,-0.005928000000000003
2007.4771,-0.008504999999999985,0.0011610000000000231,-0.0011670000000000014
2007.4798,-0.010426000000000046,0.0007500000000000284,-0.001350999999999998
2007.4825,-0.011754000000000042,0.0009469999999999756,-0.0035219999999999974
2007.4853,-0.010153999999999996,0.002927999999999986,-0.006192999999999997
2007.488,-0.01017800000000002,0.0025430000000000175,0.001682999999999997
2007.4908,-0.009518000000000026,-0.0009500000000000064,-0.0007549999999999987
2007.4935,-0.010826000000000002,0.0012759999999999994,0.0025120000000000003
2007.4962,-0.012741000000000002,0.0008719999999999839,0.0015130000000000005
2007.499,-0.010464000000000029,0.0009779999999999789,-0.006645999999999999
2007.5017,-0.011465000000000058,0.00027800000000000047,0.0007360000000000005
2007.5044,-0.011315000000000075,0.0012570000000000081,0.0007349999999999995
2007.5072,-0.010826000000000002,0.002371000000000012,-0.0024160000000000015
2007.5099,-0.01040400000000008,0.0009750000000000036,-0.0016750000000000029
2007.5127,-0.014189000000000007,0.0009049999999999891,0.0022070000000000006
2007.5154,-0.01307400000000003,0.0007500000000000284,0.005165999999999997
2007.5181,-0.010211000000000081,-0.00018499999999999073,0.0015340000000000006
2007.5209,-0.010406000000000026,-0.00171300000000002,0.006994
2007.5236,-0.011221000000000037,0.0012210000000000276,0.0032239999999999977
2007.5264,-0.012642000000000042,-0.00010700000000002374,0.0016479999999999967
2007.5291,-0.01151000000000002,0.002589999999999981,0.0024409999999999987
2007.5318,-0.01363100000000006,-0.0003029999999999977,0.007017000000000002
2007.5346,-0.011554000000000064,6.20000000000065e-05,0.011059
2007.5373,-0.011023000000000005,0.0016229999999999856,0.004817000000000002
2007.54,-0.011757000000000017,0.00029200000000001447,0.008128999999999997
2007.5428,-0.011798000000000086,0.0017699999999999938,0.0034379999999999966
2007.5455,-0.012739000000000056,0.0003650000000000042,0.0067989999999999995
2007.5483,-0.011599000000000026,0.0002530000000000032,0.005821
2007.551,-0.009495000000000031,-0.0019219999999999793,0.009326000000000001
2007.5537,-0.008153999999999995,-0.0005549999999999722,0.0015849999999999961
2007.5565,-0.011180000000000079,0.0008619999999999739,0.0060149999999999995
2007.5592,-0.009896000000000016,0.001334999999999975,0.005693999999999998
2007.5619,-0.01012600000000008,-7.60000000000205e-05,0.004594000000000001
2007.5647,-0.01153700000000002,-0.0006369999999999987,0.007931
2007.5674,-0.012307999999999986,-0.0018650000000000055,0.008857999999999998
2007.5702,-0.01213300000000006,-0.00017400000000000748,0.004061999999999996
2007.5729,-0.013997000000000037,-0.0015620000000000078,0.012990000000000002
2007.5756,-0.011006999999999989,0.0004069999999999907,0.007211000000000002
2007.5784,-0.010847000000000051,0.0002909999999999857,0.0074719999999999995
2007.5811,-0.011866000000000043,-0.00018699999999999273,0.012115
2007.5838,-0.011753000000000013,4.599999999999049e-05,0.011014000000000003
2007.5866,-0.011105000000000032,0.0008420000000000094,0.0077009999999999995
2007.5893,-0.010728999999999989,0.0012710000000000221,0.007408999999999999
2007.5921,-0.012136000000000036,-0.0010609999999999786,0.012999999999999998
2007.5948,-0.010454000000000074,-0.00028000000000000247,0.011061000000000001
2007.5975,-0.011832999999999982,0.0007400000000000184,0.007550000000000001
2007.6003,-0.010238999999999998,-3.100000000000325e-05,0.008778000000000001
2007.603,-0.012399000000000049,-0.00013900000000000023,0.009378999999999998
2007.6057,-0.011233000000000049,0.0010939999999999839,0.010030999999999998
2007.6085,-0.010600000000000054,-0.0006970000000000032,0.009605000000000002
2007.6112,-0.012373000000000078,0.0003610000000000002,0.005745
2007.614,-0.012763999999999998,-0.0008139999999999814,0.007063
2007.6167,-0.011332000000000009,-0.0010850000000000026,0.005309000000000001
2007.6194,-0.012527000000000066,-0.0006099999999999994,0.008929
2007.6222,-0.013162000000000007,0.0006470000000000087,0.011826999999999997
2007.6249,-0.011087999999999987,-0.0011499999999999844,0.013121
2007.6277,-0.01116600000000001,-0.0016180000000000083,0.008721
2007.6304,-0.01080100000000006,-0.0024899999999999922,0.015408999999999999
2007.6331,-0.010578000000000087,-0.002616000000000007,0.007094999999999997
2007.6359,-0.011408000000000085,-0.0020780000000000243,0.008929
2007.6386,-0.011425000000000018,-0.0028810000000000224,0.006143999999999997
2007.6413,-0.01114599999999999,-0.0023170000000000135,0.007372999999999998
2007.6441,-0.01300100000000004,-0.001363000000000003,0.0061290000000000025
2007.6468,-0.011311999999999989,-0.00038399999999999546,0.0046
2007.6496,-0.011163000000000034,0.0010359999999999814,0.010515999999999998
2007.6523,-0.010036000000000045,-0.00018000000000001348,0.006302000000000002
2007.655,-0.009149999999999991,-0.0019890000000000185,0.006669000000000001
2007.6578,-0.010333000000000037,-0.0009299999999999864,0.006857999999999996
2007.6605,-0.008633000000000002,-0.00032599999999999296,0.004951999999999998
2007.6632,-0.010091000000000072,-0.0019159999999999733,0.009149999999999998
2007.666,-0.011261999999999994,-0.0016289999999999916,0.003957000000000002
2007.6687,-0.011222999999999983,-0.0016570000000000196,0.0066809999999999994
2007.6715,-0.012126000000000081,-0.0027409999999999934,0.008571000000000002
2007.6742,-0.011738000000000026,-0.0009680000000000244,0.0023209999999999967
2007.6769,-0.01053000000000004,-0.003020999999999996,0.011443000000000002
2007.6797,-0.009489999999999998,-0.0035519999999999996,0.010558999999999999
2007.6824,-0.00879400000000008,-0.0023869999999999725,0.009783
2007.6851,-0.01073500000000005,-0.00260100000000002,0.010979000000000003
2007.6879,-0.01142399999999999,-0.001458999999999988,0.008934999999999998
2007.6906,-0.01073500000000005,-0.0014359999999999928,0.010347000000000002
2007.6934,-0.011458999999999997,-0.0020620000000000083,0.006564
2007.6961,-0.01003300000000007,-0.0017900000000000138,0.0048909999999999995
2007.6988,-0.010064000000000073,-0.0021889999999999965,0.009571999999999997
2007.7016,-0.009402000000000021,-0.0013360000000000039,0.004236999999999998
2007.7043,-0.009566999999999992,-0.003375000000000017,0.008148000000000002
2007.707,-0.011651999999999996,-0.0026599999999999957,0.013518999999999996
2007.7098,-0.011195999999999984,-0.0026439999999999797,0.010890999999999998
2007.7125,-0.011485999999999996,-0.003346999999999989,0.0036370000000000013
2007.7153,-0.011240000000000028,-0.0031970000000000054,0.0013789999999999983
2007.718,-0.010431000000000079,-0.0020830000000000015,0.0033460000000000018
2007.7207,-0.008745000000000003,-0.004502000000000006,0.009699
2007.7235,-0.010772000000000004,-0.0021539999999999893,0.008691999999999998
2007.7262,-0.010498000000000007,-0.00326700000000002,0.011568000000000002
2007.729,-0.006323999999999996,-0.004135,0.007946000000000002
2007.7317,-0.009033999999999986,-0.0031260000000000177,0.005853999999999998
2007.7344,-0.009560000000000013,-0.0028750000000000164,0.003805999999999997
2007.7372,-0.009013000000000049,-0.0026639999999999997,0.008113999999999996
2007.7399,-0.00801099999999999,-0.0035279999999999756,0.0067979999999999985
2007.7426,-0.008101000000000025,-0.004755000000000009,0.019998000000000002
2007.7454,-0.008300000000000085,-0.004717000000000027,0.012200999999999997
2007.7481,-0.007681000000000049,-0.0032889999999999864,0.009639000000000002
2007.7509,-0.009300000000000086,-0.004805999999999977,0.012351
2007.7536,-0.01176200000000005,-0.003595999999999988,0.020981
2007.7563,-0.009848999999999997,-0.0020709999999999895,0.014388999999999999
2007.7591,-0.010588000000000042,-0.0030729999999999924,0.008187
2007.7618,-0.009359000000000006,-0.003800999999999999,0.006538999999999996
2007.7645,-0.009159000000000028,-0.0038719999999999866,0.007565000000000002
2007.7673,-0.009283000000000041,-0.004342999999999986,0.007061999999999999
2007.77,-0.00791200000000003,-0.005133999999999972,0.008071000000000002
2007.7728,-0.00943000000000005,-0.004529000000000005,0.011791999999999997
2007.7755,-0.009817000000000076,-0.0043179999999999885,0.001693
2007.7782,-0.009256000000000042,-0.00417099999999998,0.009401
2007.781,-0.009995000000000087,-0.004400000000000015,0.006449999999999997
2007.7837,-0.009325000000000028,-0.004520000000000024,0.006731000000000001
2007.7864,-0.010691000000000006,-0.00768000000000002,0.006152999999999999
2007.7892,-0.010971000000000064,-0.004954000000000014,0.009384999999999998
2007.7919,-0.010703000000000018,-0.004359000000000002,0.015612000000000001
2007.7947,-0.008280000000000065,-0.008058999999999983,0.008657999999999999
2007.7974,-0.010852000000000084,-0.00616899999999998,0.012075000000000002
2007.8001,-0.010220000000000007,-0.007321000000000022,0.005040000000000003
2007.8029,-0.008748000000000089,-0.005334999999999979,0.0028689999999999966
2007.8056,-0.007854000000000028,-0.005695999999999979,0.003925999999999999
2007.8084,-0.006102000000000052,-0.004884999999999973,0.007163999999999997
2007.8111,-0.008647999999999989,-0.0026559999999999917,-0.0019259999999999972
2007.8138,-0.011600000000000055,-0.0021180000000000088,-0.002680000000000002
2007.8166,-0.010411000000000059,-0.003259000000000012,-0.0005739999999999981
2007.8193,-0.009168000000000065,-0.002634000000000025,0.00042099999999999776
2007.822,-0.010048000000000057,-0.005703999999999987,0.0034249999999999975
2007.8248,-0.01009900000000008,-0.006280999999999981,0.007311999999999999
2007.8275,-0.010261000000000076,-0.005029000000000006,0.002361999999999996
2007.8303,-0.010723000000000038,-0.0072550000000000114,0.0029630000000000004
2007.833,-0.010475000000000012,-0.006139999999999979,0.0022929999999999964
2007.8357,-0.009225000000000039,-0.006060999999999983,0.001912999999999998
2007.8385,-0.009441000000000033,-0.0069270000000000165,0.0029630000000000004
2007.8412,-0.01089400000000007,-0.006280000000000008,-0.001010999999999998
2007.8439,-0.010157000000000083,-0.006985999999999992,-0.0005020000000000024
2007.8467,-0.009969000000000006,-0.007317999999999991,-0.001121999999999998
2007.8494,-0.01039000000000001,-0.006728999999999985,0.003909999999999997
2007.8522,-0.009921000000000069,-0.007848000000000022,0.007675000000000001
2007.8549,-0.00986700000000007,-0.010940999999999979,0.012533000000000002
2007.8576,-0.013234999999999997,-0.009989999999999999,0.009297
2007.8604,-0.010865000000000014,-0.007921999999999985,0.008353
2007.8631,-0.010134000000000087,-0.007325000000000026,0.008059999999999998
2007.8658,-0.011201000000000016,-0.00789899999999999,0.0026399999999999965
2007.8686,-0.011171000000000042,-0.005705000000000016,0.0008890000000000009
2007.8713,-0.01057600000000003,-0.01075100000000001,0.0007699999999999999
2007.8741,-0.01026500000000008,-0.008728000000000014,0.007578000000000001
2007.8768,-0.010718000000000005,-0.007070000000000021,0.0045520000000000005
2007.8795,-0.010790000000000077,-0.0070209999999999995,0.005084999999999999
2007.8823,-0.009633000000000003,-0.007191999999999976,0.00016100000000000142
2007.885,-0.009359000000000006,-0.004937999999999998,-0.0009230000000000002
2007.8877,-0.007800000000000029,-0.004292999999999991,-0.0036290000000000003
2007.8905,-0.007928000000000046,-0.004942999999999975,-0.0033979999999999982
2007.8932,-0.008589000000000069,-0.004620999999999986,-0.0016349999999999976
2007.896,-0.009314000000000044,-0.007498000000000005,0.0020910000000000026
2007.8987,-0.007552000000000003,-0.006010000000000015,-0.0014460000000000028
2007.9014,-0.00849500000000003,-0.00790200000000002,0.0027239999999999973
2007.9042,-0.010091000000000072,-0.008114999999999983,-0.001577000000000002
2007.9069,-0.008844000000000074,-0.006311000000000011,-0.002685
2007.9097,-0.01017200000000007,-0.006811999999999985,-0.002819000000000002
2007.9124,-0.010325000000000029,-0.006848000000000021,-0.0024129999999999985
2007.9151,-0.01019200000000009,-0.007263999999999993,0.0035320000000000004
2007.9179,-0.0070630000000000415,-0.008751999999999982,0.009623
2007.9206,-0.008188000000000084,-0.008172000000000013,0.003714000000000002
2007.9233,-0.007449000000000039,-0.008062999999999987,-0.0031050000000000036
2007.9261,-0.010359000000000007,-0.005755999999999983,-0.004729999999999998
2007.9288,-0.010361999999999982,-0.007390999999999981,0.004040000000000002
2007.9316,-0.009439000000000086,-0.005670000000000008,0.002785999999999997
2007.9343,-0.009497000000000089,-0.0032989999999999964,0.0018779999999999977
2007.937,-0.008040000000000047,-0.004686999999999997,-0.003155999999999999
2007.9398,-0.007944000000000062,-0.0035740000000000216,-0.0036640000000000006
2007.9425,-0.011089000000000016,-0.004406000000000021,-0.0024380000000000027
2007.9452,-0.009134000000000086,-0.005133999999999972,0.0026619999999999977
2007.948,-0.007414000000000032,-0.006647999999999987,0.0004819999999999963
2007.9507,-0.007971000000000061,-0.005170000000000008,0.005851000000000002
2007.9535,-0.010058000000000011,-0.005247999999999975,0.004110999999999997
2007.9562,-0.009805000000000064,-0.009552999999999978,0.006420999999999996
2007.9589,-0.011369000000000073,-0.008415999999999979,0.004463000000000002
2007.9617,-0.00928400000000007,-0.008647999999999989,-0.002047
2007.9644,-0.01078100000000004,-0.005587000000000009,0.007672999999999999
2007.9671,-0.01165000000000005,-0.005531000000000008,0.007059000000000003
2007.9699,-0.007384000000000057,-0.003915999999999975,0.006504999999999997
2007.9726,-0.007728000000000068,-0.006902000000000019,0.002266999999999998
2007.9754,-0.009041000000000077,-0.0066669999999999785,-0.0012100000000000027
2007.9781,-0.011839000000000044,-0.0062610000000000166,-0.003724999999999999
2007.9808,-0.010361999999999982,-0.006404000000000021,-0.0006320000000000006
2007.9836,-0.012461000000000055,-0.004110999999999976,-0.010655999999999999
2007.9863,-0.009723000000000037,-0.006471999999999978,-0.0037529999999999994
2007.989,-0.01422699999999999,-0.005016999999999994,0.005326999999999998
2007.9918,-0.011996000000000007,-0.004354999999999998,0.0036209999999999992
2007.9945,-0.01088699999999998,-0.004993000000000025,0.003952999999999998
2007.9973,-0.009334000000000064,-0.005608999999999975,-0.0032189999999999996
2008.0,-0.00923099999999999,-0.004427000000000014,-0.004194999999999997
2008.0027,-0.009700000000000042,-0.006811999999999985,0.002925999999999998
2008.0055,-0.007817000000000074,-0.008973000000000009,0.0031809999999999963
2008.0082,-0.009531000000000067,-0.008960999999999997,0.004489
2008.011,-0.009514000000000022,-0.007805000000000006,0.006401999999999998
2008.0137,-0.011399000000000048,-0.005846000000000018,0.00044700000000000295
2008.0164,-0.009804000000000035,-0.00684499999999999,0.0006340000000000026
2008.0192,-0.010197000000000012,-0.006983000000000017,0.0033159999999999995
2008.0219,-0.011436000000000002,-0.006520000000000026,-0.005040000000000003
2008.0246,-0.010182000000000024,-0.005469999999999975,-0.003257000000000003
2008.0274,-0.010521000000000003,-0.006070999999999993,-0.004156
2008.0301,-0.010687000000000002,-0.005666999999999978,0.002225999999999999
2008.0329,-0.007464000000000026,-0.0048679999999999835,-0.004413
2008.0356,-0.01047700000000007,-0.006354000000000026,-0.0062439999999999996
2008.0383,-0.008856000000000086,-0.004269000000000023,-0.0046
2008.0411,-0.008745000000000003,-0.005170999999999981,-0.0063529999999999975
2008.0438,-0.009840999999999989,-0.005384999999999973,-0.00417
2008.0465,-0.008153999999999995,-0.003954999999999986,-0.0018180000000000002
2008.0493,-0.008920000000000039,-0.0042220000000000035,-0.0030000000000000027
2008.052,-0.008102000000000054,-0.0038779999999999926,-0.002248
2008.0548,-0.009673000000000043,-0.0022699999999999942,0.00021000000000000185
2008.0575,-0.008805000000000063,-0.0040200000000000236,-0.005209999999999999
2008.0602,-0.007890000000000064,-0.005506000000000011,-0.005325999999999997
2008.063,-0.010348000000000024,-0.0048619999999999775,0.003910999999999998
2008.0657,-0.009771000000000085,-0.004927000000000015,0.0038829999999999976
2008.0684,-0.008414000000000033,-0.005413999999999974,-0.0028550000000000034
2008.0712,-0.009045999999999998,-0.005205000000000015,-0.0007339999999999985
2008.0739,-0.009968000000000088,-0.007267999999999997,0.007972
2008.0767,-0.008844999999999992,-0.0041059999999999985,-0.004149
2008.0794,-0.008770000000000056,-0.0068949999999999845,-0.022935
2008.0821,-0.006977000000000011,-0.006384999999999974,-0.003152000000000002
2008.0849,-0.009643000000000068,-0.005894999999999984,0.0009860000000000008
2008.0876,-0.00784000000000007,-0.006186000000000025,-0.0035649999999999987
2008.0903,-0.00824999999999998,-0.005635999999999974,0.0022099999999999967
2008.0931,-0.007836000000000065,-0.006427999999999989,-0.0009470000000000034
2008.0958,-0.008070000000000022,-0.007460000000000022,0.0012059999999999987
2008.0986,-0.008672000000000013,-0.006533000000000011,-0.005630999999999997
2008.1013,-0.007318000000000047,-0.004911999999999972,-0.006141000000000001
2008.104,-0.008924000000000043,-0.005083999999999977,-0.0042210000000000025
2008.1068,-0.005265000000000075,-0.005149000000000015,-0.004236999999999998
2008.1095,-0.006750000000000034,-0.0061089999999999756,-0.001582
2008.1123,-0.008242000000000083,-0.005641000000000007,0.00028299999999999853
2008.115,-0.007728000000000068,-0.005257999999999985,-0.004355999999999999
2008.1177,-0.008552000000000004,-0.005149000000000015,-0.0028390000000000012
2008.1205,-0.009932000000000052,-0.006850000000000023,-0.0070279999999999995
2008.1232,-0.010369000000000073,-0.006713999999999998,-0.007094999999999997
2008.1259,-0.010118999999999989,-0.005745999999999973,-0.0010030000000000039
2008.1287,-0.008440000000000003,-0.004703000000000013,-0.003828999999999999
2008.1314,-0.010354000000000085,-0.007512999999999992,-0.00019800000000000373
2008.1342,-0.009963000000000055,-0.01023099999999999,0.0028619999999999965
2008.1369,-0.01105300000000009,-0.006975000000000009,-0.0024980000000000002
2008.1396,-0.010651000000000077,-0.007508999999999988,-0.001122999999999999
2008.1424,-0.010551000000000088,-0.010585000000000011,-0.004756000000000003
2008.1451,-0.010759999999999992,-0.005996000000000001,0.0007090000000000013
2008.1478,-0.009740000000000082,-0.007099000000000022,0.0038699999999999984
2008.1506,-0.010041000000000078,-0.00836199999999998,0.00010999999999999899
2008.1533,-0.010075000000000056,-0.008201999999999987,-0.012295
2008.1561,-0.009010000000000074,-0.007419999999999982,-0.0033369999999999997
2008.1588,-0.009634000000000031,-0.007294999999999996,-0.005596000000000004
2008.1615,-0.012078000000000033,-0.007626999999999995,0.0028590000000000004
2008.1643,-0.011522000000000032,-0.006738999999999995,-0.001689000000000003
2008.167,-0.010340000000000016,-0.0070209999999999995,-0.006502000000000001
2008.1697,-0.010255000000000014,-0.006608999999999976,-0.005354999999999999
2008.1725,-0.01077500000000009,-0.007187999999999972,-0.008636000000000001
2008.1752,-0.009518000000000026,-0.007081000000000004,-0.007216
2008.178,-0.010655000000000081,-0.007408999999999999,-0.011245000000000002
2008.1807,-0.010741,-0.008070999999999995,-0.0030080000000000037
2008.1834,-0.010406000000000026,-0.008826,-0.0011499999999999982
2008.1862,-0.01005900000000004,-0.007045999999999997,-0.008031000000000003
2008.1889,-0.011158000000000001,-0.009323000000000026,-0.0028709999999999986
2008.1916,-0.014116000000000017,-0.007315999999999989,-0.0038890000000000036
2008.1944,-0.011712000000000056,-0.0067969999999999975,-0.003923000000000003
2008.1971,-0.012884000000000007,-0.008533999999999986,0.0007769999999999999
2008.1999,-0.012917000000000067,-0.009334000000000009,0.0038539999999999963
2008.2026,-0.012450000000000072,-0.005844000000000016,0.0006639999999999979
2008.2053,-0.011651999999999996,-0.006425000000000014,-0.0030880000000000005
2008.2081,-0.008742000000000028,-0.007087999999999983,0.0022869999999999974
2008.2108,-0.012548000000000004,-0.0070069999999999855,-0.004687000000000004
2008.2136,-0.01155600000000001,-0.006967000000000001,-0.005405
2008.2163,-0.011207999999999996,-0.008130000000000026,-0.008328000000000002
2008.219,-0.010147000000000017,-0.008599000000000023,-0.020497
2008.2218,-0.012149000000000076,-0.005817000000000017,-0.013103
2008.2245,-0.011798000000000086,-0.006726999999999983,-0.006710000000000001
2008.2272,-0.011856000000000089,-0.008041999999999994,-0.006422999999999998
2008.23,-0.011180999999999996,-0.0067030000000000145,-0.0028349999999999972
2008.2327,-0.013097000000000025,-0.007523000000000002,-0.007821000000000002
2008.2355,-0.012558000000000069,-0.007186999999999999,-0.007040999999999999
2008.2382,-0.01294800000000007,-0.007294000000000023,-0.010372
2008.2409,-0.013619000000000048,-0.006162999999999974,-0.011844
2008.2437,-0.012692000000000037,-0.0064930000000000265,-0.007636000000000004
2008.2464,-0.013073000000000001,-0.006759999999999988,-0.002926999999999999
2008.2491,-0.01190100000000005,-0.007882999999999973,-0.004130000000000002
2008.2519,-0.012269000000000085,-0.0064770000000000105,-0.005329
2008.2546,-0.012844999999999995,-0.005828999999999973,-0.004534999999999997
2008.2574,-0.012480000000000047,-0.005774000000000001,-0.004812000000000004
2008.2601,-0.015191000000000066,-0.0069969999999999755,0.002043999999999997
2008.2628,-0.014243000000000006,-0.007265999999999995,-0.003931000000000004
2008.2656,-0.014785000000000048,-0.004429000000000016,-0.00010399999999999993
2008.2683,-0.01449900000000004,-0.0045700000000000185,-0.002586999999999999
2008.271,-0.01314000000000004,-0.003852000000000022,0.0015550000000000008
2008.2738,-0.013230999999999993,-0.004178000000000015,-0.003915000000000002
2008.2765,-0.01329900000000006,-0.004859000000000002,-0.005698000000000002
2008.2793,-0.013184000000000085,-0.006000000000000005,-0.0002720000000000014
2008.282,-0.013747999999999982,-0.005651000000000017,-0.005382999999999999
2008.2847,-0.01392900000000008,-0.006330000000000002,-0.002267999999999999
2008.2875,-0.01543300000000003,-0.007294000000000023,-0.0023919999999999983
2008.2902,-0.014063000000000048,-0.005815000000000015,-0.005630000000000003
2008.293,-0.013707000000000025,-0.00529099999999999,-0.008233999999999998
2008.2957,-0.01584300000000005,-0.0043279999999999985,-0.005288000000000001
2008.2984,-0.015234999999999999,-0.0031240000000000157,-0.006703000000000001
2008.3012,-0.013859000000000066,-0.0044399999999999995,-0.0018120000000000011
2008.3039,-0.014450000000000074,-0.0044119999999999715,-0.006497000000000003
2008.3066,-0.01484400000000008,-0.0027610000000000134,-0.0016569999999999988
2008.3094,-0.012739000000000056,-0.008962000000000026,0.001576000000000001
2008.3121,-0.013417000000000012,-0.004581000000000002,-0.00698
2008.3149,-0.012865000000000015,-0.004215000000000024,-0.013764000000000002
2008.3176,-0.013790999999999998,-0.005114999999999981,-0.010058000000000001
2008.3203,-0.014036000000000048,-0.005062000000000011,-0.009527
2008.3231,-0.013400000000000079,-0.004408999999999996,-0.0058
2008.3258,-0.01319300000000001,-0.004603999999999997,-0.004985999999999997
2008.3285,-0.015125000000000055,-0.0025000000000000022,-0.0021940000000000015
2008.3313,-0.014476000000000044,-0.00459900000000002,-0.0037739999999999996
2008.334,-0.013031000000000015,-0.005105000000000026,-0.0010809999999999986
2008.3368,-0.013457000000000052,-0.004512999999999989,-0.007981000000000002
2008.3395,-0.014624999999999999,-0.001554999999999973,-0.009238
2008.3422,-0.014705000000000079,-0.002695999999999976,-0.004969000000000001
2008.345,-0.015309000000000017,-0.0033019999999999716,-0.0032230000000000036
2008.3477,-0.015669000000000044,-0.002827000000000024,-0.002015000000000003
2008.3504,-0.01704400000000006,-0.002904999999999991,-0.006942000000000004
2008.3532,-0.017257999999999996,-0.0034270000000000134,-0.0034370000000000026
2008.3559,-0.015086000000000044,-0.00362800000000002,0.0018400000000000014
2008.3587,-0.016110999999999986,-0.0004649999999999932,-0.0034399999999999986
2008.3614,-0.016823000000000032,-0.0039779999999999816,-0.007654000000000001
2008.3641,-0.016889000000000043,-0.004529000000000005,-0.003046
2008.3669,-0.014978000000000047,-0.0030859999999999776,-0.006413000000000002
2008.3696,-0.01314000000000004,-0.001489000000000018,-0.014836000000000002
2008.3723,-0.01523400000000008,-0.00193500000000002,-0.006276000000000004
2008.3751,-0.017193000000000014,-0.00281300000000001,-0.0017850000000000019
2008.3778,-0.015938000000000008,-0.003632000000000024,-0.0043199999999999975
2008.3806,-0.01658000000000004,-0.0011939999999999729,-0.005353000000000004
2008.3833,-0.016511000000000053,1.2999999999985246e-05,-0.0064639999999999975
2008.386,-0.01622800000000002,-0.0018659999999999788,-0.006072000000000001
2008.3888,-0.016801000000000066,-0.0008259999999999934,-0.0012749999999999984
2008.3915,-0.015548000000000006,-0.002556999999999976,-0.002821999999999998
2008.3943,-0.016684000000000032,-0.0014129999999999976,0.006231
2008.397,-0.016442000000000068,-0.002145000000000008,0.0038619999999999974
2008.3997,-0.01804500000000009,-0.002923000000000009,0.003040000000000001
2008.4025,-0.01683100000000004,-0.0017260000000000053,1.6000000000002124e-05
2008.4052,-0.016336000000000017,-0.001921000000000006,-0.0001250000000000001
2008.4079,-0.01679200000000003,-0.002726000000000006,0.003258999999999998
2008.4107,-0.015971999999999986,-0.001332999999999973,-0.0020820000000000005
2008.4134,-0.016132000000000035,-0.0009700000000000264,-0.0027290000000000023
2008.4162,-0.015773000000000037,-0.0006379999999999719,-0.006636000000000003
2008.4189,-0.015700000000000047,-0.00022899999999997922,0.0003960000000000005
2008.4216,-0.016346000000000083,0.0011749999999999816,-0.0035210000000000033
2008.4244,-0.015723000000000042,8.999999999997899e-05,0.0029840000000000005
2008.4271,-0.015827000000000035,-0.0010189999999999921,-0.0038979999999999987
2008.4298,-0.01724900000000007,-0.0010700000000000154,-0.004019000000000002
2008.4326,-0.019040000000000057,-0.002583000000000002,-0.0007409999999999986
2008.4353,-0.015564000000000022,0.00022100000000002673,-0.0062380000000000005
2008.4381,-0.015477999999999992,-0.0020640000000000103,0.001903000000000002
2008.4408,-0.014222000000000068,-0.0002469999999999972,-0.0014339999999999978
2008.4435,-0.014635000000000065,0.0005640000000000089,-0.002376999999999997
2008.4463,-0.013369999999999993,0.0003890000000000282,-0.004789000000000002
2008.449,-0.014164000000000065,-0.0002610000000000112,-0.0013799999999999993
2008.4517,-0.014871000000000079,-0.00032199999999998896,0.0008249999999999993
2008.4545,-0.012924000000000047,0.00016100000000002224,-0.006414999999999997
2008.4572,-0.013875000000000082,0.0003929999999999767,-0.006775000000000003
2008.46,-0.012611000000000039,-0.00017000000000000348,-0.0033110000000000014
2008.4627,-0.013544,-0.002249000000000001,-0.003278000000000003
2008.4654,-0.013971999999999984,-0.0008770000000000167,-0.0029679999999999984
2008.4682,-0.014558000000000071,9.500000000001174e-05,-1.7000000000003124e-05
2008.4709,-0.014334000000000069,-7.40000000000185e-05,8.99999999999998e-05
2008.4736,-0.013871000000000078,-0.00040200000000001346,-0.0023870000000000002
2008.4764,-0.012958000000000025,0.0005009999999999737,-0.004941000000000001
2008.4791,-0.013116000000000017,-0.0013059999999999738,-0.003034000000000002
2008.4819,-0.01260300000000003,0.00029800000000002047,0.003909999999999997
2008.4846,-0.013960000000000083,0.0007309999999999817,0.0006359999999999977
2008.4873,-0.013754000000000044,0.0012789999999999746,-0.0031959999999999975
2008.4901,-0.013549000000000033,0.0013059999999999738,-0.0005799999999999972
2008.4928,-0.014230999999999994,0.0007409999999999917,-0.005170000000000001
2008.4956,-0.014904000000000028,0.00010199999999999099,0.0014440000000000008
2008.4983,-0.014623000000000053,0.00012699999999998823,-0.0008739999999999998
2008.501,-0.015031000000000017,0.0011169999999999791,-0.004616000000000002
2008.5038,-0.015564000000000022,-0.0020319999999999783,0.0017809999999999979
2008.5065,-0.015900000000000025,-0.00010799999999999699,0.0009740000000000026
2008.5092,-0.01612200000000008,0.0007820000000000049,0.004873000000000002
2008.512,-0.016430000000000056,-0.0013150000000000106,0.004616999999999996
2008.5147,-0.01601000000000008,-0.00030200000000002447,0.0018830000000000027
2008.5175,-0.014550000000000063,0.00011600000000000499,0.0014990000000000003
2008.5202,-0.012367000000000017,-0.0010029999999999761,0.002021000000000002
2008.5229,-0.014915000000000012,0.0008050000000000002,-0.00037000000000000227
2008.5257,-0.013715000000000033,-0.0011539999999999884,0.0005000000000000004
2008.5284,-0.014890999999999988,-0.0008110000000000062,-0.0019959999999999978
2008.5311,-0.016558000000000073,-0.0009719999999999729,-0.0037379999999999983
2008.5339,-0.01781100000000002,-0.00023000000000000798,0.002718999999999999
2008.5366,-0.015171000000000046,-0.0005319999999999769,0.002133000000000003
2008.5394,-0.016427999999999998,0.0013310000000000266,-0.00015300000000000036
2008.5421,-0.01630100000000001,-0.0006979999999999764,0.0026129999999999973
2008.5448,-0.016097000000000028,-0.0010430000000000161,0.009410000000000002
2008.5476,-0.01521500000000009,0.0004899999999999904,0.00913
2008.5503,-0.016967999999999983,0.0002710000000000212,0.007976999999999998
2008.553,-0.016875000000000084,0.0015229999999999966,-0.0005490000000000009
2008.5558,-0.01725399999999999,0.0012690000000000201,0.0041030000000000025
2008.5585,-0.015655000000000086,-0.0009770000000000056,-0.002364999999999999
2008.5613,-0.01626800000000006,0.0035270000000000024,-0.0018690000000000026
2008.564,-0.015840999999999994,0.0014199999999999768,-0.003502999999999999
2008.5667,-0.015689000000000064,0.001222999999999974,0.006516000000000001
2008.5695,-0.015521000000000007,-0.0018239999999999923,0.006518999999999997
2008.5722,-0.014727000000000046,0.0011479999999999824,0.002472999999999996
2008.5749,-0.01546000000000003,-0.002228999999999981,0.006825999999999999
2008.5777,-0.015713000000000088,-0.002249000000000001,0.006823999999999997
2008.5804,-0.015203999999999995,-0.0010819999999999719,-0.0007279999999999995
2008.5832,-0.01564500000000002,0.00046400000000001995,0.01108
2008.5859,-0.015434000000000059,-0.0012320000000000109,0.010147999999999997
2008.5886,-0.014683000000000002,-0.00022100000000002673,0.0014149999999999996
2008.5914,-0.014027000000000012,-0.001825000000000021,0.0026219999999999993
2008.5941,-0.014722000000000013,-0.0017220000000000013,0.0023919999999999983
2008.5969,-0.01557799999999998,-0.0024170000000000025,-0.0011089999999999989
2008.5996,-0.016919000000000017,-0.0021970000000000045,0.0019730000000000025
2008.6023,-0.015562000000000076,-0.00260100000000002,0.009291
2008.6051,-0.014369999999999994,-0.0015700000000000158,0.00929
2008.6078,-0.016448000000000018,-0.0011649999999999716,0.004612999999999999
2008.6105,-0.01575700000000002,-0.0008310000000000262,0.005551
2008.6133,-0.014345000000000052,-0.0028309999999999724,0.006423999999999999
2008.616,-0.014286000000000021,-0.0027650000000000174,0.005201999999999998
2008.6188,-0.014131000000000005,-0.002697000000000005,0.004723999999999999
2008.6215,-0.015324000000000004,-0.00279299999999999,0.00036900000000000127
2008.6242,-0.01650600000000002,-0.0009930000000000216,0.009627999999999998
2008.627,-0.015867999999999993,-0.0024100000000000232,0.009524999999999999
2008.6297,-0.015229000000000048,-0.0037760000000000016,0.004011000000000001
2008.6324,-0.015238000000000085,-0.002844000000000013,0.0037499999999999964
2008.6352,-0.016846000000000028,-0.0035319999999999796,0.007571000000000001
2008.6379,-0.015588000000000046,-0.0015120000000000133,0.0078099999999999975
2008.6407,-0.016297000000000006,-0.0028630000000000044,-5.100000000000243e-05
2008.6434,-0.01584300000000005,-0.0037510000000000043,0.003948
2008.6461,-0.015727000000000046,-0.0013420000000000099,0.004917999999999999
2008.6489,-0.015275000000000039,-0.0045439999999999925,0.013629999999999996
2008.6516,-0.01562600000000003,-0.004722999999999977,0.007126
2008.6543,-0.015353000000000061,-0.0029730000000000034,0.00784
2008.6571,-0.014328000000000007,-0.005334000000000005,0.011396999999999997
2008.6598,-0.01385600000000009,-0.0028770000000000184,0.003951999999999997
2008.6626,-0.014620000000000077,-0.005182999999999993,0.005840999999999999
2008.6653,-0.014898000000000078,-0.002271000000000023,0.0046630000000000005
2008.668,-0.013095999999999997,-0.004516999999999993,0.0010239999999999971
2008.6708,-0.013600000000000056,-0.004616999999999982,0.010452999999999997
2008.6735,-0.013724999999999987,-0.0027900000000000147,-0.0035439999999999985
2008.6762,-0.01281500000000002,-0.0035720000000000196,-0.0003259999999999999
2008.679,-0.012892000000000015,-0.0037579999999999836,0.0036240000000000022
2008.6817,-0.01310699999999998,-0.0024020000000000152,0.0035180000000000003
2008.6845,-0.013068999999999997,-0.002454999999999985,0.010534000000000002
2008.6872,-0.01379600000000003,-0.003622000000000014,0.005767000000000001
2008.6899,-0.013530000000000042,-0.003344999999999987,0.006612
2008.6927,-0.011796000000000029,-0.00397900000000001,0.0027560000000000015
2008.6954,-0.011687000000000003,-0.004300999999999999,0.0018709999999999977
2008.6982,-0.013921000000000072,-0.0034089999999999954,0.009619000000000003
2008.7009,-0.013682000000000083,-0.004141000000000006,0.00929
2008.7036,-0.01127200000000006,-0.0038839999999999986,0.007108999999999997
2008.7064,-0.011434000000000055,-0.0035459999999999936,0.005320999999999999
2008.7091,-0.012530000000000041,-0.0037719999999999976,0.006150999999999997
2008.7118,-0.01218000000000008,-0.004703999999999986,0.005726000000000002
2008.7146,-0.014156000000000057,-0.004747000000000001,0.008122999999999998
2008.7173,-0.01393500000000003,-0.005566999999999989,0.004084999999999998
2008.7201,-0.012340000000000018,-0.005087000000000008,0.0029860000000000025
2008.7228,-0.012759999999999994,-0.004830000000000001,0.005060999999999996
2008.7255,-0.013383000000000034,-0.003707000000000016,0.007387999999999999
2008.7283,-0.012187000000000059,-0.0042220000000000035,0.001683999999999998
2008.731,-0.013661000000000034,-0.005354000000000025,0.0007109999999999964
2008.7337,-0.012463000000000002,-0.005110000000000003,0.009229000000000001
2008.7365,-0.012533000000000016,-0.004373000000000016,0.005325999999999997
2008.7392,-0.013479000000000019,-0.005452000000000012,-0.00031899999999999984
2008.742,-0.010703000000000018,-0.004921000000000009,0.0015200000000000005
2008.7447,-0.011939000000000033,-0.0036720000000000086,0.0010509999999999964
2008.7474,-0.012761000000000022,-0.004543000000000019,0.007149999999999997
2008.7502,-0.013207999999999998,-0.005998000000000003,0.009487999999999996
2008.7529,-0.012515000000000054,-0.009371999999999991,0.003138000000000002
2008.7556,-0.013322000000000056,-0.008859000000000006,0.010743000000000003
2008.7584,-0.015792000000000028,-0.004813999999999985,0.002796
2008.7611,-0.014376000000000055,-0.0062470000000000026,0.0074750000000000025
2008.7639,-0.014372000000000051,-0.004991000000000023,0.004536999999999999
2008.7666,-0.014754000000000045,-0.005238999999999994,0.003578999999999999
2008.7693,-0.015081000000000011,-0.003811999999999982,-0.004140999999999999
2008.7721,-0.015600000000000058,-0.0042300000000000115,0.007627000000000002
2008.7748,-0.014079999999999981,-0.0023290000000000255,-0.0010539999999999994
2008.7775,-0.013128000000000029,-0.006506000000000012,0.006922999999999999
2008.7803,-0.013139000000000012,-0.008269000000000026,0.0037499999999999964
2008.783,-0.013960000000000083,-0.006659999999999999,0.0064680000000000015
2008.7858,-0.012298000000000031,-0.0070209999999999995,0.004129000000000001
2008.7885,-0.013731000000000049,-0.004504000000000008,0.000341000000000001
2008.7912,-0.012454999999999994,-0.0066010000000000235,0.004985999999999997
2008.794,-0.012361000000000066,-0.0068889999999999785,0.0012630000000000002
2008.7967,-0.014396999999999993,-0.0062249999999999805,0.004158999999999996
2008.7995,-0.013850000000000029,-0.005188000000000026,0.004799999999999999
2008.8022,-0.01404900000000009,-0.0064569999999999905,0.009354000000000001
2008.8049,-0.013639999999999985,-0.008628999999999998,0.0013270000000000018
2008.8077,-0.011982000000000048,-0.005141000000000007,0.0007419999999999996
2008.8104,-0.013801999999999981,-0.008261000000000018,0.003023999999999999
2008.8131,-0.014218000000000064,-0.007054000000000005,0.004955000000000001
2008.8159,-0.011678999999999995,-0.004846000000000017,-0.0012759999999999994
2008.8186,-0.012174000000000018,-0.0024399999999999977,0.00029799999999999965
2008.8214,-0.011739000000000055,-0.006093999999999988,0.00028500000000000053
2008.8241,-0.010902999999999996,-0.008062000000000014,0.00030000000000000165
2008.8268,-0.012813999999999992,-0.009104999999999974,-0.002369999999999997
2008.8296,-0.012605000000000088,-0.007124000000000019,0.0008480000000000015
2008.8323,-0.012068999999999996,-0.010465999999999975,0.006495000000000001
2008.835,-0.011375000000000024,-0.011087000000000014,0.002481999999999998
2008.8378,-0.012647000000000075,-0.010884999999999978,0.002583999999999996
2008.8405,-0.011440000000000006,-0.009487999999999996,0.008078000000000002
2008.8433,-0.012973000000000012,-0.007116000000000011,0.004073
2008.846,-0.013415000000000066,-0.006825999999999999,0.0013330000000000009
2008.8487,-0.011431999999999998,-0.006467999999999974,0.0002520000000000022
2008.8515,-0.010246000000000088,-0.0067090000000000205,0.008940999999999998
2008.8542,-0.013062000000000018,-0.009037000000000017,0.0011359999999999981
2008.8569,-0.014915000000000012,-0.009307999999999983,0.004867999999999997
2008.8597,-0.013176000000000077,-0.006890000000000007,0.008779999999999996
2008.8624,-0.011990000000000056,-0.008869000000000016,0.003613999999999999
2008.8652,-0.012651000000000079,-0.009075999999999973,-0.0018620000000000025
2008.8679,-0.013699000000000017,-0.008153999999999995,0.0010819999999999996
2008.8706,-0.010472000000000037,-0.0063770000000000215,-0.001348000000000002
2008.8734,-0.010431999999999997,-0.005718999999999974,-0.0028769999999999976
2008.8761,-0.01302100000000006,-0.007475000000000009,0.0023050000000000015
2008.8789,-0.012217000000000033,-0.008323000000000025,2.9000000000001247e-05
2008.8816,-0.01351100000000005,-0.0067789999999999795,-0.0023340000000000027
2008.8843,-0.011703000000000019,-0.008635999999999977,-0.0028639999999999985
2008.8871,-0.012234999999999996,-0.010230000000000017,-0.002704999999999999
2008.8898,-0.012018000000000084,-0.008477999999999986,-0.0006429999999999977
2008.8925,-0.012217000000000033,-0.008879000000000026,0.0016409999999999966
2008.8953,-0.011893000000000042,-0.0061049999999999716,-0.0018980000000000039
2008.898,-0.011616999999999988,-0.007969000000000004,-0.0020690000000000014
2008.9008,-0.011859000000000064,-0.008531999999999984,-0.005804999999999998
2008.9035,-0.012307000000000068,-0.005045999999999995,-0.0003640000000000032
2008.9062,-0.013203000000000076,-0.006747000000000003,0.0010550000000000004
2008.909,-0.015705999999999998,-0.007819999999999994,0.001565999999999998
2008.9117,-0.014786000000000077,-0.007830999999999977,-0.002921
2008.9144,-0.014301000000000008,-0.006958999999999993,-0.005194999999999998
2008.9172,-0.013418000000000041,-0.007178999999999991,0.00010199999999999793
2008.9199,-0.015840999999999994,-0.009552999999999978,0.008240999999999998
2008.9227,-0.013852000000000086,-0.006450000000000011,0.0022719999999999962
2008.9254,-0.012415999999999983,-0.005647999999999986,-0.006386000000000003
2008.9281,-0.014085000000000014,-0.007201999999999986,-0.00035600000000000215
2008.9309,-0.014122999999999997,-0.008489999999999998,-0.0008070000000000022
2008.9336,-0.015869000000000022,-0.007577,0.006282999999999997
2008.9363,-0.014793000000000056,-0.008713000000000026,0.0005309999999999968
2008.9391,-0.01424000000000003,-0.0062429999999999986,-0.006893000000000003
2008.9418,-0.014113000000000042,-0.005118000000000011,-0.009219999999999999
2008.9446,-0.014137000000000066,-0.007307999999999981,-0.0047789999999999985
2008.9473,-0.014904000000000028,-0.005307000000000006,-0.0012570000000000012
2008.95,-0.015234999999999999,-0.008048,0.0011960000000000026
2008.9528,-0.015469999999999984,-0.006172000000000011,-0.002600999999999999
2008.9555,-0.01586300000000007,-0.005898000000000014,0.0074709999999999985
2008.9582,-0.015543000000000085,-0.007240000000000024,-0.003283000000000001
2008.961,-0.015336000000000016,-0.006736999999999993,-0.0006149999999999975
2008.9637,-0.01718300000000006,-0.008824999999999972,0.0010879999999999987
2008.9665,-0.016364000000000045,-0.006170000000000009,-0.0044379999999999975
2008.9692,-0.015484000000000053,-0.005705999999999989,-0.010804000000000001
2008.9719,-0.016724000000000072,-0.005139000000000005,0.003494999999999998
2008.9747,-0.018159000000000036,-0.005437999999999998,-0.001119000000000002
2008.9774,-0.016105000000000036,-0.009635999999999978,0.007454999999999996
2008.9802,-0.015338999999999992,-0.010906000000000027,0.003939999999999999
2008.9829,-0.015973000000000015,-0.008666000000000007,-0.004240000000000001
2008.9856,-0.013952000000000075,-0.007863999999999982,-0.005955000000000002
2008.9884,-0.014705000000000079,-0.00917800000000002,0.006220999999999997
2008.9911,-0.014534000000000047,-0.007659000000000027,-0.002155999999999998
2008.9938,-0.014369000000000076,-0.008548999999999973,0.002140999999999997
2008.9966,-0.014454999999999996,-0.007296999999999998,-0.0031810000000000033
2008.9993,-0.014197000000000015,-0.007157999999999998,-0.006161
2009.0021,-0.01461200000000007,-0.008552000000000004,-0.004534000000000003
2009.0048,-0.013741000000000003,-0.009440999999999977,-0.004647999999999999
2009.0075,-0.01500200000000007,-0.009189000000000003,-0.008044000000000003
2009.0103,-0.014066000000000023,-0.009992999999999974,0.0014920000000000003
2009.013,-0.014869000000000021,-0.009056999999999982,-0.0020680000000000004
2009.0157,-0.017803000000000013,-0.008458999999999994,-0.007407999999999998
2009.0185,-0.018174000000000023,-0.009919000000000011,-0.0002950000000000036
2009.0212,-0.015986000000000056,-0.009662000000000004,-0.003585999999999999
2009.024,-0.013852000000000086,-0.007122000000000017,-0.012513
2009.0267,-0.01409500000000008,-0.006855,-0.015101
2009.0294,-0.013500999999999985,-0.006008999999999987,-0.009230000000000002
2009.0322,-0.013700000000000045,-0.0062690000000000246,-0.007686999999999999
2009.0349,-0.013427000000000078,-0.007406000000000024,-0.009638
2009.0376,-0.013593000000000077,-0.007485000000000019,-0.011349000000000001
2009.0404,-0.01281600000000005,-0.006612000000000007,-0.012706000000000002
2009.0431,-0.013739000000000057,-0.007738000000000023,-0.005852999999999997
2009.0459,-0.01117900000000005,-0.007713000000000025,-0.013771000000000002
2009.0486,-0.01341200000000009,-0.008933999999999997,-0.0074750000000000025
2009.0513,-0.012415000000000065,-0.0061309999999999976,-0.0037400000000000003
2009.0541,-0.012518000000000029,-0.008101000000000025,-0.007830999999999998
2009.0568,-0.013464000000000031,-0.008904999999999996,-0.0021050000000000027
2009.0595,-0.014095999999999997,-0.007464999999999999,-0.0033149999999999985
2009.0623,-0.012997000000000036,-0.0068030000000000035,-0.004758999999999999
2009.065,-0.012878000000000056,-0.007552999999999976,-0.005363
2009.0678,-0.012014999999999998,-0.008492,-0.009859
2009.0705,-0.012256000000000045,-0.00919399999999998,-0.003608
2009.0732,-0.011933000000000082,-0.00947199999999998,-0.010131000000000001
2009.076,-0.012822,-0.008294000000000024,-0.008494999999999999
2009.0787,-0.011780000000000013,-0.010151999999999994,-0.005187999999999998
2009.0815,-0.011813999999999991,-0.008631,-0.0052289999999999975
2009.0842,-0.014608999999999983,-0.008801999999999977,-0.002241
2009.0869,-0.012844000000000078,-0.009521000000000002,-0.004875999999999998
2009.0897,-0.011508999999999991,-0.00887300000000002,-0.007115000000000003
2009.0924,-0.012114999999999987,-0.007610000000000006,-0.011252000000000002
2009.0951,-0.012614000000000014,-0.010274999999999979,-0.007054999999999999
2009.0979,-0.014517000000000002,-0.008836999999999984,-0.005928000000000003
2009.1006,-0.015508000000000077,-0.009811000000000014,-0.004128
2009.1034,-0.013113000000000041,-0.009664000000000006,-0.003611999999999997
2009.1061,-0.017133999999999983,-0.010687000000000002,-7.499999999999868e-05
2009.1088,-0.01579700000000006,-0.009969999999999979,-0.0027259999999999993
2009.1116,-0.01631500000000008,-0.009904000000000024,-0.0012100000000000027
2009.1143,-0.01596900000000001,-0.008548999999999973,-0.007066000000000003
2009.117,-0.014183000000000057,-0.008114999999999983,-0.004458000000000004
2009.1198,-0.014762000000000053,-0.007801000000000002,-0.0012490000000000001
2009.1225,-0.014765000000000028,-0.008000000000000007,-0.0021629999999999983
2009.1253,-0.01680400000000004,-0.007464999999999999,0.0030009999999999967
2009.128,-0.01488299999999998,-0.007543999999999995,-0.00023000000000000104
2009.1307,-0.015782000000000074,-0.00959199999999999,0.0032150000000000026
2009.1335,-0.014460000000000028,-0.008672999999999986,0.0006690000000000029
2009.1362,-0.014672000000000018,-0.008423000000000014,-0.004247000000000001
2009.1389,-0.015328000000000008,-0.00845499999999999,-0.009239
2009.1417,-0.016101000000000032,-0.007657999999999998,-0.006456000000000003
2009.1444,-0.01328600000000002,-0.01194099999999998,-0.0009279999999999983
2009.1472,-0.01653300000000002,-0.010699999999999987,-0.013515
2009.1499,-0.014573000000000058,-0.008433000000000024,-0.007762999999999999
2009.1526,-0.015158000000000005,-0.00989699999999999,-0.0017059999999999992
2009.1554,-0.014145000000000074,-0.008211000000000024,-0.010117000000000001
2009.1581,-0.014060000000000072,-0.00828000000000001,-0.003042999999999997
2009.1608,-0.015079999999999982,-0.00838899999999998,-0.0028680000000000025
2009.1636,-0.013185000000000002,-0.0068010000000000015,-0.009557
2009.1663,-0.011442000000000063,-0.00995299999999999,-0.012613
2009.1691,-0.012399000000000049,-0.011745999999999979,-0.008140000000000001
2009.1718,-0.016654000000000058,-0.01050000000000001,0.001458000000000001
2009.1745,-0.016117000000000048,-0.009000999999999981,0.0006999999999999992
2009.1773,-0.014815000000000023,-0.01030399999999998,0.0001830000000000026
2009.18,-0.015587000000000018,-0.007684000000000024,-0.006547999999999998
2009.1828,-0.01634100000000005,-0.00697399999999998,-0.003695000000000004
2009.1855,-0.014687000000000006,-0.0069110000000000005,-0.009269
2009.1882,-0.01596300000000006,-0.007645999999999986,-0.006052000000000002
2009.191,-0.014813000000000076,-0.008029000000000008,-0.004676
2009.1937,-0.015408000000000088,-0.007925000000000015,-0.005915000000000004
2009.1964,-0.016535000000000077,-0.008907999999999971,-0.001228
2009.1992,-0.01730100000000001,-0.007564999999999988,-0.004921000000000002
2009.2019,-0.017357000000000067,-0.01013799999999998,0.0012780000000000014
2009.2047,-0.01754,-0.010604999999999976,-0.009835
2009.2074,-0.017836999999999992,-0.010425000000000018,-0.010905000000000001
2009.2101,-0.015741000000000005,-0.009222999999999981,-0.008731
2009.2129,-0.016444000000000014,-0.008462999999999998,-0.008437
2009.2156,-0.014861000000000013,-0.009187,-0.007515000000000001
2009.2183,-0.017592000000000052,-0.008942999999999979,-0.0075910000000000005
2009.2211,-0.01882600000000001,-0.008166000000000007,-0.002030999999999998
2009.2238,-0.018268000000000062,-0.006512999999999991,-0.003833000000000003
2009.2266,-0.01882600000000001,-0.008334000000000008,-0.010718000000000002
2009.2293,-0.01955499999999999,-0.009427999999999992,-0.007297999999999999
2009.232,-0.020160999999999984,-0.010313000000000017,-0.012081999999999999
2009.2348,-0.018001000000000045,-0.008840999999999988,-0.011191
2009.2375,-0.019411000000000067,-0.007919999999999983,-0.008553000000000002
2009.2402,-0.021558000000000077,-0.005340999999999985,-0.012185000000000001
2009.243,-0.020916000000000046,-0.007738999999999996,-0.005801000000000001
2009.2457,-0.021008000000000027,-0.008599999999999997,-0.005442000000000002
2009.2485,-0.02027699999999999,-0.007871000000000017,-0.007314000000000001
2009.2512,-0.02029100000000006,-0.006068000000000018,-0.008611
2009.2539,-0.019921999999999995,-0.00433699999999998,-0.0109
2009.2567,-0.018352000000000035,-0.008122000000000018,-0.009552000000000001
2009.2594,-0.02082800000000007,-0.006101000000000023,-0.009330000000000001
2009.2621,-0.01650600000000002,-0.006633,-0.011995000000000002
2009.2649,-0.019301000000000013,-0.007475000000000009,-0.007609999999999999
2009.2676,-0.01889800000000008,-0.008672000000000013,-0.004200000000000002
2009.2704,-0.020074000000000036,-0.009546999999999972,-0.0037729999999999986
2009.2731,-0.01858700000000002,-0.00756699999999999,-0.004840999999999998
2009.2758,-0.01910400000000001,-0.008807999999999983,-0.009034
2009.2786,-0.016754000000000047,-0.006956000000000018,-0.010960000000000001
2009.2813,-0.02215200000000006,-0.00780599999999998,-0.010525
2009.2841,-0.018777000000000044,-0.0064389999999999725,-0.015661
2009.2868,-0.01930200000000004,-0.008191000000000004,-0.0070269999999999985
2009.2895,-0.01796500000000001,-0.0070069999999999855,-0.009992000000000001
2009.2923,-0.018755999999999995,-0.006002999999999981,-0.014000000000000002
2009.295,-0.017612000000000072,-0.007205000000000017,-0.011583
2009.2977,-0.017954000000000025,-0.006172000000000011,-0.005129000000000002
2009.3005,-0.01918300000000006,-0.006433000000000022,-0.011636
2009.3032,-0.019480000000000053,-0.006184999999999996,-0.009044
2009.306,-0.01852100000000001,-0.005989000000000022,-0.012274
2009.3087,-0.020307000000000075,-0.007979000000000014,-0.003376999999999998
2009.3114,-0.019552000000000014,-0.0072610000000000174,-0.002595
2009.3142,-0.020481000000000082,-0.007799,-0.006386000000000003
2009.3169,-0.019295000000000062,-0.004958000000000018,-0.006935999999999998
2009.3196,-0.021027000000000018,-0.005552000000000001,-0.0062429999999999986
2009.3224,-0.020387000000000044,-0.004174999999999984,-0.008095999999999999
2009.3251,-0.019679000000000002,-0.005630999999999997,-0.0008640000000000037
2009.3279,-0.02197199999999999,-0.006417999999999979,-0.0015160000000000035
2009.3306,-0.020666000000000073,-0.004622000000000015,-0.005552000000000001
2009.3333,-0.020619000000000054,-0.010158,-0.003386
2009.3361,-0.018768000000000007,-0.006805999999999979,0.0001480000000000023
2009.3388,-0.019199000000000077,-0.008438999999999974,0.0008680000000000007
2009.3415,-0.019340000000000024,-0.00891599999999998,-0.013430000000000001
2009.3443,-0.018743999999999983,-0.006769999999999998,-0.005733000000000002
2009.347,-0.021313000000000026,-0.0045239999999999725,-0.018679
2009.3498,-0.018947000000000047,-0.006732000000000016,-0.007722
2009.3525,-0.017426000000000053,-0.007103999999999999,-0.003941
2009.3552,-0.019027000000000016,-0.005340999999999985,-0.012054000000000002
2009.358,-0.019738000000000033,-0.005462999999999996,0.0006559999999999969
2009.3607,-0.01987400000000006,-0.004244999999999999,-0.013821
2009.3634,-0.018100000000000005,-0.0036860000000000226,-0.005657000000000002
2009.3662,-0.018859999999999988,-0.007126000000000021,-0.005853999999999998
2009.3689,-0.017338000000000076,-0.004157999999999995,-0.004693000000000003
2009.3717,-0.01852700000000007,-0.005323999999999995,-0.009518000000000002
2009.3744,-0.019013000000000058,-0.0030100000000000127,-0.006956999999999998
2009.3771,-0.018537000000000026,-0.0031809999999999894,-0.018520000000000002
2009.3799,-0.01878500000000005,-0.002915999999999974,-0.001458000000000001
2009.3826,-0.019465000000000066,-0.00536399999999998,-0.009076
2009.3854,-0.01919000000000004,-0.0043520000000000225,-0.007525999999999998
2009.3881,-0.018960000000000088,-0.0028409999999999824,-0.009570000000000002
2009.3908,-0.018955000000000055,-0.0031939999999999746,-0.012806999999999999
2009.3936,-0.017768000000000006,-0.0026550000000000185,-0.005511000000000002
2009.3963,-0.018141000000000074,-0.0050120000000000164,-0.005628000000000001
2009.399,-0.018525000000000014,-0.0035580000000000056,-0.010528
2009.4018,-0.017185000000000006,-0.003392000000000006,-0.010733
2009.4045,-0.019006999999999996,-0.0029120000000000257,-0.005552000000000001
2009.4073,-0.019213000000000036,-0.003971000000000002,-0.006879000000000003
2009.41,-0.017946000000000017,-0.0032909999999999884,-0.006794000000000001
2009.4127,-0.018530000000000046,-0.0027650000000000174,-0.0025620000000000018
2009.4155,-0.01833499999999999,-0.0025490000000000235,-0.010474
2009.4182,-0.018145999999999995,-0.003583999999999976,-0.005774000000000001
2009.4209,-0.018924000000000052,-0.002842000000000011,-0.006827
2009.4237,-0.01991200000000004,-0.003491999999999995,-0.006657000000000003
2009.4264,-0.018233000000000055,-0.0031749999999999834,-0.007233000000000003
2009.4292,-0.018056000000000072,-0.0020740000000000203,-0.003805000000000003
2009.4319,-0.018106000000000066,-0.002927999999999986,-9.000000000002062e-06
2009.4346,-0.01885800000000004,-0.003707000000000016,-0.0007790000000000019
2009.4374,-0.017548000000000008,-0.002589000000000008,-0.000560999999999999
2009.4401,-0.02032900000000004,-0.0012900000000000134,-0.008648
2009.4428,-0.019732000000000083,-0.002581999999999973,-0.0005760000000000001
2009.4456,-0.018736000000000086,-0.003118999999999983,0.003035999999999997
2009.4483,-0.017432000000000003,-0.0005080000000000084,-0.0002370000000000011
2009.4511,-0.017344000000000026,-0.0021700000000000053,0.0011509999999999992
2009.4538,-0.018413000000000013,-0.0032159999999999966,-0.00031899999999999984
2009.4565,-0.01877899999999999,-0.003037000000000012,0.004347999999999998
2009.4593,-0.018921000000000077,-0.00259100000000001,-0.0023979999999999974
2009.462,-0.017917000000000072,-0.00148100000000001,0.0017010000000000011
2009.4648,-0.01804400000000006,0.0008719999999999839,-0.0038730000000000014
2009.4675,-0.019411999999999985,-0.0044239999999999835,-0.002138000000000001
2009.4702,-0.019498000000000015,-0.0013179999999999858,-0.008574000000000002
2009.473,-0.01940200000000003,-0.0004930000000000212,-0.0052229999999999985
2009.4757,-0.018390000000000017,-0.0010809999999999986,-0.001225999999999998
2009.4784,-0.020056000000000074,-0.002929999999999988,0.005979999999999999
2009.4812,-0.020716000000000068,-0.0027650000000000174,-0.003127999999999999
2009.4839,-0.019828000000000068,-0.002471000000000001,-0.002833000000000002
2009.4867,-0.018419999999999992,-0.002966000000000024,-0.0046599999999999975
2009.4894,-0.01887300000000003,-0.003352999999999995,0.003486999999999997
2009.4921,-0.020204,-0.0009250000000000091,-0.010982000000000002
2009.4949,-0.019011,-0.0016470000000000096,-0.0004880000000000023
2009.4976,-0.020809000000000077,-0.0030970000000000164,0.0007699999999999999
2009.5003,-0.01972099999999999,-0.0015530000000000266,-0.00017099999999999754
2009.5031,-0.019795000000000007,-0.0023279999999999967,-0.002800999999999998
2009.5058,-0.02041599999999999,-0.002460999999999991,-0.002154999999999997
2009.5086,-0.020421000000000022,-0.003894999999999982,-0.001459000000000002
2009.5113,-0.019392999999999994,-0.002900999999999987,-0.0021689999999999973
2009.514,-0.020722000000000018,-0.0020319999999999783,-0.001117
2009.5168,-0.020009000000000055,-0.0022840000000000082,0.0029819999999999985
2009.5195,-0.019809000000000077,-0.0014100000000000223,-0.0019979999999999998
2009.5222,-0.018486000000000002,-0.0008239999999999914,-0.0012860000000000024
2009.525,-0.019480000000000053,-0.0031919999999999726,-0.0004890000000000033
2009.5277,-0.021909000000000067,-0.005307000000000006,-0.0011019999999999988
2009.5305,-0.02105800000000002,-0.0024029999999999885,-0.005933000000000001
2009.5332,-0.01955499999999999,-0.0029040000000000177,-0.008374
2009.5359,-0.020365999999999995,-0.0024230000000000085,-0.0009639999999999996
2009.5387,-0.020635999999999988,-0.003483000000000014,-0.008916
2009.5414,-0.020558999999999994,-0.0044500000000000095,-0.004949000000000002
2009.5441,-0.021777000000000046,-0.0043480000000000185,-0.0007740000000000039
2009.5469,-0.019367000000000023,-0.002958000000000016,-0.0031250000000000028
2009.5496,-0.018974000000000046,-0.0048900000000000055,-0.011016000000000001
2009.5524,-0.019453000000000054,-0.0025350000000000095,-0.0032280000000000017
2009.5551,-0.019739000000000062,-0.004298000000000024,-0.0015029999999999974
2009.5578,-0.020539000000000085,-0.0031320000000000237,0.004612999999999999
2009.5606,-0.01910299999999998,-0.004022999999999999,0.0010879999999999987
2009.5633,-0.020207000000000086,-0.0022579999999999822,-0.002489999999999999
2009.5661,-0.018260000000000054,-0.0018750000000000155,-0.002680000000000002
2009.5688,-0.019805000000000073,-0.0046780000000000155,-0.005077999999999999
2009.5715,-0.020647000000000082,-0.0020930000000000115,-0.003244000000000004
2009.5743,-0.022044000000000064,-0.005836999999999981,-0.002694000000000002
2009.577,-0.021213000000000037,-0.005485999999999991,0.002035999999999996
2009.5797,-0.020778000000000074,-0.004473999999999978,-0.0026510000000000006
2009.5825,-0.019997000000000043,-0.004274999999999973,0.0002030000000000018
2009.5852,-0.019472000000000045,-0.005014999999999992,-0.005079
2009.588,-0.019897000000000054,-0.004321000000000019,0.005327999999999999
2009.5907,-0.018942000000000014,-0.0042380000000000195,2.6999999999999247e-05
2009.5934,-0.02198100000000003,-0.00522800000000001,-0.004026000000000002
2009.5962,-0.02061600000000008,-0.006433000000000022,-0.0007100000000000023
2009.5989,-0.020038,-0.006191000000000002,-0.0022119999999999987
2009.6016,-0.019697000000000076,-0.005120000000000013,-0.003911999999999999
2009.6044,-0.01997800000000005,-0.004344999999999988,-0.004312000000000003
2009.6071,-0.020206000000000057,-0.00542999999999999,-0.00010000000000000286
2009.6099,-0.01832900000000004,-0.004857,-0.007063
2009.6126,-0.01830900000000002,-0.005749000000000004,-0.002014000000000002
2009.6153,-0.019473000000000074,-0.0047519999999999785,-0.0024129999999999985
2009.6181,-0.018920000000000048,-0.003599999999999992,-0.003571999999999999
2009.6208,-0.018288000000000082,-0.0047840000000000105,-0.0006569999999999979
2009.6235,-0.018684000000000034,-0.006734000000000018,-0.0036320000000000033
2009.6263,-0.01886600000000005,-0.007064000000000015,-0.005861999999999999
2009.629,-0.01814300000000002,-0.006305999999999978,-0.004741000000000002
2009.6318,-0.019367000000000023,-0.005010999999999988,0.002938999999999997
2009.6345,-0.020646000000000053,-0.005991000000000024,0.001015999999999996
2009.6372,-0.020284999999999997,-0.004282000000000008,0.0009370000000000003
2009.64,-0.019804000000000044,-0.007039999999999991,0.006189
2009.6427,-0.020909999999999984,-0.004715000000000025,-0.006790999999999998
2009.6454,-0.02113799999999999,-0.0068989999999999885,-0.0025179999999999994
2009.6482,-0.019513000000000003,-0.007859000000000005,0.006768999999999997
2009.6509,-0.02076800000000001,-0.006242000000000025,-0.004333999999999998
2009.6537,-0.020607000000000042,-0.007510000000000017,-0.0017420000000000005
2009.6564,-0.020427000000000084,-0.007828000000000002,-0.005045000000000001
2009.6591,-0.020824000000000065,-0.007554000000000005,0.0011590000000000003
2009.6619,-0.02119900000000008,-0.008630000000000027,0.004698000000000001
2009.6646,-0.022658000000000067,-0.007774000000000003,0.009995999999999998
2009.6674,-0.023136000000000045,-0.008305000000000007,0.008115999999999998
2009.6701,-0.023548000000000013,-0.008989999999999998,0.010445000000000003
2009.6728,-0.023287000000000058,-0.010672999999999988,0.0061309999999999976
2009.6756,-0.021675,-0.009730000000000016,0.010575000000000001
2009.6783,-0.02344400000000002,-0.008965,-0.0013690000000000022
2009.681,-0.025209000000000037,-0.008585999999999983,0.007220999999999998
2009.6838,-0.022797000000000067,-0.008122000000000018,0.0023279999999999967
2009.6865,-0.023739999999999983,-0.00877699999999998,0.006476000000000003
2009.6893,-0.023863999999999996,-0.010523999999999978,0.010688999999999997
2009.692,-0.020491000000000037,-0.008882999999999974,0.010818000000000001
2009.6947,-0.02203900000000003,-0.007425999999999988,0.005528999999999999
2009.6975,-0.02343700000000004,-0.009019999999999972,0.016315999999999997
2009.7002,-0.024836999999999998,-0.010133000000000003,0.016314000000000002
2009.7029,-0.024734000000000034,-0.011044999999999972,0.008326
2009.7057,-0.02334400000000003,-0.010045000000000026,0.008778000000000001
2009.7084,-0.02335799999999999,-0.009537000000000018,0.004202999999999998
2009.7112,-0.02322000000000002,-0.010718000000000005,0.004297000000000002
2009.7139,-0.025232000000000032,-0.009892000000000012,0.004237999999999999
2009.7166,-0.024114999999999998,-0.009224999999999983,0.005623999999999997
2009.7194,-0.022878999999999983,-0.012091000000000018,0.013457999999999998
2009.7221,-0.02282200000000001,-0.007330000000000003,-0.0035120000000000012
2009.7248,-0.022873000000000032,-0.008794000000000024,0.006211000000000001
2009.7276,-0.02186100000000002,-0.010128000000000026,-0.0008669999999999997
2009.7303,-0.026481000000000088,-0.009730000000000016,0.014614000000000002
2009.7331,-0.023446999999999996,-0.010647000000000018,0.005288000000000001
2009.7358,-0.023666999999999994,-0.010396000000000016,0.016631
2009.7385,-0.024248000000000047,-0.013465999999999978,0.008231999999999996
2009.7413,-0.025371000000000032,-0.010072000000000025,0.0055619999999999975
2009.744,-0.02406000000000008,-0.010963999999999974,0.0036809999999999968
2009.7467,-0.02129000000000003,-0.010666000000000009,0.009050999999999997
2009.7495,-0.023284000000000082,-0.011019999999999974,0.006967000000000001
2009.7522,-0.02260400000000007,-0.009077999999999975,0.00707
2009.755,-0.02498300000000009,-0.007076000000000027,0.013519999999999997
2009.7577,-0.022797000000000067,-0.010463999999999973,0.0061259999999999995
2009.7604,-0.024380999999999986,-0.008518999999999999,0.0061319999999999986
2009.7632,-0.02575100000000008,-0.010267000000000026,0.006842000000000001
2009.7659,-0.02567700000000006,-0.010936000000000001,0.016342999999999996
2009.7687,-0.02439100000000005,-0.00905800000000001,0.0037659999999999985
2009.7714,-0.021859000000000073,-0.010052000000000005,0.002571999999999998
2009.7741,-0.02294700000000005,-0.008531999999999984,0.004360999999999997
2009.7769,-0.02296799999999999,-0.010346999999999995,0.012832999999999997
2009.7796,-0.024275000000000047,-0.010560000000000014,0.018857
2009.7823,-0.024672000000000027,-0.012392000000000014,0.002370999999999998
2009.7851,-0.025938000000000017,-0.01458799999999999,0.006269999999999998
2009.7878,-0.02261600000000008,-0.01164900000000002,0.008613000000000003
2009.7906,-0.020804000000000045,-0.01300800000000002,0.001804
2009.7933,-0.020538000000000056,-0.014986999999999973,0.004853999999999997
2009.796,-0.02178100000000005,-0.012766999999999973,0.007823999999999998
2009.7988,-0.020844000000000085,-0.01184099999999999,0.0015109999999999985
2009.8015,-0.022149000000000085,-0.010473999999999983,0.0023989999999999984
2009.8042,-0.022539000000000087,-0.011987999999999999,-0.00015899999999999942
2009.807,-0.020724999999999993,-0.012324999999999975,0.005636000000000002
2009.8097,-0.022481000000000084,-0.01094299999999998,0.011785999999999998
2009.8125,-0.02129800000000004,-0.01158999999999999,0.003473999999999998
2009.8152,-0.022334000000000076,-0.012826999999999977,0.009846
2009.8179,-0.023163000000000045,-0.011859000000000008,0.011358
2009.8207,-0.02331900000000009,-0.008562000000000014,0.006169000000000001
2009.8234,-0.021006999999999998,-0.012444999999999984,0.008877000000000003
2009.8261,-0.020159000000000038,-0.012156999999999973,0.014560999999999998
2009.8289,-0.020229000000000052,-0.011396000000000017,0.006862
2009.8316,-0.023680000000000034,-0.010682999999999998,0.0056840000000000016
2009.8344,-0.01905100000000004,-0.01308100000000001,0.005019999999999997
2009.8371,-0.019540000000000002,-0.011218000000000006,0.0027659999999999976
2009.8398,-0.020010000000000083,-0.010502000000000011,0.0037970000000000018
2009.8426,-0.019843000000000055,-0.013965999999999978,0.0067959999999999965
2009.8453,-0.02007800000000004,-0.01780100000000001,0.006648000000000001
2009.848,-0.023639000000000077,-0.019782000000000022,0.023446
2009.8508,-0.022177000000000002,-0.013207000000000024,0.011741000000000001
2009.8535,-0.02066100000000004,-0.013774999999999982,0.012006999999999997
2009.8563,-0.020199000000000078,-0.015465000000000007,0.012817999999999996
2009.859,-0.02355700000000005,-0.013558999999999988,0.009952000000000003
2009.8617,-0.02194700000000005,-0.013587999999999989,0.012825999999999997
2009.8645,-0.023585999999999996,-0.010450999999999988,0.004368999999999998
2009.8672,-0.022241000000000066,-0.011776000000000009,0.0073679999999999995
2009.87,-0.022149000000000085,-0.014071,0.010998
2009.8727,-0.02397500000000008,-0.013392999999999988,9.699999999999986e-05
2009.8754,-0.020202000000000053,-0.015091999999999994,0.006038000000000002
2009.8782,-0.021506000000000025,-0.013558000000000014,0.007346999999999999
2009.8809,-0.022680000000000033,-0.012741000000000002,0.006183000000000001
2009.8836,-0.022487000000000035,-0.01602199999999998,0.009591999999999996
2009.8864,-0.022387000000000046,-0.012060999999999988,0.002449
2009.8891,-0.023012000000000032,-0.012371000000000021,0.004859000000000002
2009.8919,-0.023844000000000087,-0.011633999999999978,0.006274000000000002
2009.8946,-0.023554000000000075,-0.011519000000000001,0.0012720000000000023
2009.8973,-0.023386000000000018,-0.011280999999999985,0.0027669999999999986
2009.9001,-0.022712999999999983,-0.011635000000000006,-0.005412
2009.9028,-0.022488000000000063,-0.011846000000000023,0.0030649999999999983
2009.9055,-0.02226400000000006,-0.014681999999999973,0.01038
2009.9083,-0.02292700000000003,-0.012043000000000026,-0.0025309999999999985
2009.911,-0.022548000000000012,-0.011232999999999993,-0.0006620000000000029
2009.9138,-0.022380000000000067,-0.01248100000000002,-0.0015510000000000038
2009.9165,-0.024944999999999995,-0.011751000000000011,-0.00028500000000000053
2009.9192,-0.02325900000000003,-0.00877699999999998,0.003934
2009.922,-0.023791000000000007,-0.012444999999999984,-0.0018560000000000035
2009.9247,-0.023397,-0.011651000000000022,-0.0006490000000000037
2009.9274,-0.024380999999999986,-0.010674000000000017,0.005802000000000002
2009.9302,-0.024394000000000027,-0.008892999999999984,-0.004517
2009.9329,-0.02703,-0.009572999999999998,0.0028520000000000004
2009.9357,-0.023274000000000017,-0.008492,0.013419
2009.9384,-0.022191000000000072,-0.010278999999999983,0.013158999999999997
2009.9411,-0.026696000000000053,-0.010797000000000001,0.008092999999999996
2009.9439,-0.02490199999999998,-0.011095000000000022,0.0051169999999999966
2009.9466,-0.02348400000000006,-0.010139000000000009,0.0010970000000000008
2009.9493,-0.024688000000000043,-0.010444000000000009,0.008258000000000001
2009.9521,-0.022087999999999997,-0.011075000000000002,0.0072549999999999976
2009.9548,-0.021680000000000033,-0.014400999999999997,0.002571999999999998
2009.9603,-0.023758000000000057,-0.012322,0.005498000000000003
2009.963,-0.022247000000000017,-0.01142399999999999,0.0015290000000000026
2009.9658,-0.02339900000000006,-0.013216000000000006,-0.001468999999999998
2009.9685,-0.024356000000000044,-0.016583000000000014,-0.0006140000000000034
2009.9713,-0.02443800000000007,-0.017317000000000027,0.010188000000000003
2009.974,-0.024019000000000013,-0.012463999999999975,0.002450000000000001
2009.9767,-0.021814,-0.012297999999999976,0.004110999999999997
2009.9795,-0.02329800000000004,-0.011465000000000003,-0.0023130000000000026
2009.9822,-0.023913000000000073,-0.010340999999999989,-0.0027519999999999975
2009.9849,-0.022473000000000076,-0.011241999999999974,0.004517
2009.9877,-0.023577999999999988,-0.012162000000000006,0.003983
2009.9904,-0.02187300000000003,-0.01296799999999998,0.0014090000000000005
2009.9932,-0.023940000000000072,-0.014523999999999981,0.0043259999999999965
2009.9959,-0.021985000000000032,-0.013041999999999998,0.008323999999999998
2009.9986,-0.022473999999999994,-0.014340999999999993,0.006747999999999997
2010.0014,-0.020384999999999986,-0.01766699999999999,0.0019430000000000003
2010.0041,-0.020514000000000032,-0.012178000000000022,-0.003014000000000003
2010.0068,-0.021719000000000044,-0.012222999999999984,0.0009450000000000014
2010.0096,-0.020716999999999985,-0.01322899999999999,0.004832999999999997
2010.0123,-0.021228000000000025,-0.012734999999999996,-0.0013200000000000017
2010.0151,-0.022577999999999987,-0.011054000000000008,-0.005842
2010.0178,-0.021288000000000085,-0.012052000000000007,0.00016399999999999748
2010.0205,-0.02131700000000003,-0.014106000000000007,-0.0004060000000000036
2010.0233,-0.02236400000000005,-0.014309000000000016,0.0027329999999999993
2010.026,-0.021702,-0.012197000000000013,-0.003034000000000002
2010.0287,-0.021674000000000082,-0.01693800000000001,0.0005970000000000003
2010.0315,-0.02392700000000003,-0.01479999999999998,-0.0012599999999999972
2010.0342,-0.022048000000000068,-0.018425000000000025,-0.007873999999999999
2010.037,-0.02374300000000007,-0.014956999999999998,-0.004305999999999997
2010.0397,-0.023297000000000012,-0.017463000000000006,-0.0017109999999999972
2010.0424,-0.022542000000000062,-0.014390000000000014,0.0020869999999999986
2010.0452,-0.024671,-0.015347,-0.0011439999999999992
2010.0479,-0.022770999999999986,-0.016984,0.004638999999999997
2010.0507,-0.023409000000000013,-0.015220000000000011,0.012298999999999997
2010.0534,-0.023244000000000042,-0.015963999999999978,0.008890000000000002
2010.0561,-0.021943000000000046,-0.015940999999999983,0.002459999999999997
2010.0589,-0.02601000000000009,-0.014056000000000013,0.002034000000000001
2010.0616,-0.02439100000000005,-0.01289800000000002,-0.005832999999999998
2010.0643,-0.02278800000000003,-0.014023999999999981,0.000564000000000002
2010.0671,-0.023317000000000032,-0.01477400000000001,-0.0012080000000000007
2010.0698,-0.022805000000000075,-0.012139000000000011,-0.002582000000000001
2010.0726,-0.022442000000000073,-0.014098,-0.005474
2010.0753,-0.023129000000000066,-0.014612000000000014,0.0005029999999999965
2010.078,-0.02404700000000004,-0.013197000000000014,-0.007119
2010.0808,-0.024297000000000013,-0.013685000000000003,-0.004487999999999999
2010.0835,-0.02502700000000002,-0.012683,-0.009291
2010.0862,-0.025631999999999988,-0.014334999999999987,-0.0007180000000000034
2010.089,-0.02487600000000001,-0.012544999999999973,-0.0002339999999999981
2010.0917,-0.02551200000000009,-0.015498000000000012,-0.0029959999999999987
2010.0945,-0.025275000000000047,-0.014444000000000012,0.006795000000000002
2010.0972,-0.02327100000000004,-0.017998000000000014,0.0009359999999999993
2010.0999,-0.025394000000000028,-0.014805000000000013,-5.4999999999999494e-05
2010.1027,-0.022958000000000034,-0.014226000000000016,0.00010799999999999699
2010.1054,-0.024383000000000044,-0.013369999999999993,-0.0049970000000000014
2010.1081,-0.02342500000000003,-0.012006000000000017,-0.00038900000000000046
2010.1109,-0.023957000000000006,-0.014687999999999979,0.004923999999999998
2010.1136,-0.022979000000000083,-0.017732000000000026,0.003833999999999997
2010.1164,-0.022772000000000014,-0.015795999999999977,-0.006555999999999999
2010.1191,-0.021746000000000043,-0.014676999999999996,0.0046619999999999995
2010.1218,-0.020955000000000057,-0.013386000000000009,-0.001580999999999999
2010.1246,-0.021458000000000088,-0.01342199999999999,-0.0023099999999999996
2010.1273,-0.021962000000000037,-0.014651999999999998,0.004050999999999999
2010.13,-0.02271600000000007,-0.01381300000000002,-0.0005539999999999989
2010.1328,-0.021234000000000086,-0.009759000000000018,-0.007983999999999998
2010.1355,-0.021787,-0.011056999999999984,-0.0015020000000000033
2010.1383,-0.024588000000000054,-0.014959,-0.0020630000000000023
2010.141,-0.027086000000000054,-0.013066000000000022,0.005474
2010.1437,-0.024469999999999992,-0.013956000000000024,0.0036179999999999962
2010.1465,-0.024244000000000043,-0.013685000000000003,0.001693
2010.1492,-0.02521300000000004,-0.013695000000000013,0.0029790000000000025
2010.152,-0.023727000000000054,-0.014977000000000018,0.0024010000000000004
2010.1547,-0.02587100000000009,-0.01851999999999998,0.0020639999999999964
2010.1574,-0.024019000000000013,-0.01517400000000002,-0.0004310000000000008
2010.1602,-0.02631300000000003,-0.013932999999999973,0.0023969999999999964
2010.1629,-0.025370000000000004,-0.015658000000000005,0.0005840000000000012
2010.1656,-0.02487499999999998,-0.016869000000000023,0.0006629999999999969
2010.1684,-0.027028000000000052,-0.015550000000000008,0.0026539999999999966
2010.1711,-0.025348000000000037,-0.01846399999999998,0.0004159999999999997
2010.1739,-0.025892000000000026,-0.014139999999999986,0.0025050000000000003
2010.1766,-0.025595000000000034,-0.012483000000000022,-0.003368000000000003
2010.1793,-0.027237999999999984,-0.013349,-0.004198
2010.1821,-0.026438000000000073,-0.012923000000000018,0.003383999999999998
2010.1848,-0.02710100000000004,-0.014830999999999983,0.004876999999999999
2010.1875,-0.027240000000000042,-0.013988999999999974,-0.0029800000000000035
2010.1903,-0.026851999999999987,-0.016137999999999986,0.0027550000000000005
2010.193,-0.028728000000000087,-0.017073000000000005,0.0017160000000000022
2010.1958,-0.027567000000000008,-0.014394000000000018,0.0021079999999999988
2010.1985,-0.02649900000000005,-0.014542,-0.0007780000000000009
2010.2012,-0.026994000000000073,-0.014454000000000022,-0.008451
2010.204,-0.02795100000000006,-0.016770000000000007,-0.014414
2010.2067,-0.028920000000000057,-0.013407000000000002,-0.004534999999999997
2010.2094,-0.02605400000000002,-0.012597999999999998,-0.00723
2010.2122,-0.026708999999999983,-0.01149,-0.009609
2010.2149,-0.025766999999999984,-0.014871999999999996,-0.005080000000000001
2010.2177,-0.03051999999999999,-0.016944999999999988,-0.0027259999999999993
2010.2204,-0.026241999999999988,-0.01423000000000002,0.002028999999999996
2010.2231,-0.02661200000000008,-0.014562999999999993,-0.003819000000000003
2010.2259,-0.027868000000000004,-0.014039000000000024,-0.014598
2010.2286,-0.029581999999999997,-0.01597700000000002,0.0016209999999999974
2010.2313,-0.02869200000000005,-0.014986999999999973,-0.0044459999999999986
2010.2341,-0.02800900000000006,-0.012687000000000004,-0.0036349999999999993
2010.2368,-0.027198000000000055,-0.018552999999999986,0.0028699999999999976
2010.2396,-0.029643000000000086,-0.01680799999999999,0.003136
2010.2423,-0.030142000000000002,-0.014610999999999985,0.005180999999999998
2010.245,-0.028127000000000013,-0.01307999999999998,0.0020929999999999976
2010.2478,-0.02952700000000008,-0.012604999999999977,-0.0053380000000000025
2010.2505,-0.029057,-0.016629999999999978,-0.0020719999999999975
2010.2533,-0.029456000000000038,-0.014064000000000021,0.004914000000000002
2010.256,-0.027422000000000057,-0.01582,-0.003241000000000001
2010.2587,-0.030125999999999986,-0.014890000000000014,-0.001347000000000001
2010.2615,-0.028868000000000005,-0.012081000000000008,-0.0019920000000000007
2010.2642,-0.02776500000000004,-0.014070000000000027,-0.002335999999999998
2010.2669,-0.029501,-0.012292999999999998,-0.0006670000000000009
2010.2697,-0.027048000000000072,-0.013434000000000001,-0.004144000000000002
2010.2724,-0.028266000000000013,-0.010072000000000025,0.00034999999999999615
2010.2752,-0.02697700000000003,-0.01171899999999998,-0.0029739999999999975
2010.2779,-0.028583000000000025,-0.013014000000000026,-0.001447999999999998
2010.2806,-0.027876000000000012,-0.012981999999999994,0.002356999999999998
2010.2834,-0.029137999999999997,-0.012041999999999997,-0.002813000000000003
2010.2861,-0.030119000000000007,-0.013261000000000023,-0.005603000000000004
2010.2888,-0.03049400000000002,-0.012429000000000023,-0.013465999999999999
2010.2916,-0.030874999999999986,-0.01344099999999998,-0.0014050000000000035
2010.2943,-0.030120000000000036,-0.013402999999999998,-0.0022939999999999974
2010.2971,-0.03263700000000003,-0.013656000000000001,-0.006845999999999998
2010.2998,-0.031148000000000065,-0.013834999999999986,-0.0007049999999999973
2010.3025,-0.029224000000000028,-0.01149,0.0020700000000000024
2010.3053,-0.031093000000000037,-0.011421000000000014,0.0016170000000000004
2010.308,-0.030498000000000025,-0.013778999999999986,0.0030929999999999985
2010.3107,-0.03257100000000002,-0.012753000000000014,0.0064600000000000005
2010.3135,-0.029032000000000058,-0.011234999999999995,-0.004644000000000002
2010.3162,-0.029349999999999987,-0.013357000000000008,-0.005313999999999999
2010.319,-0.029196,-0.01473000000000002,0.003930999999999997
2010.3217,-0.028781000000000057,-0.01263599999999998,0.003500999999999997
2010.3244,-0.02912999999999999,-0.01191399999999998,0.0039049999999999987
2010.3272,-0.03020299999999998,-0.01255400000000001,0.005139999999999999
2010.3299,-0.029345999999999983,-0.012375000000000025,0.006321
2010.3326,-0.031179000000000068,-0.010911999999999977,-0.001232000000000004
2010.3354,-0.029279000000000055,-0.012191000000000007,-0.0006470000000000017
2010.3381,-0.028868000000000005,-0.010865000000000014,-0.0031230000000000008
2010.3409,-0.028590000000000004,-0.009979000000000016,0.001798000000000001
2010.3436,-0.02834800000000004,-0.00970399999999999,0.0038580000000000003
2010.3463,-0.026984000000000008,-0.010060000000000013,-0.002342000000000004
2010.3491,-0.028051000000000048,-0.011485999999999996,-0.0029920000000000016
2010.3518,-0.027237999999999984,-0.010050999999999977,-0.0018359999999999974
2010.3546,-0.027614000000000027,-0.009774000000000005,-0.0002889999999999976
2010.3573,-0.029038000000000008,-0.01085999999999998,-0.002822999999999999
2010.36,-0.029499000000000053,-0.011056999999999984,0.003494999999999998
2010.3628,-0.030200000000000005,-0.011587999999999987,0.005095999999999996
2010.3655,-0.026901000000000064,-0.0070470000000000255,-0.0005570000000000019
2010.3682,-0.028007000000000004,-0.010245999999999977,-0.0005520000000000039
2010.371,-0.02819500000000008,-0.009265999999999996,-0.004416000000000003
2010.3737,-0.02948700000000004,-0.009344000000000019,0.0039910000000000015
2010.3765,-0.02893000000000001,-0.012784000000000018,0.0033240000000000006
2010.3792,-0.026508000000000087,-0.013558999999999988,0.005844000000000002
2010.3819,-0.028008000000000033,-0.01480300000000001,-0.004735000000000003
2010.3847,-0.027160000000000073,-0.012531000000000014,-0.0010030000000000039
2010.3874,-0.028916000000000053,-0.009950999999999988,-0.004465999999999998
2010.3901,-0.027680000000000038,-0.010425000000000018,-0.0033439999999999998
2010.3929,-0.028366000000000002,-0.009425000000000017,0.0013079999999999967
2010.3956,-0.02793699999999999,-0.012309999999999988,0.003464000000000002
2010.3984,-0.029272000000000076,-0.009962000000000026,-6.500000000000256e-05
2010.4011,-0.028474,-0.009884000000000004,-0.0019570000000000004
2010.4038,-0.02816200000000002,-0.011452999999999991,-0.003924000000000004
2010.4066,-0.028306000000000053,-0.009954999999999992,-0.0048829999999999985
2010.4093,-0.029305000000000025,-0.00905499999999998,-0.0035289999999999974
2010.412,-0.02964600000000006,-0.009521000000000002,0.0012599999999999972
2010.4148,-0.029982000000000064,-0.009813000000000016,0.0015049999999999994
2010.4175,-0.030894000000000088,-0.01109199999999999,-3.500000000000031e-05
2010.4203,-0.02898500000000004,-0.007512000000000019,0.0016129999999999964
2010.423,-0.027372000000000063,-0.007355,-0.0076919999999999975
2010.4257,-0.028280000000000083,-0.00525500000000001,-0.0023180000000000006
2010.4285,-0.02768500000000007,-0.005298000000000025,-0.005871000000000001
2010.4312,-0.030843000000000065,-0.006828999999999974,0.00035600000000000215
2010.4339,-0.029147000000000034,-0.0066930000000000045,-0.004159000000000003
2010.4504,-0.033090000000000064,-0.009153999999999995,0.008015000000000001
2010.4531,-0.03038800000000008,-0.006504999999999983,-0.002942
2010.4559,-0.03117100000000006,-0.00753100000000001,0.001797
2010.4586,-0.027932999999999986,-0.004873000000000016,-0.0022830000000000003
2010.4613,-0.02645900000000001,-0.005703999999999987,-0.004454
2010.4641,-0.02789000000000008,-0.007292999999999994,-0.007050000000000001
2010.4668,-0.025594000000000006,-0.00708700000000001,-0.0006250000000000006
2010.4695,-0.02631400000000006,-0.006755000000000011,-3.999999999999837e-05
2010.4723,-0.025807000000000024,-0.006776000000000004,-0.0051160000000000025
2010.475,-0.026193000000000022,-0.008180999999999994,-0.007598000000000001
2010.4778,-0.02368400000000004,-0.0070029999999999815,-0.005385000000000001
2010.4805,-0.02738700000000005,-0.007846999999999993,0.003909000000000003
2010.4832,-0.027237000000000067,-0.006340000000000012,-0.0037939999999999988
2010.486,-0.025635000000000074,-0.007890000000000008,9.999999999996123e-06
2010.4887,-0.02633300000000005,-0.007641999999999982,-0.0033369999999999997
2010.4914,-0.02712200000000009,-0.0044520000000000115,-0.0051109999999999975
2010.4942,-0.02649299999999999,-0.0047579999999999845,-0.004576999999999998
2010.4969,-0.025210000000000066,-0.0070390000000000175,-0.004687999999999998
2010.4997,-0.02577700000000005,-0.007467000000000001,-0.004179000000000002
2010.5024,-0.027352000000000043,-0.0072189999999999754,0.0004359999999999989
2010.5051,-0.02665099999999998,-0.006749999999999978,-0.002707000000000001
2010.5079,-0.026241999999999988,-0.007935000000000025,-0.005056999999999999
2010.5106,-0.026025999999999994,-0.006950999999999985,-0.0026310000000000014
2010.5133,-0.02824900000000008,-0.006396999999999986,0.002336999999999999
2010.5161,-0.02575100000000008,-0.005182999999999993,-0.009981
2010.5188,-0.025593000000000088,-0.007433999999999996,-0.0027770000000000017
2010.5216,-0.025948000000000082,-0.006946000000000008,-0.007574999999999998
2010.5243,-0.02553800000000006,-0.008657999999999999,-0.0012110000000000037
2010.527,-0.025878000000000068,-0.006417000000000006,-0.002231999999999998
2010.5298,-0.026077000000000017,-0.008662000000000003,-0.0015449999999999978
2010.5325,-0.02443099999999998,-0.007560000000000011,-0.0072510000000000005
2010.5352,-0.023926000000000003,-0.0072550000000000114,-0.006761000000000003
2010.538,-0.02490199999999998,-0.007626999999999995,-0.00689
2010.5407,-0.02498100000000003,-0.007981000000000016,-0.008156000000000004
2010.5435,-0.023102000000000067,-0.009155999999999997,0.00011300000000000199
2010.5462,-0.02495600000000009,-0.006193000000000004,-0.0003099999999999978
2010.5489,-0.02429300000000001,-0.005689,0.0015360000000000026
2010.5517,-0.026290000000000036,-0.007390999999999981,-0.0037929999999999978
2010.5544,-0.023307999999999995,-0.007566000000000017,-0.0019959999999999978
2010.5572,-0.024838000000000027,-0.008116000000000012,-0.0006350000000000036
2010.5599,-0.02332500000000004,-0.007433000000000023,-0.002340000000000002
2010.5626,-0.023904000000000036,-0.007904999999999995,0.0008610000000000007
2010.5654,-0.025600000000000067,-0.007166999999999979,-0.0021639999999999993
2010.5681,-0.026037000000000088,-0.007908000000000026,-0.004728000000000003
2010.5708,-0.025311000000000083,-0.00773299999999999,-0.002819000000000002
2010.5736,-0.02386300000000008,-0.007525999999999977,-0.0034300000000000025
2010.5763,-0.024939000000000044,-0.008882999999999974,-0.0014020000000000005
2010.5791,-0.02398100000000003,-0.008668999999999982,-0.005206000000000002
2010.5845,-0.02360400000000007,-0.008238000000000023,-0.001461999999999998
2010.5873,-0.025052999999999992,-0.00669599999999998,0.00037500000000000033
2010.59,-0.027178000000000035,-0.00889899999999999,-0.004337000000000001
2010.5927,-0.02666600000000008,-0.008104,-0.002127000000000004
2010.5955,-0.02584300000000006,-0.00829000000000002,0.002799999999999997
2010.5982,-0.02695700000000001,-0.008282000000000012,0.0033219999999999986
2010.601,-0.028363000000000027,-0.007749000000000006,0.003688999999999998
2010.6037,-0.025536000000000003,-0.008543999999999996,0.0021880000000000024
2010.6064,-0.02423300000000006,-0.007247999999999977,-0.0002699999999999994
2010.6092,-0.026438000000000073,-0.00833299999999998,0.0014209999999999987
2010.6119,-0.02535200000000004,-0.008106999999999975,-0.0028540000000000024
2010.6146,-0.026067000000000062,-0.007998999999999978,0.003273999999999999
2010.6174,-0.025282000000000027,-0.006616999999999984,-0.0005319999999999978
2010.6201,-0.025191999999999992,-0.007913000000000003,0.0005799999999999972
2010.6229,-0.02466400000000002,-0.005361000000000005,-0.0034360000000000016
2010.6256,-0.02601600000000004,-0.007601999999999998,0.00038599999999999746
2010.6283,-0.02561900000000006,-0.009458999999999995,-0.0024980000000000002
2010.6311,-0.026368000000000058,-0.008572000000000024,0.0056799999999999976
2010.6338,-0.02741300000000002,-0.006394000000000011,0.0014199999999999977
2010.6366,-0.026559,-0.007375999999999994,0.006087000000000002
2010.6393,-0.024787000000000003,-0.007342999999999988,0.002722000000000002
2010.642,-0.02423400000000009,-0.008772999999999975,-0.00741
2010.6448,-0.02460300000000004,-0.006906000000000023,-0.0019650000000000015
2010.6475,-0.026102999999999987,-0.008639999999999981,-0.005075999999999997
2010.6502,-0.02624100000000007,-0.008848000000000023,-0.001455999999999999
2010.653,-0.026639999999999997,-0.008875000000000022,0.004497000000000001
2010.6557,-0.025615000000000054,-0.009087999999999985,-0.00028500000000000053
2010.6585,-0.026733000000000007,-0.008936999999999973,0.0030880000000000005
2010.6612,-0.02540700000000007,-0.007726999999999984,-0.0016760000000000039
2010.6639,-0.024123000000000006,-0.007701000000000013,-0.001799000000000002
2010.6667,-0.025078000000000045,-0.008213999999999999,-0.004583000000000004
2010.6694,-0.025282000000000027,-0.007703000000000015,-0.001230000000000002
2010.6721,-0.024747000000000074,-0.008892999999999984,-0.002363999999999998
2010.6749,-0.025321000000000038,-0.00888899999999998,0.006552999999999996
2010.6776,-0.02585000000000004,-0.006898000000000015,0.004428000000000001
2010.6804,-0.02576299999999998,-0.007962000000000025,0.00047499999999999626
2010.6831,-0.02569100000000002,-0.01075100000000001,0.002577000000000003
2010.6858,-0.025137000000000076,-0.009236999999999995,-4.099999999999937e-05
2010.6886,-0.02573700000000001,-0.009745999999999977,-0.0009479999999999975
2010.6913,-0.02601399999999998,-0.01044600000000001,0.0016059999999999963
2010.694,-0.024939000000000044,-0.009433999999999998,-0.000677999999999998
2010.6968,-0.025820000000000065,-0.008757000000000015,0.0017479999999999996
2010.6995,-0.025523000000000073,-0.008375999999999995,0.00016200000000000242
2010.7023,-0.025652000000000008,-0.00922099999999998,-0.0022189999999999988
2010.705,-0.02558400000000005,-0.01109199999999999,-0.002270000000000001
2010.7077,-0.024808000000000052,-0.011606000000000005,-0.0015519999999999978
2010.7105,-0.02515299999999998,-0.010075,0.002707000000000001
2010.7132,-0.025316000000000005,-0.010925000000000018,0.004637999999999996
2010.7159,-0.024932999999999983,-0.013149999999999995,0.006494
2010.7187,-0.025252000000000052,-0.010975999999999986,-0.0035169999999999993
2010.7214,-0.02577600000000002,-0.009743000000000002,-0.0004890000000000033
2010.7242,-0.024813000000000085,-0.009784000000000015,-0.0036780000000000007
2010.7269,-0.025900000000000034,-0.012334000000000012,0.001002999999999997
2010.7296,-0.024356000000000044,-0.012371000000000021,0.0010570000000000024
2010.7324,-0.026847000000000065,-0.012517999999999974,-0.003250000000000003
2010.7351,-0.02531899999999998,-0.01467099999999999,-0.0008540000000000006
2010.7379,-0.025245000000000073,-0.012919000000000014,0.004235999999999997
2010.7406,-0.026152999999999982,-0.013218000000000008,-0.004017
2010.7433,-0.02455700000000005,-0.009898999999999991,-0.007436999999999999
2010.7461,-0.024231000000000003,-0.009985000000000022,-0.00435
2010.7488,-0.02513399999999999,-0.011660000000000004,-0.0008700000000000027
2010.7515,-0.025285000000000002,-0.013529000000000013,-0.002155999999999998
2010.7543,-0.026612999999999998,-0.012048000000000003,-0.006394000000000004
2010.757,-0.02521400000000007,-0.014033999999999991,-0.005417999999999999
2010.7598,-0.02454299999999998,-0.013579000000000008,-0.007609999999999999
2010.7625,-0.025043000000000037,-0.012622000000000022,-0.0019740000000000035
2010.7652,-0.02673900000000007,-0.014463999999999977,-0.0014289999999999997
2010.768,-0.02395600000000009,-0.01456200000000002,-0.0009059999999999971
2010.7707,-0.024189000000000016,-0.01330199999999998,0.0010249999999999981
2010.7734,-0.024339,-0.01239800000000002,-0.009084000000000002
2010.7762,-0.024177000000000004,-0.013201999999999992,-0.002718999999999999
2010.7789,-0.021979000000000082,-0.012066999999999994,-0.008024999999999997
2010.7817,-0.022440000000000015,-0.012770000000000004,-0.0034220000000000014
2010.7844,-0.02332600000000007,-0.014149000000000023,-0.0037529999999999994
2010.7871,-0.024508000000000085,-0.014502000000000015,-0.0003099999999999978
2010.7899,-0.023924000000000056,-0.014801999999999982,-0.0008820000000000008
2010.7926,-0.02447100000000002,-0.01432,-0.005506999999999998
2010.7953,-0.024747999999999992,-0.013014000000000026,-0.002023999999999998
2010.7981,-0.02468400000000004,-0.01149,-0.005273
2010.8008,-0.024621000000000004,-0.012473000000000012,0.002803
2010.8036,-0.026305000000000023,-0.016033999999999993,0.006991999999999998
2010.8063,-0.025365000000000082,-0.015496999999999983,0.006781000000000002
2010.809,-0.025237000000000065,-0.014290999999999998,0.0016289999999999985
2010.8118,-0.02578400000000003,-0.017670999999999992,0.006899999999999996
2010.8145,-0.026052000000000075,-0.013616000000000017,0.0016009999999999983
2010.8172,-0.02854000000000001,-0.013253999999999988,0.0025179999999999994
2010.82,-0.025264999999999982,-0.012373999999999996,-0.0005790000000000031
2010.8227,-0.02433200000000002,-0.014357000000000009,-0.0032200000000000006
2010.8255,-0.026046000000000014,-0.01411699999999999,-0.001228
2010.8282,-0.026110000000000078,-0.014334999999999987,0.0025449999999999987
2010.8309,-0.02651800000000004,-0.013832999999999984,-0.0010370000000000032
2010.8337,-0.025236000000000036,-0.016793000000000002,-0.003054000000000001
2010.8364,-0.025275000000000047,-0.01238800000000001,-0.011363000000000002
2010.8392,-0.02539800000000003,-0.011751999999999985,-0.003589000000000002
2010.8419,-0.02466299999999999,-0.01428299999999999,-0.002486000000000002
2010.8446,-0.025769000000000042,-0.015421999999999991,-0.0036870000000000028
2010.8474,-0.025589000000000084,-0.016054000000000013,0.0017160000000000022
2010.8501,-0.02640600000000004,-0.012660000000000005,-0.005954000000000001
2010.8528,-0.02672400000000008,-0.012604999999999977,-0.0036689999999999987
2010.8556,-0.026708999999999983,-0.014095000000000024,-0.0031190000000000037
2010.8583,-0.02581600000000006,-0.013178999999999996,-0.007004999999999997
2010.8611,-0.02612800000000004,-0.013164000000000009,-0.010505
2010.8638,-0.02579100000000001,-0.014195000000000013,-0.008069
2010.8665,-0.02458300000000002,-0.014176999999999995,-0.01294
2010.8693,-0.02729300000000001,-0.012612000000000012,-0.0056850000000000026
2010.872,-0.027388999999999997,-0.01242399999999999,-0.007917
2010.8747,-0.028066000000000035,-0.012365000000000015,-0.002813000000000003
2010.8775,-0.026725,-0.014504000000000017,-0.0014839999999999992
2010.8802,-0.027391000000000054,-0.015212999999999977,-0.007658999999999999
2010.883,-0.02616099999999999,-0.013799999999999979,-0.007892000000000003
2010.8857,-0.025815000000000032,-0.013060000000000016,-0.004763000000000003
2010.8884,-0.027867000000000086,-0.012021999999999977,-0.004824000000000002
2010.8912,-0.02590199999999998,-0.013056999999999985,-0.009408
2010.8939,-0.027330999999999994,-0.013263000000000025,-0.005846999999999998
2010.8966,-0.027322999999999986,-0.013880000000000003,-0.008018999999999998
2010.8994,-0.026123000000000007,-0.014681999999999973,-0.0025430000000000036
2010.9021,-0.026644,-0.017562000000000022,-0.002598999999999997
2010.9049,-0.02648700000000004,-0.015098999999999974,-0.005837000000000002
2010.9076,-0.027213000000000043,-0.016235,0.0006050000000000014
2010.9103,-0.02611400000000008,-0.015506999999999993,-0.006784999999999999
2010.9131,-0.025235000000000007,-0.015595000000000026,-0.0022090000000000026
2010.9158,-0.025912000000000046,-0.015427000000000024,-0.007861
2010.9185,-0.025484000000000062,-0.015073999999999976,-0.0070259999999999975
2010.9213,-0.024530000000000052,-0.013257999999999992,-0.008228
2010.924,-0.024658999999999986,-0.012151000000000023,-0.0013150000000000037
2010.9268,-0.022782999999999998,-0.013701999999999992,-0.002036000000000003
2010.9295,-0.022512000000000087,-0.013058000000000014,-0.007115000000000003
2010.9322,-0.024743999999999988,-0.016610000000000014,-0.010092
2010.935,-0.022963000000000067,-0.01863300000000001,-0.0005990000000000023
2010.9377,-0.023814000000000002,-0.01802100000000001,-0.007543000000000001
2010.9405,-0.02577800000000008,-0.016442000000000012,-0.0020700000000000024
2010.9432,-0.02239800000000003,-0.014168000000000014,-0.0006079999999999974
2010.9459,-0.01848900000000009,-0.01908500000000002,0.0007710000000000009
2010.9487,-0.02268199999999998,-0.014253000000000016,-0.0009979999999999989
2010.9514,-0.02670400000000006,-0.018073000000000006,0.004642
2010.9541,-0.024415999999999993,-0.016210999999999975,0.002008999999999997
2010.9569,-0.023652000000000006,-0.014378000000000002,0.000896000000000001
2010.9596,-0.02370400000000006,-0.015102999999999978,-0.0016410000000000036
2010.9624,-0.024322000000000066,-0.01780599999999999,0.002578999999999998
2010.9651,-0.025769000000000042,-0.017037999999999998,0.0071369999999999975
2010.9678,-0.024645000000000028,-0.01747399999999999,-0.0014110000000000025
2010.9706,-0.02159500000000003,-0.01983600000000002,0.002156999999999999
2010.9733,-0.02157700000000007,-0.017874999999999974,-0.0024129999999999985
2010.976,-0.022588000000000052,-0.018479000000000023,-0.006316000000000002
2010.9788,-0.021467000000000014,-0.017938999999999983,-0.013347000000000001
2010.9815,-0.020459000000000005,-0.018681999999999976,-0.004083999999999997
2010.9843,-0.02103300000000008,-0.01808700000000002,-0.011956000000000001
2010.987,-0.02199300000000004,-0.016678000000000026,-0.008383999999999999
2010.9897,-0.024164999999999992,-0.018237999999999976,-0.004087
2010.9925,-0.026567000000000007,-0.014917000000000014,-0.005363
2010.9952,-0.022647000000000084,-0.015853000000000006,-0.006622000000000003
2010.9979,-0.021797999999999984,-0.014556000000000013,-0.006185999999999997
2011.0007,-0.023102999999999985,-0.015120000000000022,-0.0020710000000000034
2011.0034,-0.022687000000000013,-0.014602000000000004,-0.010506999999999999
2011.0062,-0.02397500000000008,-0.014884999999999982,-0.010603000000000001
2011.0089,-0.023832999999999993,-0.016349000000000002,-0.011054999999999999
2011.0116,-0.023905000000000065,-0.01519799999999999,-0.010676000000000001
2011.0144,-0.02295999999999998,-0.01513399999999998,-0.005963999999999997
2011.0171,-0.023622000000000032,-0.014548000000000005,-0.008537
2011.0198,-0.02233200000000002,-0.013363000000000014,-0.003834999999999998
2011.0226,-0.023395000000000055,-0.012187000000000003,-0.014745000000000001
2011.0253,-0.023361000000000076,-0.012502000000000013,-0.011204000000000002
2011.0281,-0.022809999999999997,-0.013313999999999993,-0.011648000000000002
2011.0308,-0.022144000000000053,-0.016398000000000024,-0.010405000000000001
2011.0335,-0.022129999999999983,-0.017567,-0.009238
2011.0363,-0.021932000000000063,-0.01771299999999998,-0.014039
2011.039,-0.022772000000000014,-0.015857999999999983,-0.009419
2011.0418,-0.024527999999999994,-0.014809000000000017,-0.00038599999999999746
2011.0445,-0.024625000000000008,-0.015944000000000014,-0.006654
2011.0472,-0.02392900000000009,-0.015021000000000007,-0.011559
2011.05,-0.024136000000000046,-0.015189999999999981,-0.013008000000000002
2011.0527,-0.02350300000000005,-0.015170000000000017,-0.014528
2011.0554,-0.024693999999999994,-0.014890000000000014,-0.00807
2011.0582,-0.026071000000000066,-0.01393899999999998,-0.009932
2011.0609,-0.02398100000000003,-0.015631000000000006,-0.012227000000000002
2011.0637,-0.024394000000000027,-0.015985000000000027,-0.011181
2011.0664,-0.02412800000000004,-0.01588400000000001,-0.007691000000000003
2011.0691,-0.02325900000000003,-0.016757000000000022,-0.008283000000000002
2011.0719,-0.02377000000000007,-0.014392000000000016,-0.005392000000000001
2011.0746,-0.022689999999999988,-0.014938000000000007,-0.006973
2011.0773,-0.023903000000000008,-0.012631000000000003,-0.008759
2011.0801,-0.022380999999999984,-0.013836999999999988,-0.014449
2011.0828,-0.021353000000000066,-0.013054999999999983,-0.018333000000000002
2011.0856,-0.020213000000000036,-0.013446999999999987,-0.010401
2011.0883,-0.021486000000000005,-0.01489600000000002,-0.01591
2011.091,-0.02278200000000008,-0.015515000000000001,-0.016739
2011.0938,-0.02309300000000003,-0.014402000000000026,-0.016961
2011.0965,-0.025048999999999988,-0.012251999999999985,-0.015598
2011.0992,-0.02312700000000001,-0.015396999999999994,-0.010420000000000002
2011.102,-0.022360000000000047,-0.014232000000000022,-0.018685
2011.1047,-0.024369000000000085,-0.012172000000000016,-0.006061999999999998
2011.1075,-0.023407999999999984,-0.014882000000000006,-0.014141
2011.1102,-0.024251000000000023,-0.016318,-0.008192999999999999
2011.1129,-0.025254,-0.014861000000000013,-0.012545
2011.1157,-0.026253000000000082,-0.018216999999999983,-0.006290999999999998
2011.1184,-0.026091000000000086,-0.01575700000000002,-0.008964
2011.1211,-0.025316000000000005,-0.020419999999999994,-0.008293000000000002
2011.1239,-0.025696000000000052,-0.01866699999999999,-0.013833000000000002
2011.1266,-0.025978000000000057,-0.015944000000000014,-0.008468
2011.1294,-0.025662000000000074,-0.01541300000000001,-0.0055660000000000015
2011.1321,-0.02389600000000003,-0.014376,-0.009753999999999999
2011.1348,-0.02419199999999999,-0.013006000000000018,-0.012115
2011.1376,-0.025089000000000028,-0.014004000000000016,-0.008863
2011.1403,-0.025344000000000033,-0.013365000000000016,-0.006273000000000001
2011.1431,-0.026436000000000015,-0.013803999999999983,-0.013338
2011.1458,-0.026316000000000006,-0.014332999999999985,-0.014648000000000001
2011.1485,-0.02268900000000007,-0.014151999999999998,-0.009840999999999999
2011.1513,-0.024421000000000026,-0.012257000000000018,-0.008287
2011.154,-0.027436000000000016,-0.013039000000000023,-0.009302000000000001
2011.1567,-0.024758000000000058,-0.014444000000000012,-0.011162000000000002
2011.1595,-0.02451800000000004,-0.017654000000000003,-0.0003949999999999995
2011.1622,-0.02516700000000005,-0.015068999999999999,-0.012065
2011.165,-0.02673100000000006,-0.017527000000000015,-0.009498
2011.1677,-0.026587000000000027,-0.014114000000000015,-0.017901
2011.1704,-0.025075999999999987,-0.014930999999999972,-0.014311
2011.1732,-0.026809000000000083,-0.014394000000000018,-0.018257
2011.1759,-0.02491399999999999,-0.012583999999999984,-0.020142
2011.1786,-0.027098999999999984,-0.012994000000000006,-0.009781000000000001
2011.1814,-0.025225000000000053,-0.013917000000000013,-0.009261000000000002
2011.1841,-0.025648000000000004,-0.016942999999999986,-0.010785
2011.1869,-0.025951000000000057,-0.018703000000000025,-0.010544000000000001
2011.1896,-0.025926000000000005,-0.015392000000000017,-0.011551000000000002
2011.1923,-0.024841000000000002,-0.01503199999999999,-0.013764000000000002
2011.1951,-0.02608900000000003,-0.018674000000000024,-0.008002000000000002
2011.1978,-0.026178000000000035,-0.01569900000000002,-0.019444
2011.2005,-0.028644000000000003,-0.01824999999999999,-0.013517000000000001
2011.2033,-0.028735000000000066,-0.015510000000000024,-0.012078000000000002
2011.206,-0.027170000000000027,-0.016220999999999985,-0.015267
2011.2088,-0.025695000000000023,-0.019332000000000016,-0.012047000000000002
2011.2115,-0.027527999999999997,-0.017332000000000014,-0.009638
2011.2142,-0.026649000000000034,-0.013268000000000002,-0.005320999999999999
2011.217,-0.027197000000000027,-0.014133000000000007,-0.010401
2011.2197,-0.027260000000000062,-0.014678999999999998,-0.010620000000000001
2011.2225,-0.027465000000000073,-0.012819000000000025,-0.011335999999999999
2011.2252,-0.026256000000000057,-0.01706000000000002,-0.011512999999999999
2011.2279,-0.02822100000000005,-0.01435900000000001,-0.0072510000000000005
2011.2307,-0.029052000000000078,-0.016454000000000024,-0.010215000000000002
2011.2334,-0.027425000000000033,-0.015847,-0.004754000000000001
2011.2361,-0.027038000000000006,-0.014691999999999983,-0.010806
2011.2389,-0.026363000000000025,-0.015415000000000012,-0.017509
2011.2416,-0.027271000000000045,-0.012819000000000025,-0.014976
2011.2444,-0.028909000000000074,-0.014075000000000004,-0.014780999999999999
2011.2471,-0.026994000000000073,-0.014214999999999978,-0.011863000000000002
2011.2498,-0.029525000000000023,-0.014170000000000016,-0.006795000000000002
2011.2526,-0.029009000000000063,-0.014394999999999991,-0.012528000000000001
2011.2553,-0.028299999999999992,-0.013203999999999994,-0.010506000000000001
2011.258,-0.029183999999999988,-0.014519000000000004,-0.008824000000000002
2011.2608,-0.029340000000000033,-0.016002000000000016,-0.011747
2011.2635,-0.03016400000000008,-0.014759000000000022,-0.00964
2011.2663,-0.028728000000000087,-0.016208999999999973,-0.011630999999999999
2011.269,-0.027947000000000055,-0.01336900000000002,-0.013121
2011.2717,-0.029040999999999983,-0.01644899999999999,-0.011529000000000001
2011.2745,-0.031730000000000036,-0.014556999999999987,-0.013881000000000001
2011.2772,-0.029596000000000067,-0.014506999999999992,-0.012421999999999999
2011.2799,-0.027859999999999996,-0.014668000000000014,-0.010282
2011.2827,-0.028021000000000074,-0.015544000000000002,-0.01097
2011.2854,-0.025766000000000067,-0.012961999999999974,-0.010198000000000002
2011.2882,-0.02699000000000007,-0.011958999999999997,-0.012237999999999999
2011.2909,-0.026878999999999986,-0.011875999999999998,-0.015355
2011.2936,-0.028108000000000022,-0.012405999999999973,-0.008801
2011.2964,-0.029488999999999987,-0.012575000000000003,-0.006939000000000001
2011.2991,-0.027712999999999988,-0.013301000000000007,-0.010161
2011.3018,-0.028820000000000068,-0.009587999999999985,-0.012733999999999999
2011.3046,-0.027106000000000074,-0.013257000000000019,-0.012463000000000002
2011.3073,-0.02854699999999999,-0.01361699999999999,-0.010531000000000002
2011.3101,-0.027390000000000025,-0.015143000000000018,-0.005662
2011.3128,-0.02966600000000008,-0.014635999999999982,-0.004746
2011.3155,-0.029362,-0.012836999999999987,-0.006786
2011.3183,-0.027662999999999993,-0.01475700000000002,-0.011163
2011.321,-0.027834000000000025,-0.013212999999999975,-0.010034000000000001
2011.3238,-0.028823000000000043,-0.012270999999999976,-0.012418000000000002
2011.3265,-0.02827600000000008,-0.01161000000000001,-0.014361000000000002
2011.3292,-0.026998999999999995,-0.01314700000000002,-0.011226
2011.332,-0.028351000000000015,-0.014440000000000008,-0.011262000000000001
2011.3347,-0.02822200000000008,-0.01111200000000001,-0.013667000000000002
2011.3374,-0.02709000000000006,-0.01205299999999998,-0.016704
2011.3402,-0.02720699999999998,-0.012836000000000014,-0.014339000000000001
2011.3429,-0.02909700000000004,-0.012745000000000006,-0.006233000000000002
2011.3457,-0.02888400000000002,-0.011535000000000017,-0.005519999999999997
2011.3484,-0.029696000000000056,-0.012483000000000022,-0.008011999999999998
2011.3511,-0.02920800000000001,-0.012390999999999985,-0.0044459999999999986
2011.3539,-0.030245999999999995,-0.010865000000000014,-0.008021
2011.3566,-0.02902400000000005,-0.01360699999999998,-0.007176000000000002
2011.3593,-0.02846100000000007,-0.011490999999999973,-0.009103
2011.3621,-0.027222999999999997,-0.01149699999999998,-0.014265
2011.3648,-0.02882499999999999,-0.010270999999999975,-0.013070000000000002
2011.3676,-0.028432000000000013,-0.012160999999999977,-0.005865000000000002
2011.3703,-0.02879300000000007,-0.012946999999999986,-0.005509
2011.373,-0.028410000000000046,-0.012070000000000025,-0.009035999999999999
2011.3758,-0.028603000000000045,-0.011797000000000002,-0.008549000000000001
2011.3785,-0.028863000000000083,-0.009274999999999978,-0.010381000000000001
2011.3812,-0.027643000000000084,-0.010093999999999992,-0.009698000000000002
2011.384,-0.02869300000000008,-0.010516000000000025,-0.01037
2011.3867,-0.030194000000000054,-0.011066999999999994,-0.008205000000000004
2011.3895,-0.032552000000000025,-0.011272999999999977,-0.010765
2011.3922,-0.029828999999999994,-0.011649999999999994,-0.007080000000000003
2011.3949,-0.030411000000000077,-0.012585000000000013,-0.009396000000000002
2011.3977,-0.028239000000000014,-0.012164999999999981,-0.012244999999999999
2011.4004,-0.03119800000000006,-0.012012999999999996,-0.005262000000000003
2011.4031,-0.03144100000000005,-0.009919000000000011,-0.004468
2011.4059,-0.03253800000000007,-0.011392999999999986,-0.0057970000000000035
2011.4086,-0.030565000000000064,-0.010141000000000011,-0.009124
2011.4114,-0.029285000000000005,-0.009506999999999988,-0.012497000000000001
2011.4141,-0.02960800000000008,-0.011311000000000015,-0.009311
2011.4168,-0.02942200000000006,-0.010680999999999996,-0.004569999999999998
2011.4196,-0.03009800000000007,-0.011033000000000015,-0.009570000000000002
2011.4223,-0.02668400000000004,-0.005560000000000009,-0.017455000000000002
2011.4251,-0.030025999999999997,-0.009048999999999974,-0.010954000000000002
2011.4278,-0.030510000000000037,-0.009909999999999974,-0.008314000000000002
2011.4305,-0.030835000000000057,-0.008886999999999978,-0.009512
2011.4333,-0.031286000000000036,-0.010002999999999984,-0.009691000000000002
2011.436,-0.03201900000000002,-0.011591999999999991,-0.013968999999999999
2011.4387,-0.032367000000000035,-0.009890999999999983,-0.006440000000000001
2011.4415,-0.03296500000000002,-0.010185,-0.005263999999999998
2011.4442,-0.03217300000000001,-0.00929000000000002,-0.006607000000000002
2011.447,-0.032532000000000005,-0.011799000000000004,-0.001343000000000004
2011.4497,-0.032320000000000015,-0.010072000000000025,-0.007286000000000001
2011.4524,-0.032829,-0.009409999999999974,-0.004254000000000001
2011.4552,-0.03325100000000003,-0.009948999999999986,-0.005943999999999998
2011.4579,-0.03446199999999999,-0.010960999999999999,-0.003693000000000002
2011.4606,-0.03293900000000005,-0.011535000000000017,-0.005046000000000002
2011.4634,-0.035138,-0.012307999999999986,-0.0006639999999999979
2011.4661,-0.03438400000000008,-0.010855000000000004,-0.0029720000000000024
2011.4689,-0.03384600000000004,-0.011373999999999995,-0.002914
2011.4716,-0.03288500000000005,-0.010780999999999985,-0.005167999999999999
2011.4743,-0.03400200000000009,-0.010795999999999972,-0.003948
2011.4771,-0.034412,-0.011917000000000011,-0.003973999999999998
2011.4798,-0.033779,-0.011573,-0.0008610000000000007
2011.4825,-0.032887,-0.013214000000000004,-0.0033969999999999972
2011.4853,-0.03383600000000009,-0.013048000000000004,0.00035299999999999915
2011.488,-0.034090000000000065,-0.016666000000000014,0.003136
2011.4908,-0.03380800000000006,-0.012328999999999979,0.005325999999999997
2011.4935,-0.033465999999999996,-0.012141000000000013,-0.006541999999999999
2011.4962,-0.03291200000000005,-0.012126000000000026,-0.001910000000000002
2011.499,-0.03290100000000007,-0.012778000000000012,-0.0027659999999999976
2011.5017,-0.034640000000000004,-0.013788000000000022,-0.003042000000000003
2011.5044,-0.032453000000000065,-0.012809000000000015,-0.010681
2011.5072,-0.033123000000000014,-0.010641999999999985,-0.006547999999999998
2011.5099,-0.03262799999999999,-0.012299999999999978,-0.005700999999999998
2011.5127,-0.03336300000000003,-0.011554000000000009,-0.005389999999999999
2011.5154,-0.03425400000000001,-0.012170999999999987,-0.0055629999999999985
2011.5181,-0.032220000000000026,-0.012892999999999988,-0.0014199999999999977
2011.5209,-0.031783000000000006,-0.012905999999999973,-0.0016270000000000034
2011.5236,-0.03346900000000008,-0.013514000000000026,-0.0026569999999999996
2011.5264,-0.03255600000000003,-0.011259999999999992,0.0008429999999999965
2011.5291,-0.03354900000000005,-0.013386999999999982,-0.008016000000000002
2011.5318,-0.03368700000000002,-0.011599000000000026,0.0024389999999999967
2011.5346,-0.03297400000000006,-0.011637999999999982,-0.006029
2011.5373,-0.032168000000000085,-0.012573,0.0026469999999999966
2011.54,-0.03296600000000005,-0.012201000000000017,-0.002013000000000001
2011.5428,-0.033951000000000064,-0.012600999999999973,-0.009588
2011.5455,-0.034024000000000054,-0.012330000000000008,-0.005714000000000004
2011.5483,-0.033460000000000045,-0.012720000000000009,-0.011530000000000002
2011.551,-0.03451599999999999,-0.012321000000000026,-0.0035420000000000035
2011.5537,-0.03440399999999999,-0.011824999999999974,-0.010193
2011.5565,-0.03197400000000006,-0.008906000000000025,-0.008379000000000001
2011.5592,-0.03288000000000002,-0.011182999999999998,-0.008128000000000003
2011.5619,-0.034137000000000084,-0.013195000000000012,0.0005339999999999998
2011.5647,-0.03387499999999999,-0.012720999999999982,-0.004973999999999999
2011.5674,-0.03438300000000005,-0.01217299999999999,-0.0034490000000000007
2011.5702,-0.03156700000000001,-0.013423999999999991,-0.005220000000000002
2011.5729,-0.032914,-0.013701999999999992,-0.008373000000000002
2011.5756,-0.03325,-0.01252700000000001,0.005176
2011.5784,-0.03303699999999998,-0.01177800000000001,-0.0010669999999999985
2011.5811,-0.03452300000000008,-0.012772999999999979,-0.004153000000000004
2011.5838,-0.03301399999999999,-0.013548000000000004,-0.003366000000000001
2011.5866,-0.034480000000000066,-0.011846000000000023,-0.0009680000000000036
2011.5893,-0.03608900000000004,-0.011375999999999997,-0.006229999999999999
2011.5921,-0.03564400000000001,-0.011504000000000014,0.0004330000000000028
2011.5948,-0.03445200000000004,-0.011714999999999975,-0.003032
2011.5975,-0.033627000000000073,-0.010821000000000025,0.0031839999999999993
2011.6003,-0.03307900000000008,-0.011249999999999982,-0.003973999999999998
2011.603,-0.03388100000000005,-0.01186799999999999,-0.0032070000000000015
2011.6057,-0.034169000000000005,-0.009906000000000026,-0.006339999999999998
2011.6085,-0.03483700000000001,-0.010687000000000002,-0.0059000000000000025
2011.6112,-0.03426499999999999,-0.01156299999999999,-0.0006359999999999977
2011.614,-0.03302000000000005,-0.011581000000000008,-0.0011940000000000006
2011.6167,-0.03393200000000007,-0.012819000000000025,-0.004624000000000003
2011.6194,-0.03470200000000001,-0.013017999999999974,0.0008350000000000024
2011.6222,-0.03358899999999998,-0.013342999999999994,-0.0008270000000000013
2011.6249,-0.03284700000000007,-0.012454999999999994,0.002910999999999997
2011.6277,-0.032930000000000015,-0.013813999999999993,-0.0023880000000000012
2011.6304,-0.03500800000000004,-0.013419999999999987,-0.0006289999999999976
2011.6331,-0.033507000000000065,-0.01395200000000002,0.003029999999999998
2011.6359,-0.03363100000000008,-0.013848000000000027,0.001572999999999998
2011.6386,-0.03412500000000007,-0.015015,0.0060059999999999975
2011.6413,-0.03490300000000002,-0.014498000000000011,0.006788999999999996
2011.6441,-0.03378599999999998,-0.014927000000000024,0.004501999999999999
2011.6468,-0.03440300000000007,-0.015546000000000004,0.004734999999999996
2011.6496,-0.03505999999999998,-0.015197000000000016,-0.0004390000000000019
2011.6523,-0.033440000000000025,-0.014610000000000012,-0.0005440000000000028
2011.655,-0.03390700000000002,-0.01427299999999998,0.0026679999999999968
2011.6578,-0.034219,-0.014934999999999976,0.0014149999999999996
2011.6605,-0.03402000000000005,-0.015158000000000005,-0.0005869999999999972
2011.6632,-0.03341800000000006,-0.015210999999999975,0.007191999999999997
2011.666,-0.03427400000000003,-0.015027999999999986,-0.000675000000000002
2011.6687,-0.03320500000000004,-0.015481999999999996,0.010282
2011.6715,-0.034329000000000054,-0.015369999999999995,0.0034479999999999997
2011.6742,-0.034748,-0.014127999999999974,0.0005659999999999971
2011.6769,-0.03231000000000006,-0.01419999999999999,0.003463000000000001
2011.6797,-0.032644000000000006,-0.015017999999999976,-0.0009370000000000003
2011.6824,-0.03196100000000002,-0.015432999999999975,0.0018390000000000004
2011.6851,-0.03489700000000007,-0.01654699999999998,0.0009810000000000027
2011.6879,-0.034653000000000045,-0.014286000000000021,-0.002148999999999998
2011.6906,-0.033401000000000014,-0.015834999999999988,-0.0007119999999999974
2011.6934,-0.03259000000000001,-0.01525700000000002,-0.0009219999999999992
2011.6961,-0.03332600000000008,-0.016720999999999986,0.0027509999999999965
2011.6988,-0.03329599999999999,-0.015461000000000003,-7.000000000000062e-05
2011.7016,-0.03435700000000008,-0.01632,0.002807999999999998
2011.7043,-0.033816999999999986,-0.017533999999999994,0.0015900000000000011
2011.707,-0.033393000000000006,-0.015434000000000003,0.005493999999999999
2011.7098,-0.03153100000000009,-0.015681,0.004456000000000002
2011.7125,-0.03113100000000002,-0.016373000000000026,0.0029980000000000007
2011.7153,-0.03278900000000007,-0.015708,0.005638999999999998
2011.718,-0.03202000000000005,-0.017405999999999977,0.0010770000000000016
2011.7207,-0.03291200000000005,-0.018349000000000004,0.0005469999999999989
2011.7235,-0.034353999999999996,-0.017247999999999986,0.006844999999999997
2011.7262,-0.03306399999999998,-0.017718999999999985,0.007646
2011.729,-0.03432000000000002,-0.01763999999999999,0.006081999999999997
2011.7317,-0.033017000000000074,-0.018909999999999982,0.0011450000000000002
2011.7344,-0.03231600000000001,-0.02018700000000001,0.005195999999999999
2011.7372,-0.03201200000000004,-0.017562000000000022,-0.0009960000000000038
2011.7399,-0.032181000000000015,-0.01603199999999999,-0.0008589999999999987
2011.7426,-0.031658000000000075,-0.016050999999999982,0.002826999999999996
2011.7454,-0.03295199999999998,-0.017413999999999985,0.0061270000000000005
2011.7481,-0.03207199999999999,-0.017923999999999995,0.009681000000000002
2011.7509,-0.03287300000000004,-0.01877000000000001,0.005102999999999996
2011.7536,-0.033766000000000074,-0.022419999999999995,0.007217000000000001
2011.7563,-0.03289500000000001,-0.022469000000000017,0.003016999999999999
2011.7591,-0.034692000000000056,-0.020585999999999993,0.006822000000000002
2011.7618,-0.032721,-0.01889099999999999,0.007775999999999998
2011.7645,-0.03414400000000006,-0.019332000000000016,0.008599000000000002
2011.7673,-0.03354400000000002,-0.017938999999999983,-0.0038590000000000013
2011.77,-0.032604999999999995,-0.018415999999999988,0.004789000000000002
2011.7728,-0.034818000000000016,-0.018511999999999973,0.008495999999999997
2011.7755,-0.035680000000000045,-0.02110099999999998,0.00875
2011.7782,-0.03231800000000007,-0.017755999999999994,0.006644999999999998
2011.781,-0.03422600000000009,-0.018577999999999983,0.004637999999999996
2011.7837,-0.03344200000000008,-0.018228999999999995,0.004915000000000003
2011.7864,-0.032138,-0.018425999999999998,0.005285999999999999
2011.7892,-0.03189300000000006,-0.01883800000000002,-0.0015459999999999988
2011.7919,-0.031532000000000004,-0.018463000000000007,-0.002120999999999998
2011.7947,-0.031162000000000023,-0.018998000000000015,0.009043000000000002
2011.7974,-0.031526000000000054,-0.018100999999999978,0.0032189999999999996
2011.8001,-0.032201000000000035,-0.018730999999999998,0.005955000000000002
2011.8029,-0.03231200000000001,-0.018621999999999972,0.004159999999999997
2011.8056,-0.03203400000000001,-0.017840000000000023,0.0021079999999999988
2011.8084,-0.03107900000000008,-0.018241000000000007,0.003811000000000002
2011.8111,-0.03145399999999998,-0.017467999999999984,0.0007510000000000017
2011.8138,-0.03034199999999998,-0.01783499999999999,-0.007872999999999998
2011.8166,-0.03117700000000001,-0.018508999999999998,-0.0025099999999999983
2011.8193,-0.03342200000000006,-0.01771600000000001,-0.00046700000000000214
2011.822,-0.031518000000000046,-0.01755699999999999,0.0019730000000000025
2011.8248,-0.03317100000000006,-0.020031999999999994,0.006740999999999997
2011.8275,-0.033492999999999995,-0.018816999999999973,-0.0006390000000000007
2011.8303,-0.03367500000000001,-0.01746399999999998,0.008918000000000002
2011.833,-0.031604000000000076,-0.01922600000000002,-0.006584
2011.8357,-0.03152200000000005,-0.020726999999999995,0.004695999999999999
2011.8385,-0.03363700000000003,-0.019645999999999997,0.0010809999999999986
2011.8412,-0.03431300000000004,-0.020436999999999983,0.004852000000000002
2011.8439,-0.034619999999999984,-0.019340000000000024,0.0062419999999999976
2011.8467,-0.033241000000000076,-0.019565,0.0013769999999999963
2011.8494,-0.032917000000000085,-0.021942000000000017,0.0018279999999999963
2011.8522,-0.03283900000000006,-0.018762999999999974,-0.003967999999999999
2011.8549,-0.03457200000000005,-0.018230000000000024,-0.0016969999999999971
2011.8576,-0.03319800000000006,-0.019801999999999986,0.005423999999999998
2011.8604,-0.035111,-0.02013100000000001,0.006089999999999998
2011.8631,-0.034555,-0.022216000000000014,0.009543999999999997
2011.8658,-0.03517300000000001,-0.019629000000000008,0.008101999999999998
2011.8686,-0.03615500000000005,-0.02053100000000002,0.005727999999999997
2011.8713,-0.03440600000000005,-0.019907000000000008,0.0018900000000000028
2011.8741,-0.03288500000000005,-0.01841100000000001,0.0014139999999999986
2011.8768,-0.03254299999999999,-0.018778000000000017,0.0074810000000000015
2011.8795,-0.03250900000000001,-0.018701000000000023,-0.0005360000000000018
2011.8823,-0.03345700000000007,-0.018467999999999984,0.008174
2011.885,-0.03102500000000008,-0.01925300000000002,0.003361000000000003
2011.8877,-0.030403999999999987,-0.022851999999999983,0.006832999999999999
2011.8905,-0.030569999999999986,-0.024141999999999997,0.009912999999999998
2011.8932,-0.031205000000000038,-0.022096999999999978,0.007227999999999998
2011.896,-0.03248099999999998,-0.020789999999999975,0.004980999999999999
2011.8987,-0.031389,-0.019872,0.0006379999999999997
2011.9014,-0.029955000000000065,-0.01889200000000002,0.0018489999999999965
2011.9042,-0.02868599999999999,-0.02108500000000002,-0.003162999999999999
2011.9069,-0.030544000000000016,-0.019915000000000016,-0.007831999999999999
2011.9097,-0.030815000000000037,-0.020133000000000012,-0.004913000000000001
2011.9124,-0.032999,-0.019838000000000022,0.002925999999999998
2011.9151,-0.02921700000000005,-0.01647700000000002,-0.006305999999999999
2011.9179,-0.031810000000000005,-0.019218000000000013,-0.0016260000000000024
2011.9206,-0.030335,-0.01980700000000002,-0.0020669999999999994
2011.9233,-0.03108500000000003,-0.020923000000000025,-0.008003000000000003
2011.9261,-0.02948800000000007,-0.021199999999999997,-0.0050030000000000005
2011.9288,-0.03233600000000003,-0.022868,0.0033229999999999996
2011.9316,-0.03151700000000002,-0.019774999999999987,0.00037399999999999933
2011.9343,-0.03050799999999998,-0.019185000000000008,-0.0010490000000000013
2011.937,-0.02823500000000001,-0.018901999999999974,-0.003973999999999998
2011.9398,-0.030797999999999992,-0.019347999999999976,0.003011
2011.9425,-0.03107900000000008,-0.020587999999999995,-0.0019549999999999984
2011.9452,-0.03084600000000004,-0.018608999999999987,-0.0008340000000000014
2011.948,-0.03095199999999998,-0.020121,0.005407000000000002
2011.9507,-0.03121700000000005,-0.020065999999999973,0.0009419999999999984
2011.9535,-0.03288900000000006,-0.021469000000000016,-0.0006120000000000014
2011.9562,-0.030505000000000004,-0.021857000000000015,-0.0028649999999999995
2011.9589,-0.029172000000000087,-0.020648,-0.0062450000000000006
2011.9617,-0.030480000000000063,-0.019896999999999998,0.0007329999999999975
2011.9644,-0.03265400000000007,-0.021787,0.0007529999999999967
2011.9671,-0.03146199999999999,-0.020869000000000026,-0.0007500000000000007
2011.9699,-0.03236800000000006,-0.019853999999999983,-0.008518999999999999
2011.9726,-0.030108000000000024,-0.019498000000000015,-0.006872999999999997
2011.9754,-0.030557000000000056,-0.021774000000000016,0.0016979999999999981
2011.9781,-0.031718000000000024,-0.022743000000000013,-0.0048850000000000005
2011.9808,-0.03364300000000009,-0.023608000000000018,-0.0001810000000000006
2011.9836,-0.031195000000000084,-0.023598000000000008,-0.0030080000000000037
2011.9863,-0.030002000000000084,-0.022652000000000005,-0.002803
2011.989,-0.031955999999999984,-0.024146,0.009264000000000001
2011.9918,-0.03160300000000005,-0.022258,0.003159999999999996
2011.9945,-0.033546999999999993,-0.02260200000000001,0.0028610000000000024
2011.9973,-0.033192,-0.020197999999999994,-0.0026540000000000036
2012.0,-0.031806,-0.019911999999999985,-0.004094
2012.0027,-0.03146900000000008,-0.022812,-0.005804999999999998
2012.0055,-0.03246300000000002,-0.023363999999999996,-0.004982
2012.0082,-0.03231899999999999,-0.02356999999999998,-0.004094
2012.011,-0.03385300000000002,-0.020894999999999997,-0.003174000000000003
2012.0137,-0.03350400000000009,-0.020060000000000022,-0.004409000000000003
2012.0164,-0.034295000000000075,-0.020143999999999995,-0.010028000000000002
2012.0192,-0.031833,-0.021438000000000013,-0.007634000000000002
2012.0219,-0.03393900000000005,-0.020704,-0.010412000000000001
2012.0246,-0.034069000000000016,-0.019641999999999993,-0.0026580000000000006
2012.0274,-0.02986500000000003,-0.018011999999999972,-0.010856000000000001
2012.0301,-0.02974700000000008,-0.01591100000000001,-0.006086000000000001
2012.0329,-0.031293000000000015,-0.01900099999999999,-0.003731999999999999
2012.0356,-0.031943000000000055,-0.019145000000000023,0.002008999999999997
2012.0383,-0.03315800000000002,-0.019172000000000022,-0.012656
2012.0411,-0.03363100000000008,-0.02104299999999998,-0.0033200000000000035
2012.0438,-0.032721,-0.022146,-0.0014030000000000015
2012.0465,-0.03171299999999999,-0.020957000000000003,0.0029479999999999992
2012.0493,-0.031711000000000045,-0.02107500000000001,0.0070179999999999965
2012.052,-0.031195000000000084,-0.022453999999999974,0.003806999999999998
2012.0548,-0.03319700000000003,-0.022121999999999975,0.010741
2012.0575,-0.032023000000000024,-0.02337499999999998,-0.0012150000000000008
2012.0602,-0.032667,-0.02007500000000001,-0.002928
2012.063,-0.03148300000000004,-0.020525000000000015,0.002371999999999999
2012.0657,-0.03311700000000006,-0.024558999999999997,-0.006194999999999999
2012.0684,-0.03196100000000002,-0.019098000000000004,-0.0061230000000000034
2012.0712,-0.03104499999999999,-0.017705000000000026,-0.010414
2012.0739,-0.03052100000000002,-0.019176000000000026,-0.007237
2012.0767,-0.030366000000000004,-0.020901000000000003,-0.003574000000000001
2012.0794,-0.03255800000000009,-0.022482999999999975,0.0007329999999999975
2012.0821,-0.03213300000000008,-0.019747999999999988,-0.0018970000000000029
2012.0849,-0.030897000000000063,-0.019986000000000004,0.001015999999999996
2012.0876,-0.03203699999999998,-0.01744699999999999,-0.007668000000000001
2012.0903,-0.031617000000000006,-0.016187000000000007,-0.00022600000000000398
2012.0931,-0.03241100000000008,-0.01897500000000002,-0.007199999999999998
2012.0958,-0.03272800000000009,-0.019540000000000002,-0.006071
2012.0986,-0.032281000000000004,-0.017768000000000006,-0.002695000000000003
2012.1013,-0.03313200000000005,-0.017388000000000015,-0.004950999999999997
2012.104,-0.034627000000000074,-0.021685999999999983,-0.003486000000000003
2012.1068,-0.035310000000000064,-0.02033600000000002,-0.005731
2012.1095,-0.03432299999999999,-0.02208500000000002,-0.008827000000000002
2012.1123,-0.033116000000000034,-0.020432000000000006,-0.007176000000000002
2012.115,-0.03473400000000004,-0.02030900000000002,-0.010662999999999999
2012.1177,-0.03617500000000007,-0.02008700000000002,-0.003838000000000001
2012.1205,-0.03661700000000001,-0.02191700000000002,-0.0019339999999999982
2012.1232,-0.035619999999999985,-0.01808399999999999,-0.006147
2012.1259,-0.03429599999999999,-0.020780999999999994,-0.010726
2012.1287,-0.03499200000000002,-0.019706,-0.0072590000000000016
2012.1314,-0.035429000000000044,-0.02039200000000002,-0.011182000000000001
2012.1342,-0.03548300000000004,-0.019081000000000015,-0.004848999999999999
2012.1369,-0.03534400000000004,-0.017813000000000023,-0.005825999999999998
2012.1396,-0.034559000000000006,-0.022044000000000008,-0.012074000000000001
2012.1424,-0.03776900000000005,-0.021938000000000013,-0.008087999999999998
2012.1451,-0.036085000000000034,-0.019793000000000005,-0.009416
2012.1478,-0.035527000000000086,-0.020239000000000007,-0.01115
2012.1506,-0.037358,-0.020235000000000003,-0.010440000000000001
2012.1533,-0.036005000000000065,-0.019982999999999973,-0.011618
2012.1561,-0.03520100000000004,-0.020710000000000006,-0.003915000000000002
2012.1588,-0.03572900000000001,-0.021150000000000002,-0.0030019999999999977
2012.1615,-0.03718600000000005,-0.024183999999999983,-0.009614000000000001
2012.1643,-0.036918000000000006,-0.01929900000000001,-0.013065
2012.167,-0.03686800000000001,-0.019772000000000012,-0.006092
2012.1697,-0.03631300000000004,-0.019925000000000026,-0.009267000000000001
2012.1725,-0.03637000000000001,-0.018780999999999992,-0.008569
2012.1752,-0.03685100000000008,-0.02016800000000002,-0.004739
2012.178,-0.038807000000000036,-0.01767000000000002,-0.012418000000000002
2012.1807,-0.03554900000000005,-0.017494999999999983,-0.009171000000000002
2012.1834,-0.036395000000000066,-0.019121999999999972,-0.008522000000000002
2012.1862,-0.035043000000000046,-0.017388999999999988,-0.0016100000000000003
2012.1889,-0.03504800000000008,-0.020069000000000004,-0.0028929999999999997
2012.1916,-0.038384000000000085,-0.02280399999999999,-0.004914000000000002
2012.1944,-0.03518399999999999,-0.022280999999999995,-5.000000000000143e-05
2012.1971,-0.03828799999999999,-0.02302900000000002,-0.0020970000000000016
2012.1999,-0.03585100000000008,-0.019789,-0.005831000000000003
2012.2026,-0.03550900000000001,-0.021482,-0.005852999999999997
2012.2053,-0.03597300000000003,-0.021125999999999978,-0.001008000000000002
2012.2081,-0.03607300000000002,-0.018583000000000016,-0.0036329999999999973
2012.2108,-0.03514800000000007,-0.018934000000000006,-0.008775000000000002
2012.2136,-0.03677700000000006,-0.020071000000000006,-0.010341
2012.2163,-0.036335000000000006,-0.02016000000000001,-0.006878000000000002
2012.219,-0.037768000000000024,-0.01853100000000002,-0.009048
2012.2218,-0.03825400000000001,-0.01902799999999999,-0.010350999999999999
2012.2245,-0.037104000000000026,-0.017081000000000013,-0.007997999999999998
2012.2272,-0.03758499999999998,-0.020052999999999988,-0.010737
2012.23,-0.03602800000000006,-0.018788000000000027,-0.004451999999999998
2012.2327,-0.0373,-0.01894800000000002,-0.004201000000000003
2012.2355,-0.035773000000000055,-0.023367000000000027,-0.0017080000000000012
2012.2382,-0.036595000000000044,-0.021672999999999998,-0.008269000000000002
2012.2409,-0.035866000000000064,-0.023183999999999982,-0.006052000000000002
2012.2437,-0.037150000000000016,-0.020278000000000018,-0.010151
2012.2464,-0.03648499999999999,-0.021351999999999982,-0.008057000000000002
2012.2491,-0.03806200000000004,-0.021231999999999973,-0.008809
2012.2519,-0.03636600000000001,-0.01827099999999998,-0.005594000000000002
2012.2546,-0.03471100000000005,-0.020087999999999995,-0.011581000000000001
2012.2574,-0.036706000000000016,-0.018446000000000018,-0.012058
2012.2601,-0.037303000000000086,-0.019206,-0.009112000000000002
2012.2628,-0.03759800000000002,-0.019170999999999994,-0.00938
2012.2656,-0.03775000000000006,-0.020199999999999996,-0.013299000000000002
2012.2683,-0.03660300000000005,-0.01779599999999998,-0.013925
2012.271,-0.03621400000000008,-0.01812999999999998,-0.009828
2012.2738,-0.03584799999999999,-0.01853300000000002,-0.012740999999999999
2012.2765,-0.03900300000000001,-0.019546000000000008,-0.004815
2012.2793,-0.03696200000000005,-0.02101900000000001,-0.007876000000000001
2012.282,-0.03688900000000006,-0.017363000000000017,-0.007916
2012.2847,-0.03636100000000009,-0.01897199999999999,-0.004920000000000001
2012.2875,-0.03623900000000002,-0.017981999999999998,-0.008723000000000002
2012.2902,-0.03714700000000004,-0.019010000000000027,-0.009233000000000002
2012.293,-0.037847000000000075,-0.01886500000000002,-0.008809
2012.2957,-0.03738000000000008,-0.01826899999999998,-0.012381
2012.2984,-0.03803400000000001,-0.01866699999999999,-0.011216
2012.3012,-0.037621000000000016,-0.018228000000000022,-0.008972
2012.3039,-0.03582400000000008,-0.01938000000000001,-0.009393000000000002
2012.3066,-0.03664600000000007,-0.01799400000000001,-0.006888999999999999
2012.3094,-0.03569600000000006,-0.017681000000000002,-0.010621000000000002
2012.3121,-0.03612199999999999,-0.017988999999999977,-0.004189999999999999
2012.3149,-0.03589700000000007,-0.020882999999999985,-0.013423000000000001
2012.3176,-0.03714200000000001,-0.01947399999999999,-0.003927
2012.3203,-0.03836000000000006,-0.016697000000000017,-0.005195999999999999
2012.3231,-0.035971000000000086,-0.018017000000000005,-0.007949999999999999
2012.3258,-0.03575800000000007,-0.01672600000000002,-0.008181
2012.3285,-0.040564000000000044,-0.019110000000000016,4.900000000000043e-05
2012.3313,-0.04001100000000002,-0.018623,-0.005819999999999999
2012.334,-0.037939000000000056,-0.017249000000000014,-0.007036000000000001
2012.3368,-0.03917300000000001,-0.018091999999999997,-0.006676000000000001
2012.3395,-0.037744,-0.01697700000000002,-0.005519999999999997
2012.3422,-0.03718300000000008,-0.018230999999999997,-0.012624
2012.345,-0.03568199999999999,-0.015112999999999988,-0.012910999999999999
2012.3477,-0.038049,-0.016762,-0.011715
2012.3504,-0.036878999999999995,-0.01721299999999998,-0.008699000000000002
2012.3532,-0.040331000000000006,-0.016305999999999987,-0.015419000000000002
2012.3559,-0.03948700000000005,-0.01766699999999999,-0.011047000000000001
2012.3587,-0.038410000000000055,-0.016508000000000023,-0.010637
2012.3614,-0.03799000000000008,-0.015801999999999983,-0.011495000000000002
2012.3641,-0.03801600000000005,-0.01613300000000001,-0.011896
2012.3669,-0.03961900000000007,-0.017365999999999993,-0.011059
2012.3696,-0.03828900000000002,-0.016071000000000002,-0.010879
2012.3723,-0.03799800000000009,-0.016257999999999995,-0.005810000000000003
2012.3751,-0.03787600000000002,-0.01591300000000001,-0.010513999999999999
2012.3778,-0.03874,-0.015293000000000001,-0.012782000000000002
2012.3806,-0.040132000000000057,-0.016347999999999974,-0.010194000000000002
2012.3833,-0.03970700000000005,-0.015867999999999993,-0.0048819999999999975
2012.386,-0.03942500000000004,-0.01652199999999998,-0.0028559999999999974
2012.3888,-0.03989700000000007,-0.01650400000000002,-0.007752000000000002
2012.3915,-0.03959900000000005,-0.016629999999999978,-0.003844
2012.3943,-0.03970000000000007,-0.016010000000000024,-0.007873999999999999
2012.397,-0.040059999999999985,-0.015214999999999979,-0.014376
2012.3997,-0.03980899999999998,-0.016351999999999978,-0.010157
2012.4025,-0.03972500000000001,-0.015510999999999997,-0.005295000000000001
2012.4052,-0.04042100000000004,-0.014473999999999987,-0.004407000000000001
2012.4079,-0.04009800000000008,-0.015042,-0.010534000000000002
2012.4107,-0.03992200000000001,-0.01577400000000001,-0.011793999999999999
2012.4134,-0.03961300000000001,-0.015473000000000015,-0.005311999999999997
2012.4162,-0.03900199999999998,-0.014014000000000026,-0.0023289999999999977
2012.4189,-0.038914000000000004,-0.014378000000000002,-0.004233000000000001
2012.4216,-0.03870300000000004,-0.013575999999999977,-0.004982
2012.4244,-0.039318000000000075,-0.015834000000000015,-0.0036310000000000023
2012.4271,-0.039511000000000074,-0.014950999999999992,-0.004345000000000002
2012.4298,-0.03737200000000007,-0.014691999999999983,-0.005028999999999999
2012.4326,-0.03959299999999999,-0.015679,-0.006432
2012.4353,-0.03837299999999999,-0.015143000000000018,-0.007879999999999998
2012.4381,-0.03864699999999999,-0.017112000000000016,-0.0047729999999999995
2012.4408,-0.03914400000000007,-0.017593000000000025,-0.009197
2012.4435,-0.037654999999999994,-0.015801999999999983,-0.007009000000000001
2012.4463,-0.03869,-0.014558999999999989,-0.006966
2012.449,-0.03850399999999998,-0.016664000000000012,-0.010232999999999999
2012.4517,-0.03902899999999998,-0.015990000000000004,-0.0072549999999999976
2012.4545,-0.037793999999999994,-0.015678000000000025,-0.009568
2012.4572,-0.03648400000000007,-0.016869000000000023,-0.009773
2012.46,-0.03972000000000009,-0.017114000000000018,-0.0025299999999999975
2012.4627,-0.039192000000000005,-0.014502999999999988,-0.0026390000000000025
2012.4654,-0.038012000000000046,-0.014990000000000003,-0.007341
2012.4682,-0.03803600000000007,-0.013475999999999988,-0.0029930000000000026
2012.4709,-0.038905999999999996,-0.013432,-0.0035630000000000037
2012.4736,-0.03832500000000005,-0.015255999999999992,0.0020799999999999985
2012.4764,-0.037700999999999985,-0.015569999999999973,-0.005243999999999999
2012.4791,-0.03950799999999999,-0.014527999999999985,-0.005611999999999999
2012.4819,-0.036986000000000074,-0.01591999999999999,-0.006026999999999998
2012.4846,-0.03736499999999998,-0.015429000000000026,-0.004958999999999998
2012.4873,-0.03670200000000001,-0.016434000000000004,-0.005094000000000001
2012.4901,-0.03716600000000003,-0.013950999999999991,-0.0027469999999999994
2012.4928,-0.038932999999999995,-0.012996000000000008,-0.0033470000000000028
2012.4956,-0.038856,-0.015525000000000011,-0.004358000000000001
2012.4983,-0.037866000000000066,-0.013002000000000014,-0.0037690000000000015
2012.501,-0.03851199999999999,-0.014724999999999988,-0.0009510000000000005
2012.5038,-0.04080600000000001,-0.014581999999999984,-0.0018649999999999986
2012.5065,-0.038648000000000016,-0.013851999999999975,-0.004968
2012.5092,-0.04036000000000006,-0.012728000000000017,-0.004927000000000001
2012.512,-0.037852,-0.014062999999999992,-0.009060000000000002
2012.5147,-0.03666999999999998,-0.014724999999999988,-0.005419
2012.5175,-0.036615000000000064,-0.01406099999999999,-0.003578999999999999
2012.5202,-0.03870499999999999,-0.013550000000000006,-0.006344000000000002
2012.5229,-0.038436000000000026,-0.01389499999999999,-0.005762000000000003
2012.5257,-0.036926000000000014,-0.014622000000000024,-0.0036670000000000036
2012.5284,-0.038205000000000044,-0.014278000000000013,-0.004965999999999998
2012.5311,-0.03811500000000001,-0.012979999999999992,-0.0057950000000000015
2012.5339,-0.03736600000000001,-0.013552000000000008,-0.002257000000000002
2012.5366,-0.03860700000000006,-0.014400000000000024,0.0005929999999999963
2012.5394,-0.03864699999999999,-0.015749000000000013,0.00011499999999999705
2012.5421,-0.04029000000000005,-0.013017999999999974,0.0005150000000000016
2012.5448,-0.04066500000000006,-0.014322999999999975,-0.004531
2012.5476,-0.039278000000000035,-0.011886000000000008,-0.00955
2012.5503,-0.03992899999999999,-0.01209300000000002,-0.0066840000000000024
2012.553,-0.039178000000000046,-0.012807000000000013,-0.0031100000000000017
2012.5558,-0.03992000000000007,-0.012722000000000011,0.001457
2012.5585,-0.03982300000000005,-0.011299000000000003,-0.008719000000000001
2012.5613,-0.038522000000000056,-0.012077000000000004,-0.006942999999999998
2012.564,-0.03973100000000007,-0.013400999999999996,-0.006443999999999998
2012.5667,-0.039337999999999984,-0.013737,-0.006905000000000001
2012.5695,-0.04090000000000005,-0.014506000000000019,-0.004400000000000001
2012.5722,-0.03983800000000004,-0.014508999999999994,-0.005513999999999998
2012.5749,-0.038668000000000036,-0.014506999999999992,-0.0006079999999999974
2012.5777,-0.03785100000000008,-0.013465000000000005,0.00037199999999999733
2012.5804,-0.03724000000000005,-0.012705999999999995,-0.003932999999999999
2012.5832,-0.03758000000000006,-0.015091999999999994,-0.0054459999999999995
2012.5859,-0.03727200000000008,-0.014454000000000022,-0.006949000000000004
2012.5886,-0.03916300000000006,-0.014595999999999998,0.005583999999999999
2012.5914,-0.03922700000000001,-0.012851000000000001,-0.00026700000000000335
2012.5941,-0.038218000000000085,-0.013180000000000025,-0.002591000000000003
2012.5969,-0.03889799999999999,-0.012863000000000013,0.001358999999999999
2012.5996,-0.03780400000000006,-0.014044999999999974,0.0006419999999999967
2012.6023,-0.037439,-0.01239800000000002,-0.002716999999999997
2012.6051,-0.037622000000000044,-0.014151000000000025,0.0012209999999999999
2012.6078,-0.03912800000000005,-0.015888000000000013,0.0013190000000000007
2012.6105,-0.03860000000000008,-0.014624999999999999,0.0018209999999999962
2012.6133,-0.038714000000000026,-0.013019999999999976,-7.599999999999968e-05
2012.616,-0.03812199999999999,-0.013639000000000012,0.0019679999999999975
2012.6188,-0.037828000000000084,-0.013502000000000014,-0.003134999999999999
2012.6215,-0.038605,-0.013355000000000006,0.00012799999999999617
2012.6242,-0.03787600000000002,-0.014631000000000005,0.0018530000000000005
2012.627,-0.03842600000000007,-0.014025999999999983,0.0044500000000000026
2012.6297,-0.03701700000000008,-0.014668999999999988,0.0035649999999999987
2012.6324,-0.038583000000000034,-0.017037999999999998,0.002818000000000001
2012.6352,-0.03730900000000004,-0.014195000000000013,0.0024039999999999964
2012.6379,-0.03744100000000006,-0.014849999999999974,-0.0026450000000000015
2012.6407,-0.03775600000000001,-0.014898999999999996,0.0008499999999999966
2012.6434,-0.03793800000000003,-0.015058999999999989,0.0010319999999999982
2012.6461,-0.03705600000000009,-0.015629999999999977,-0.0001840000000000036
2012.6489,-0.03751400000000005,-0.016716999999999982,0.0015109999999999985
2012.6516,-0.037085000000000035,-0.017353000000000007,0.003011
2012.6543,-0.03723200000000004,-0.015216000000000007,-7.900000000000268e-05
2012.6571,-0.03689399999999998,-0.016674000000000022,0.004977000000000002
2012.6598,-0.03831499999999999,-0.015859999999999985,0.008402
2012.6626,-0.03704099999999999,-0.016905999999999977,0.005141
2012.6653,-0.03820699999999999,-0.015342000000000022,0.0026539999999999966
2012.668,-0.03727800000000003,-0.01629999999999998,0.0019889999999999977
2012.6708,-0.03705999999999998,-0.015901,0.00017500000000000154
2012.6735,-0.03608699999999998,-0.017187000000000008,0.0011680000000000024
2012.6762,-0.03839800000000004,-0.01707700000000001,0.0037929999999999978
2012.679,-0.037972000000000006,-0.018425000000000025,-0.0006670000000000009
2012.6817,-0.037940000000000085,-0.016040999999999972,0.003008999999999998
2012.6845,-0.03797800000000007,-0.015818,0.005401999999999997
2012.6872,-0.037937,-0.017820000000000003,0.003963000000000001
2012.6899,-0.03723600000000005,-0.018060999999999994,0.005416999999999998
2012.6927,-0.03718200000000005,-0.019172000000000022,0.005329
2012.6954,-0.03718100000000002,-0.015392000000000017,-0.0005949999999999983
2012.6982,-0.03537200000000007,-0.015525000000000011,-0.009815
2012.7009,-0.03672900000000001,-0.017262999999999973,-0.0012590000000000032
2012.7036,-0.03773100000000007,-0.01747500000000002,-0.004057999999999999
2012.7064,-0.03658000000000006,-0.018818,0.0010620000000000004
2012.7091,-0.037165000000000004,-0.018529000000000018,-0.009909000000000001
2012.7118,-0.03730900000000004,-0.01655000000000001,-0.0018390000000000004
2012.7146,-0.03900500000000007,-0.01750299999999999,0.0011689999999999964
2012.7173,-0.03847800000000001,-0.018228000000000022,0.0031860000000000013
2012.7201,-0.03832200000000008,-0.019257000000000024,0.006634000000000001
2012.7228,-0.03834599999999999,-0.02121099999999998,0.0033450000000000008
2012.7255,-0.03812100000000007,-0.01886300000000002,-0.0027659999999999976
2012.7283,-0.039184,-0.019291999999999976,0.0029609999999999984
2012.731,-0.03895500000000007,-0.018884999999999985,-0.0013029999999999986
2012.7337,-0.03508600000000006,-0.018166000000000015,0.0015179999999999985
2012.7365,-0.036482000000000014,-0.019621999999999973,0.005947000000000001
2012.7392,-0.03716800000000009,-0.018776999999999988,-0.0033340000000000036
2012.742,-0.037689000000000084,-0.019674999999999998,0.0007109999999999964
2012.7447,-0.03747900000000004,-0.020855999999999986,0.0036790000000000017
2012.7474,-0.03819400000000006,-0.020089999999999997,-0.004201000000000003
2012.7502,-0.036636,-0.018245999999999984,-0.0019780000000000006
2012.7529,-0.03971400000000003,-0.01772299999999999,0.0036730000000000027
2012.7556,-0.03628399999999998,-0.01711299999999999,0.0031839999999999993
2012.7584,-0.03890300000000002,-0.016081999999999985,-3.100000000000325e-05
2012.7611,-0.03712800000000005,-0.017849999999999977,0.004257999999999998
2012.7639,-0.035600000000000076,-0.018098000000000003,0.001577000000000002
2012.7666,-0.035548000000000024,-0.017923000000000022,0.003143
2012.7693,-0.03663900000000009,-0.01946500000000001,0.004428000000000001
2012.7721,-0.03748499999999999,-0.019226999999999994,0.007345999999999998
2012.7748,-0.037370000000000014,-0.017772999999999983,0.0035390000000000005
2012.7775,-0.03580700000000003,-0.01911299999999999,0.0028349999999999972
2012.7803,-0.03636499999999998,-0.01836199999999999,0.003272999999999998
2012.783,-0.036217000000000055,-0.019131999999999982,0.005407000000000002
2012.7858,-0.037847000000000075,-0.01924300000000001,0.007348
2012.7885,-0.040067000000000075,-0.02174999999999999,0.0032960000000000003
2012.7912,-0.03813500000000003,-0.017448999999999992,0.0063469999999999985
2012.794,-0.03643200000000002,-0.019641999999999993,-0.0020869999999999986
2012.7967,-0.03678300000000001,-0.02016499999999999,-0.005981
2012.7995,-0.038251000000000035,-0.021345000000000003,0.007391000000000002
2012.8022,-0.03992000000000007,-0.017928999999999973,0.004591999999999999
2012.8049,-0.03816300000000006,-0.018940000000000012,0.007274999999999997
2012.8077,-0.03795700000000002,-0.018720999999999988,0.004980999999999999
2012.8104,-0.037218000000000084,-0.019535000000000025,0.004535999999999998
2012.8131,-0.03636800000000007,-0.018208000000000002,-0.0024020000000000014
2012.8159,-0.03554600000000008,-0.019764000000000004,-0.0008490000000000025
2012.8186,-0.035633000000000026,-0.018940000000000012,-0.0020620000000000013
2012.8214,-0.036223000000000005,-0.019093000000000027,-0.0037570000000000034
2012.8241,-0.03590300000000002,-0.021411000000000013,-0.002494000000000003
2012.8268,-0.036495000000000055,-0.022156999999999982,-0.0056799999999999976
2012.8296,-0.036775,-0.023297000000000012,-0.0019609999999999975
2012.8323,-0.03814300000000004,-0.02699299999999999,-0.009284
2012.835,-0.03679200000000005,-0.023399000000000003,-0.00012199999999999711
2012.8378,-0.036659,-0.02029700000000001,-0.0055699999999999986
2012.8405,-0.037059000000000064,-0.022635000000000016,-0.0020760000000000015
2012.8433,-0.03495599999999999,-0.02206999999999998,-0.002447999999999999
2012.846,-0.03478000000000003,-0.022529999999999994,-0.009776
2012.8487,-0.03441700000000003,-0.022260000000000002,-0.008856
2012.8515,-0.03690700000000002,-0.022141999999999995,-0.004676
2012.8542,-0.036688000000000054,-0.02022299999999999,-0.007597
2012.8569,-0.037051000000000056,-0.022040000000000004,-0.0026260000000000033
2012.8597,-0.035380999999999996,-0.02187,-0.0008470000000000005
2012.8624,-0.03486,-0.023533000000000026,-0.0030950000000000005
2012.8652,-0.03580100000000008,-0.022712999999999983,-0.005756999999999998
2012.8679,-0.036170000000000035,-0.019040999999999975,-0.006485999999999999
2012.8706,-0.03500200000000009,-0.021513000000000004,-0.005937999999999999
2012.8734,-0.03464699999999998,-0.022119,-0.008806999999999999
2012.8761,-0.03494300000000006,-0.022202,9.30000000000028e-05
2012.8789,-0.03559500000000004,-0.025529999999999997,-0.001121999999999998
2012.8816,-0.03565099999999999,-0.024038000000000004,0.003257000000000003
2012.8843,-0.03690700000000002,-0.02408899999999997,0.0001419999999999963
2012.8871,-0.03642500000000004,-0.024303999999999992,-0.0036339999999999983
2012.8898,-0.03600599999999998,-0.024220999999999993,-0.0015309999999999976
2012.8925,-0.036501000000000006,-0.019565999999999972,-0.00537
2012.8953,-0.03365800000000008,-0.022036,-0.006335
2012.898,-0.03498600000000007,-0.023106000000000015,-0.006177000000000002
2012.9008,-0.034693000000000085,-0.021272999999999986,-0.007819
2012.9035,-0.034134,-0.020710000000000006,-0.002474999999999998
2012.9062,-0.03471100000000005,-0.021523000000000014,-3.100000000000325e-05
2012.909,-0.035070000000000046,-0.02419199999999999,0.0001979999999999968
2012.9117,-0.034262000000000015,-0.02839999999999998,-0.0010500000000000023
2012.9144,-0.03526400000000007,-0.025476,-0.004869999999999999
2012.9172,-0.036798,-0.025009000000000003,0.001118000000000001
2012.9199,-0.03810800000000003,-0.02449800000000002,0.006332999999999998
2012.9227,-0.03546300000000002,-0.02676299999999998,-0.003720000000000001
2012.9254,-0.03653099999999998,-0.02688600000000002,0.0020550000000000013
2012.9281,-0.03626600000000002,-0.023052000000000017,-0.0033460000000000018
2012.9309,-0.03692700000000004,-0.022592999999999974,-0.005514999999999999
2012.9336,-0.037330000000000085,-0.021299999999999986,-0.005526999999999997
2012.9363,-0.03590400000000005,-0.022637000000000018,-0.006822000000000002
2012.9391,-0.03669800000000001,-0.021065999999999974,-0.006366000000000004
2012.9418,-0.037866000000000066,-0.022650000000000003,-0.006768000000000003
2012.9446,-0.03722599999999998,-0.023367000000000027,-0.0025270000000000015
2012.9473,-0.03698000000000001,-0.02315600000000001,-0.0020859999999999976
2012.95,-0.03729199999999999,-0.022865999999999997,-0.0009110000000000021
2012.9528,-0.03661200000000009,-0.023245000000000016,0.0008610000000000007
2012.9555,-0.03905599999999998,-0.023567999999999978,-0.003609000000000001
2012.9582,-0.038714000000000026,-0.023604000000000014,0.00047599999999999726
2012.961,-0.037244000000000055,-0.021616999999999997,0.0015929999999999972
2012.9637,-0.03946500000000008,-0.02497100000000002,-0.018004
2012.9665,-0.035878000000000076,-0.024502999999999997,-0.0033349999999999977
2012.9692,-0.03728900000000002,-0.025818000000000008,-0.009661
2012.9719,-0.03898299999999999,-0.024100999999999984,-0.0009199999999999972
2012.9747,-0.03920800000000002,-0.025241000000000013,-0.0002139999999999989
2012.9774,-0.037224000000000035,-0.021870999999999974,-0.011167
2012.9802,-0.03683200000000009,-0.021571000000000007,-0.005537
2012.9829,-0.03578700000000001,-0.02294400000000002,-0.007504000000000004
2012.9856,-0.037283999999999984,-0.02207300000000001,0.0020519999999999983
2012.9884,-0.037336000000000036,-0.023164000000000018,-0.009268000000000002
2012.9911,-0.035893000000000064,-0.022614000000000023,-0.007550000000000001
2012.9938,-0.03656199999999998,-0.022063999999999973,-0.011434
2012.9966,-0.03739500000000007,-0.02257999999999999,-0.009178000000000002
2012.9993,-0.03629300000000002,-0.023338000000000025,-0.011101
2013.0021,-0.03629100000000007,-0.02204600000000001,-0.012560000000000002
2013.0048,-0.035733000000000015,-0.02128599999999997,-0.009516
2013.0075,-0.03555600000000003,-0.021467000000000014,-0.006376
2013.0103,-0.03421400000000008,-0.023351999999999984,-0.008112000000000001
2013.013,-0.03728100000000001,-0.024341999999999975,-0.012102000000000002
2013.0157,-0.03657200000000005,-0.023558999999999997,-0.004846000000000003
2013.0185,-0.03697100000000009,-0.02365400000000001,-0.006482000000000002
2013.0212,-0.037455000000000016,-0.02352700000000002,-0.007767000000000003
2013.024,-0.03685700000000003,-0.024886999999999992,-0.009106
2013.0267,-0.037927000000000044,-0.023216999999999988,-0.0116
2013.0294,-0.03756500000000007,-0.021660999999999986,-0.016029
2013.0322,-0.036798,-0.02230199999999999,-0.009336
2013.0349,-0.036177000000000015,-0.022890999999999995,-0.013769
2013.0376,-0.035693000000000086,-0.02305600000000002,-0.011491000000000001
2013.0404,-0.034389,-0.022231999999999974,-0.010112
2013.0431,-0.03423300000000007,-0.024251000000000023,-0.016897
2013.0459,-0.03518100000000002,-0.023133999999999988,-0.012909
2013.0486,-0.03606700000000007,-0.021880999999999984,-0.014218000000000001
2013.0513,-0.035887,-0.021235000000000004,-0.011037000000000002
2013.0541,-0.036469000000000085,-0.02243099999999998,-0.014093999999999999
2013.0568,-0.03639300000000001,-0.022948000000000024,-0.008889000000000001
2013.0595,-0.035429000000000044,-0.024343000000000004,-0.008768999999999999
2013.0623,-0.03620000000000001,-0.02435799999999999,-0.017362
2013.065,-0.03645799999999999,-0.02343200000000001,-0.012737000000000002
2013.0678,-0.03666400000000003,-0.02294099999999999,-0.005402999999999998
2013.0705,-0.036761000000000044,-0.022894000000000025,-0.008867
2013.0732,-0.03702700000000003,-0.02368500000000001,-0.012206000000000002
2013.076,-0.038629000000000024,-0.01972299999999999,-0.013724
2013.0787,-0.038798,-0.01957700000000001,-0.018824
2013.0815,-0.03912400000000005,-0.021675999999999973,-0.016604
2013.0842,-0.03656400000000004,-0.021737000000000006,-0.014104000000000002
2013.0869,-0.037117999999999984,-0.02055800000000002,-0.017568
2013.0897,-0.035468000000000055,-0.01883299999999999,-0.020914000000000002
2013.0924,-0.03721400000000008,-0.020743999999999985,-0.016248000000000002
2013.0951,-0.03853700000000004,-0.022135000000000016,-0.012264
2013.0979,-0.039735999999999994,-0.02615200000000001,-0.0013810000000000003
2013.1006,-0.03718200000000005,-0.02152799999999999,-0.011151000000000001
2013.1034,-0.036760000000000015,-0.02218500000000001,-0.010676999999999999
2013.1061,-0.03783000000000003,-0.021648999999999974,-0.013509
2013.1088,-0.039509000000000016,-0.022291000000000005,-0.016811
2013.1116,-0.038357000000000085,-0.020372,-0.016823
2013.1143,-0.04099300000000006,-0.021672999999999998,-0.014086999999999999
2013.117,-0.03658300000000003,-0.023531000000000024,-0.012996
2013.1198,-0.03818900000000003,-0.02244400000000002,-0.01659
2013.1225,-0.038435,-0.021509,-0.016642
2013.1253,-0.03622500000000006,-0.02127699999999999,-0.01867
2013.128,-0.038242,-0.021753000000000022,-0.015380000000000001
2013.1307,-0.037760000000000016,-0.020058999999999994,-0.011255000000000001
2013.1335,-0.037768000000000024,-0.020809999999999995,-0.013194
2013.1362,-0.03644999999999998,-0.02040599999999998,-0.011932000000000002
2013.1389,-0.037204000000000015,-0.02195199999999997,-0.014305000000000002
2013.1417,-0.038855000000000084,-0.020399999999999974,-0.011769000000000002
2013.1444,-0.038270000000000026,-0.02317999999999998,-0.013054
2013.1472,-0.03894300000000006,-0.022921999999999998,-0.014152999999999999
2013.1499,-0.04006500000000002,-0.022324999999999984,-0.013326000000000001
2013.1526,-0.04015100000000005,-0.023253000000000024,-0.01811
2013.1554,-0.03703699999999999,-0.022372999999999976,-0.013405
2013.1581,-0.03820600000000007,-0.02075100000000002,-0.013085
2013.1608,-0.03875899999999999,-0.02062999999999998,-0.025481
2013.1636,-0.039798,-0.021009999999999973,-0.015661
2013.1663,-0.03919300000000003,-0.01994499999999999,-0.019594
2013.1691,-0.03857100000000002,-0.019905000000000006,-0.014482000000000002
2013.1718,-0.03861700000000001,-0.01953100000000002,-0.017652
2013.1745,-0.03872399999999998,-0.021907999999999983,-0.0126
2013.1773,-0.04202899999999998,-0.022106999999999988,-0.007753000000000003
2013.18,-0.04002899999999998,-0.024347000000000008,-0.006623999999999998
2013.1828,-0.038937,-0.022901000000000005,-0.007012999999999998
2013.1855,-0.041032999999999986,-0.02133400000000002,-0.008521
2013.1882,-0.04083700000000001,-0.022127000000000008,-0.011384000000000002
2013.191,-0.041345999999999994,-0.023289999999999977,-0.013374
2013.1937,-0.041545000000000054,-0.02166600000000002,-0.014955
2013.1964,-0.041915000000000036,-0.022668999999999995,-0.004489
2013.1992,-0.042642999999999986,-0.021699999999999997,-0.008004999999999998
2013.2019,-0.042445999999999984,-0.021065,-0.0052289999999999975
2013.2047,-0.04357600000000006,-0.022587999999999997,-0.005531000000000001
2013.2074,-0.043035000000000045,-0.022558000000000022,-0.009441000000000001
2013.2101,-0.04275099999999998,-0.02219399999999999,-0.007426000000000002
2013.2129,-0.043459000000000025,-0.020770999999999984,-0.005963000000000003
2013.2156,-0.043565000000000076,-0.02554099999999998,0.0016269999999999965
2013.2183,-0.04393200000000008,-0.02071400000000001,-0.0035180000000000003
2013.2211,-0.04321200000000003,-0.019614999999999994,-0.010414
2013.2238,-0.042198999999999987,-0.01990900000000001,-0.009469000000000002
2013.2266,-0.04129400000000005,-0.021741999999999984,-0.006602000000000004
2013.2293,-0.04231499999999999,-0.022007,-0.005711000000000001
2013.232,-0.04383400000000004,-0.02046300000000001,-0.004880000000000002
2013.2348,-0.04350200000000004,-0.020334999999999992,-0.006879999999999997
2013.2375,-0.043028000000000066,-0.02279399999999998,-0.006754000000000003
2013.2402,-0.04316300000000006,-0.021762999999999977,-0.008508000000000002
2013.243,-0.042730000000000046,-0.021726999999999996,-0.006387000000000004
2013.2457,-0.04403900000000005,-0.021826999999999985,-0.007656999999999997
2013.2485,-0.04572399999999999,-0.02346300000000001,-0.0007559999999999997
2013.2512,-0.04277500000000001,-0.020496999999999987,-0.0037719999999999976
2013.2539,-0.04405999999999999,-0.020948000000000022,-0.0022910000000000014
2013.2567,-0.04455500000000001,-0.022689000000000015,-0.0017119999999999982
2013.2594,-0.04575400000000007,-0.024629999999999985,-0.001580999999999999
2013.2621,-0.045117000000000074,-0.02509,-0.008093000000000003
2013.2649,-0.04516700000000007,-0.022175999999999974,-0.001694000000000001
2013.2676,-0.045474000000000014,-0.023592000000000002,0.0024139999999999995
2013.2704,-0.044692000000000065,-0.023121999999999976,-0.008754999999999999
2013.2731,-0.04486900000000005,-0.021550000000000014,-0.0036570000000000005
2013.2758,-0.047030000000000016,-0.02261200000000002,-0.006197000000000001
2013.2786,-0.04526400000000008,-0.022648,-0.006836000000000002
2013.2813,-0.04441000000000006,-0.02149000000000001,0.002598999999999997
2013.2841,-0.045265,-0.022637000000000018,-0.003129
2013.2868,-0.045062000000000046,-0.02162599999999998,-0.0009890000000000038
2013.2895,-0.04268800000000006,-0.023058000000000023,-0.009049000000000001
2013.2923,-0.04314000000000007,-0.021743999999999986,-0.013415
2013.295,-0.04518100000000003,-0.022036,-0.009451000000000001
2013.2977,-0.04378700000000002,-0.022610999999999992,-0.004790000000000003
2013.3005,-0.045014,-0.02410000000000001,-1.9999999999999185e-05
2013.3032,-0.044103,-0.022226999999999997,-0.005309000000000001
2013.306,-0.04530600000000007,-0.022697000000000023,-0.006213000000000003
2013.3087,-0.044426999999999994,-0.02260200000000001,-0.004801
2013.3114,-0.044431,-0.020838000000000023,-0.008563000000000001
2013.3142,-0.04571600000000009,-0.023643000000000025,-0.003036000000000004
2013.3169,-0.045135000000000036,-0.022921999999999998,-0.0074760000000000035
2013.3196,-0.046004000000000045,-0.023724999999999996,-0.004646999999999998
2013.3224,-0.04756300000000002,-0.022832999999999992,-0.010591
2013.3251,-0.04900900000000008,-0.020784999999999998,-0.004642
2013.3279,-0.04808800000000002,-0.019241000000000008,-0.009679
2013.3306,-0.04604200000000003,-0.02186100000000002,-0.009382999999999999
2013.3333,-0.04411799999999999,-0.021581000000000017,-0.010173000000000001
2013.3361,-0.04603900000000005,-0.01958700000000002,-0.010125000000000002
2013.3388,-0.04548200000000002,-0.019583000000000017,-0.008071000000000002
2013.3415,-0.043897000000000075,-0.01832800000000001,-0.005364000000000001
2013.3443,-0.046739000000000086,-0.02151599999999998,-0.0071369999999999975
2013.347,-0.04868400000000006,-0.022152000000000005,-0.003814999999999999
2013.3498,-0.048217000000000065,-0.020787999999999973,-0.006503000000000002
2013.3525,-0.04768400000000006,-0.018421999999999994,-0.013298
2013.3552,-0.046673000000000076,-0.02014100000000002,-0.010522
2013.358,-0.04676200000000008,-0.020226000000000022,-0.012114
2013.3607,-0.04747900000000005,-0.020940999999999987,-0.0018779999999999977
2013.3634,-0.045864000000000016,-0.02163599999999999,-0.0035350000000000034
2013.3662,-0.047408000000000006,-0.020482,-0.008838000000000002
2013.3689,-0.048821,-0.02097300000000002,-0.006483000000000003
2013.3717,-0.04787800000000009,-0.019509,-0.004283000000000002
2013.3744,-0.04639599999999999,-0.021268999999999982,-0.011861
2013.3771,-0.04660900000000001,-0.021567000000000003,-0.005438999999999999
2013.3799,-0.04903600000000008,-0.020674000000000026,-0.009123
2013.3826,-0.046322000000000085,-0.019307999999999992,-0.011929000000000002
2013.3854,-0.047401000000000026,-0.019818000000000002,-0.007493
2013.3881,-0.04749999999999999,-0.020067999999999975,-0.007261999999999998
2013.3908,-0.04451700000000003,-0.020704,-0.004340999999999998
2013.3936,-0.04686000000000001,-0.02055800000000002,-0.008372000000000001
2013.3963,-0.04791400000000001,-0.01987,-0.007982999999999997
2013.399,-0.047408000000000006,-0.021135999999999988,-0.005660999999999999
2013.4018,-0.04755900000000002,-0.022158999999999984,-0.003257000000000003
2013.4045,-0.04742500000000005,-0.021301999999999988,-0.0014090000000000005
2013.4073,-0.04783400000000004,-0.01937899999999998,-0.0065689999999999985
2013.41,-0.04685000000000006,-0.020633999999999986,-0.006400000000000003
2013.4127,-0.04484900000000003,-0.020179000000000002,-0.005671000000000002
2013.4155,-0.044918000000000013,-0.01941100000000001,-0.010176000000000001
2013.4182,-0.04638500000000001,-0.019652000000000003,-0.0019580000000000014
2013.4209,-0.045626000000000055,-0.020915000000000017,-0.005163000000000001
2013.4237,-0.04539000000000004,-0.020092999999999972,-0.008598999999999999
2013.4264,-0.04600000000000004,-0.02093600000000001,-0.0042179999999999995
2013.4292,-0.04596200000000006,-0.02072299999999999,8.299999999999974e-05
2013.4319,-0.04562100000000002,-0.020780999999999994,0.00012999999999999817
2013.4346,-0.04569100000000004,-0.018208999999999975,-0.007604
2013.4374,-0.04711200000000004,-0.018554999999999988,-0.0066890000000000005
2013.4401,-0.04656500000000008,-0.018442999999999987,-0.0037640000000000035
2013.4428,-0.04591900000000004,-0.019450000000000023,-0.007378000000000003
2013.4456,-0.046009999999999995,-0.019932000000000005,-0.007043000000000001
2013.4483,-0.04717800000000005,-0.021150000000000002,-0.006823000000000003
2013.4511,-0.045155000000000056,-0.01966699999999999,-0.006252000000000001
2013.4538,-0.04660300000000006,-0.019133999999999984,-0.006477000000000004
2013.4565,-0.04450200000000004,-0.01657900000000001,-0.0049999999999999975
2013.4593,-0.04539100000000007,-0.019440000000000013,-0.0027500000000000024
2013.462,-0.04499799999999998,-0.018347000000000002,0.00029900000000000065
2013.4648,-0.046918000000000015,-0.018166000000000015,-0.0038960000000000036
2013.4675,-0.04652299999999998,-0.01882299999999998,-0.004182999999999999
2013.4702,-0.04561500000000007,-0.018919999999999992,-0.0008519999999999986
2013.473,-0.045022000000000006,-0.017930999999999975,-0.012502
2013.4757,-0.04805599999999999,-0.019085999999999992,-0.0011909999999999976
2013.4784,-0.04737100000000005,-0.01891799999999999,-0.002003999999999999
2013.4812,-0.046084000000000014,-0.020361000000000018,-0.002942
2013.4839,-0.046731999999999996,-0.020334999999999992,-0.007342000000000001
2013.4867,-0.04663800000000007,-0.016959999999999975,-0.0004040000000000016
2013.4894,-0.04814200000000002,-0.01760600000000001,-0.004757999999999998
2013.4921,-0.04592700000000005,-0.017141000000000017,-0.008243
2013.4949,-0.048078000000000065,-0.019094,-0.003931000000000004
2013.4976,-0.04818300000000009,-0.020548999999999984,-0.003717999999999999
2013.5003,-0.046109999999999984,-0.018847000000000003,-0.007539999999999998
2013.5031,-0.04692700000000005,-0.018137999999999987,-0.008142000000000003
2013.5058,-0.045652000000000026,-0.01930900000000002,-0.008480999999999999
2013.5086,-0.04853300000000005,-0.016614000000000018,-0.0017290000000000014
2013.5113,-0.04691000000000001,-0.018210999999999977,0.005692000000000003
2013.514,-0.045381000000000005,-0.017654000000000003,0.0003999999999999976
2013.5168,-0.04714099999999999,-0.01740999999999998,-0.0016209999999999974
2013.5195,-0.046879000000000004,-0.018718999999999986,-0.006143000000000003
2013.5222,-0.04807500000000009,-0.01861600000000002,-0.00816
2013.525,-0.04699399999999998,-0.018357000000000012,-0.0021650000000000003
2013.5277,-0.04901700000000009,-0.017330999999999985,-0.005016
2013.5305,-0.046055999999999986,-0.017830000000000013,-0.0061290000000000025
2013.5332,-0.04678300000000002,-0.018432000000000004,-0.006843000000000002
2013.5359,-0.04667100000000002,-0.018747000000000014,-0.004387000000000002
2013.5387,-0.04784300000000008,-0.017488000000000004,-0.001466000000000002
2013.5414,-0.04582900000000001,-0.018780999999999992,-0.007920999999999997
2013.5441,-0.04454800000000003,-0.017874,-0.005489000000000001
2013.5469,-0.04549599999999998,-0.017286999999999997,-0.0028690000000000035
2013.5496,-0.04606700000000008,-0.018181999999999976,0.0008490000000000025
2013.5524,-0.045738000000000056,-0.016786000000000023,0.003917999999999998
2013.5551,-0.04664500000000005,-0.017948999999999993,0.007110999999999999
2013.5578,-0.046991000000000005,-0.016888000000000014,-0.0013280000000000028
2013.5606,-0.04650900000000002,-0.017054000000000014,-0.002933999999999999
2013.5633,-0.04657100000000003,-0.016882000000000008,-0.0024030000000000024
2013.5661,-0.046003000000000016,-0.01742100000000002,-0.005472999999999999
2013.5688,-0.045845000000000025,-0.02024100000000001,-0.0024189999999999975
2013.5715,-0.04634300000000002,-0.017830000000000013,0.007223
2013.5743,-0.04596800000000001,-0.017830000000000013,0.0024030000000000024
2013.577,-0.04517700000000002,-0.018399999999999972,0.00020799999999999985
2013.5797,-0.044883000000000006,-0.017344000000000026,0.0027710000000000026
2013.5825,-0.045839000000000074,-0.01864100000000002,0.0043269999999999975
2013.5852,-0.04576100000000005,-0.016301999999999983,-0.0009330000000000033
2013.588,-0.045611999999999986,-0.01972400000000002,0.007288000000000003
2013.5907,-0.04666500000000007,-0.017747999999999986,0.0027760000000000007
2013.5934,-0.04583300000000001,-0.018585000000000018,-5.999999999999062e-06
2013.5962,-0.044268000000000085,-0.018228000000000022,-0.0045540000000000025
2013.5989,-0.045736,-0.019079999999999986,-0.003469
2013.6016,-0.04647800000000002,-0.01927200000000001,0.0009339999999999973
2013.6044,-0.046678,-0.020546999999999982,0.008836999999999998
2013.6071,-0.04606500000000002,-0.01839400000000002,0.0011439999999999992
2013.6099,-0.04589900000000002,-0.019204999999999972,0.0005710000000000021
2013.6126,-0.044404,-0.019714999999999983,0.003380000000000001
2013.6153,-0.043831000000000064,-0.01983299999999999,-0.0010809999999999986
2013.6181,-0.045328000000000035,-0.02346999999999999,0.0016959999999999961
2013.6208,-0.04675600000000002,-0.02298699999999998,0.012409999999999997
2013.6235,-0.044294000000000056,-0.021757000000000026,-0.0022860000000000033
2013.6263,-0.04482700000000006,-0.02211000000000002,0.002715000000000002
2013.629,-0.044538999999999995,-0.022967000000000015,0.004172000000000002
2013.6318,-0.045745000000000036,-0.020311000000000023,-0.0006180000000000005
2013.6345,-0.04472100000000001,-0.021787,0.0056780000000000025
2013.6372,-0.043313000000000046,-0.020957999999999977,0.0020700000000000024
2013.64,-0.04372200000000004,-0.022836999999999996,-0.01046
2013.6427,-0.044937000000000005,-0.022102999999999984,0.005468000000000001
2013.6454,-0.04418600000000006,-0.02221200000000001,0.0032929999999999973
2013.6482,-0.04399400000000009,-0.022424,0.004532000000000001
2013.6509,-0.044911000000000034,-0.02119700000000002,-0.0008389999999999995
2013.6537,-0.04515400000000003,-0.024021000000000015,0.012489
2013.6564,-0.046799000000000035,-0.021969000000000016,0.003907000000000001
2013.6591,-0.04522300000000001,-0.023953000000000002,0.0001460000000000003
2013.6619,-0.04536000000000007,-0.025256,0.001122999999999999
2013.6646,-0.045672000000000046,-0.023820000000000008,0.0021679999999999963
2013.6674,-0.0464,-0.025009000000000003,-0.001905999999999998
2013.6701,-0.04475499999999999,-0.025287999999999977,0.014108000000000002
2013.6728,-0.04598900000000006,-0.022002999999999995,0.005778999999999999
2013.6756,-0.04449000000000003,-0.024459999999999982,0.006810999999999998
2013.6783,-0.04616000000000009,-0.02286100000000002,0.0027229999999999963
2013.681,-0.04588300000000001,-0.02309699999999998,0.003166000000000002
2013.6838,-0.046848,-0.023314999999999975,0.0015919999999999962
2013.6865,-0.04554900000000006,-0.02272200000000002,0.0016740000000000019
2013.6893,-0.04445500000000002,-0.022297999999999984,0.0047820000000000015
2013.692,-0.04388500000000006,-0.022363000000000022,0.006083999999999999
2013.6947,-0.04477900000000001,-0.02273599999999998,0.006080000000000002
2013.6975,-0.04424600000000001,-0.022102999999999984,0.0023089999999999986
2013.7002,-0.044499999999999984,-0.023152000000000006,0.008356000000000002
2013.7029,-0.04505500000000007,-0.02347300000000002,0.008206999999999999
2013.7057,-0.04563100000000009,-0.023741000000000012,0.008384999999999997
2013.7084,-0.04514099999999999,-0.024280999999999997,0.0063539999999999985
2013.7112,-0.044189000000000034,-0.023145000000000027,0.004318000000000002
2013.7139,-0.04444400000000004,-0.02379500000000001,0.002574
2013.7166,-0.043572000000000055,-0.023395999999999972,0.004704
2013.7194,-0.04602100000000009,-0.02454099999999998,0.0035250000000000004
2013.7221,-0.04596699999999998,-0.02537600000000001,0.012629000000000001
2013.7248,-0.04442600000000008,-0.026480999999999977,0.020450999999999997
2013.7276,-0.04574300000000009,-0.02592,0.012081000000000001
2013.7303,-0.04486000000000001,-0.024857000000000018,0.009570999999999996
2013.7331,-0.045155000000000056,-0.025127999999999984,0.010800999999999998
2013.7358,-0.04390700000000003,-0.023919000000000024,0.0031819999999999973
2013.7385,-0.044308000000000014,-0.02421699999999999,0.004492000000000003
2013.7413,-0.04608600000000007,-0.027212999999999987,0.005603999999999998
2013.744,-0.045211,-0.028088999999999975,0.003798999999999997
2013.7467,-0.043750999999999984,-0.02804200000000001,0.011647999999999999
2013.7495,-0.04633799999999999,-0.024606000000000017,-0.0023839999999999972
2013.7522,-0.04535300000000009,-0.02437800000000001,0.0005129999999999996
2013.755,-0.04519200000000001,-0.024338000000000026,0.001577000000000002
2013.7577,-0.04382200000000003,-0.024090999999999974,-0.004947
2013.7604,-0.04342500000000005,-0.02415299999999998,-0.006470999999999998
2013.7632,-0.04253300000000004,-0.025027999999999995,-0.005774000000000001
2013.7659,-0.04192700000000005,-0.024031999999999998,0.0010560000000000014
2013.7687,-0.04407400000000006,-0.02474599999999999,0.004411999999999999
2013.7714,-0.042054000000000036,-0.024002000000000023,0.002119000000000003
2013.7741,-0.043877000000000055,-0.024783,-0.004081000000000001
2013.7769,-0.044458,-0.023548000000000013,-0.0007180000000000034
2013.7796,-0.04256100000000007,-0.023853999999999986,-0.0041020000000000015
2013.7823,-0.04464000000000001,-0.024170999999999998,0.001675999999999997
2013.7851,-0.042874999999999996,-0.02362599999999998,-0.009759
2013.7878,-0.04375600000000002,-0.022832999999999992,-0.008034
2013.7906,-0.04363000000000006,-0.024511000000000005,-0.0034319999999999976
2013.7933,-0.04433300000000007,-0.025422999999999973,-0.005360000000000004
2013.796,-0.04383199999999998,-0.023409000000000013,-0.0031749999999999973
2013.7988,-0.04522400000000004,-0.02350000000000002,-0.004173999999999997
2013.8015,-0.04372700000000007,-0.023731000000000002,-0.002128999999999999
2013.8042,-0.04309600000000002,-0.024251999999999996,-0.000900999999999999
2013.807,-0.042546000000000084,-0.023278999999999994,-0.00022600000000000398
2013.8097,-0.04338900000000001,-0.024449999999999972,0.001462999999999999
2013.8125,-0.043035000000000045,-0.025463000000000013,-0.0016369999999999996
2013.8152,-0.042347000000000024,-0.024465000000000015,-0.0020729999999999985
2013.8179,-0.04187300000000005,-0.02546900000000002,-0.0030950000000000005
2013.8207,-0.042157,-0.026168000000000025,-0.0028499999999999984
2013.8234,-0.04192700000000005,-0.02557900000000002,0.0009650000000000006
2013.8261,-0.04228799999999999,-0.025776999999999994,0.0018509999999999985
2013.8289,-0.04323500000000002,-0.026725999999999972,0.0015900000000000011
2013.8316,-0.042274000000000034,-0.026295000000000013,0.00014100000000000223
2013.8344,-0.04405700000000001,-0.027739999999999987,0.0011590000000000003
2013.8371,-0.045348000000000055,-0.026303999999999994,0.007290999999999999
2013.8398,-0.043883000000000005,-0.026586,0.006201999999999999
2013.8426,-0.041242,-0.025417000000000023,0.003265999999999998
2013.8453,-0.04230400000000001,-0.024695000000000022,0.006033999999999998
2013.848,-0.04219800000000007,-0.02706799999999998,0.0016069999999999973
2013.8508,-0.04253300000000004,-0.02581699999999998,-0.003153999999999997
2013.8535,-0.04237600000000008,-0.026893,0.005130999999999997
2013.8563,-0.04296,-0.027254,8.199999999999874e-05
2013.859,-0.04200999999999999,-0.027405000000000013,0.005144000000000003
2013.8617,-0.04196600000000006,-0.026588999999999974,-0.0013050000000000006
2013.8645,-0.040273,-0.028525999999999996,0.0028870000000000007
2013.8672,-0.042457999999999996,-0.026922,0.0016439999999999996
2013.87,-0.04290400000000005,-0.027210000000000012,-0.0019409999999999983
2013.8727,-0.040995000000000004,-0.027861000000000025,0.0031230000000000008
2013.8754,-0.04348300000000005,-0.027571999999999985,0.012386000000000001
2013.8782,-0.042901999999999996,-0.027177000000000007,0.007316999999999997
2013.8809,-0.04367700000000008,-0.029038000000000008,0.0002689999999999984
2013.8836,-0.040273,-0.028608000000000022,0.0012729999999999964
2013.8864,-0.04105100000000006,-0.026878999999999986,-0.0018270000000000022
2013.8891,-0.03986500000000004,-0.025629000000000013,-0.003388000000000002
2013.8919,-0.039820999999999995,-0.026291999999999982,-0.006178000000000003
2013.8946,-0.040240000000000054,-0.025772000000000017,-0.0022129999999999997
2013.8973,-0.04214899999999999,-0.027642999999999973,-0.0008859999999999979
2013.9001,-0.04106500000000002,-0.027027000000000023,-0.0016559999999999978
2013.9028,-0.04241800000000007,-0.029032999999999975,-0.0015210000000000015
2013.9055,-0.04185100000000008,-0.02799600000000002,0.0010570000000000024
2013.9083,-0.04358400000000007,-0.030662000000000023,0.0005140000000000006
2013.911,-0.04291400000000001,-0.030144999999999977,-0.0033250000000000016
2013.9138,-0.043001999999999985,-0.02702500000000002,-0.005484000000000003
2013.9165,-0.04268000000000005,-0.028673000000000004,-0.0007310000000000025
2013.9192,-0.042901999999999996,-0.027007000000000003,0.0028579999999999994
2013.922,-0.042293000000000025,-0.027000999999999997,-0.0009450000000000014
2013.9247,-0.04266599999999998,-0.026685999999999988,-0.007712000000000004
2013.9274,-0.043294000000000055,-0.026924999999999977,-0.0015900000000000011
2013.9302,-0.04296600000000006,-0.02711399999999997,0.0007629999999999998
2013.9329,-0.041770000000000085,-0.02785500000000002,-0.005856
2013.9357,-0.04464100000000004,-0.028984999999999983,0.0012529999999999972
2013.9384,-0.04322400000000004,-0.02949099999999999,-0.0011000000000000038
2013.9411,-0.041313000000000044,-0.02708100000000002,-0.0032130000000000006
2013.9439,-0.043526000000000065,-0.026565000000000005,-0.005475000000000001
2013.9466,-0.044009999999999994,-0.028442999999999996,-0.0036689999999999987
2013.9493,-0.04242299999999999,-0.028451999999999977,0.002353000000000001
2013.9521,-0.04299900000000001,-0.027471999999999996,-0.0006060000000000024
2013.9548,-0.04311600000000004,-0.02762300000000001,-0.0015399999999999997
2013.9576,-0.04272700000000007,-0.02746399999999999,-0.0036360000000000003
2013.9603,-0.042525000000000035,-0.02810499999999999,0.0011380000000000001
2013.963,-0.04365600000000003,-0.027395999999999976,-0.0002479999999999982
2013.9658,-0.042279000000000067,-0.02535799999999999,-0.001913999999999999
2013.9685,-0.04311700000000007,-0.027766999999999986,0.0030680000000000013
2013.9713,-0.04636499999999999,-0.024685999999999986,0.001117
2013.974,-0.04450200000000004,-0.02679100000000001,0.0039000000000000007
2013.9767,-0.043333999999999984,-0.02712399999999998,-0.006421000000000003
2013.9795,-0.04235600000000006,-0.025953999999999977,-0.003708000000000003
2013.9822,-0.04191100000000003,-0.027046999999999988,-0.005195999999999999
2013.9849,-0.04227000000000003,-0.026729999999999976,-0.007713999999999999
2013.9877,-0.041471000000000036,-0.025953000000000004,-0.005863
2013.9904,-0.04244999999999999,-0.025897999999999977,-0.004987999999999999
2013.9932,-0.04278199999999999,-0.025220999999999993,-0.009507000000000002
2013.9959,-0.04272500000000001,-0.026444999999999996,-0.0017780000000000018
2013.9986,-0.04217599999999999,-0.026751000000000025,-0.0032350000000000018
2014.0014,-0.04157300000000008,-0.024199000000000026,-0.016102
2014.0041,-0.04181299999999999,-0.027036000000000004,-0.008732
2014.0068,-0.043399999999999994,-0.027944000000000024,0.002334999999999997
2014.0096,-0.039430000000000076,-0.022838999999999998,-0.008503
2014.0123,-0.041198999999999986,-0.023911000000000016,-0.010329999999999999
2014.0151,-0.04183300000000001,-0.024540000000000006,-0.008205000000000004
2014.0178,-0.041955000000000076,-0.026061,-0.007082999999999999
2014.0205,-0.043404,-0.02749299999999999,-0.004619999999999999
2014.0233,-0.04580700000000004,-0.02734599999999998,-0.005287
2014.026,-0.04566199999999998,-0.02624700000000002,-0.004642
2014.0287,-0.044750999999999985,-0.02966000000000002,-0.0025360000000000035
2014.0315,-0.045399999999999996,-0.02595900000000001,-0.005714000000000004
2014.0342,-0.04487600000000003,-0.025841000000000003,-0.005802000000000002
2014.037,-0.042516,-0.025587000000000026,-0.013451000000000001
2014.0397,-0.042120000000000046,-0.025173999999999974,-0.016469
2014.0424,-0.04429800000000006,-0.026312000000000002,-0.013429
2014.0452,-0.04257500000000003,-0.02467199999999997,-0.012175000000000002
2014.0479,-0.044964000000000004,-0.025859999999999994,-0.011616999999999999
2014.0507,-0.04532999999999998,-0.02436100000000002,-0.006699999999999998
2014.0534,-0.045116000000000045,-0.024484000000000006,-0.010391000000000001
2014.0561,-0.04630500000000004,-0.024185999999999985,-0.010748
2014.0589,-0.04523300000000008,-0.026807000000000025,-0.013742
2014.0616,-0.04849400000000004,-0.028706999999999983,-0.004454
2014.0643,-0.04931200000000002,-0.025749999999999995,-0.009214
2014.0671,-0.04627300000000001,-0.02648299999999998,-0.008949000000000002
2014.0698,-0.046455000000000024,-0.026880000000000015,-0.004028000000000004
2014.0726,-0.04594100000000001,-0.026395999999999975,-0.006103999999999998
2014.0753,-0.047885000000000066,-0.025168999999999997,-0.0071410000000000015
2014.078,-0.04830100000000004,-0.02904000000000001,0.0020610000000000003
2014.0808,-0.04874299999999998,-0.024411000000000016,-0.003583000000000003
2014.0835,-0.04691299999999998,-0.027322999999999986,-0.0034119999999999984
2014.0862,-0.04682400000000009,-0.026417000000000024,-0.008997999999999999
2014.089,-0.04557500000000003,-0.025158999999999987,-0.008303000000000001
2014.0917,-0.04627000000000003,-0.025492999999999988,-0.0028690000000000035
2014.0945,-0.044458,-0.025517000000000012,-0.008059000000000004
2014.0972,-0.045375000000000054,-0.023523000000000016,-0.008577999999999999
2014.0999,-0.04683000000000004,-0.024826999999999988,-0.004992000000000003
2014.1027,-0.04677500000000001,-0.02424700000000002,-0.003913
2014.1054,-0.04746899999999998,-0.024231000000000003,-0.002342000000000004
2014.1081,-0.046229000000000076,-0.027876999999999985,-0.0060100000000000015
2014.1109,-0.045812000000000075,-0.027559999999999973,-0.008147000000000001
2014.1136,-0.043082000000000065,-0.027583000000000024,-0.003487999999999998
2014.1164,-0.045003000000000015,-0.027909000000000017,0.0015210000000000015
2014.1191,-0.04494600000000004,-0.02663399999999999,-0.000900999999999999
2014.1218,-0.04653800000000008,-0.028878000000000015,-0.0032029999999999975
2014.1246,-0.04623300000000008,-0.027384999999999993,0.0007640000000000008
2014.1273,-0.046394000000000046,-0.029285000000000005,-0.0019979999999999998
2014.13,-0.04583300000000001,-0.027573999999999987,-0.0036600000000000035
2014.1328,-0.04728399999999999,-0.027837,-0.0032080000000000025
2014.1355,-0.04408600000000007,-0.026556000000000024,-0.004485000000000003
2014.1383,-0.04593999999999998,-0.025768999999999986,-0.002269
2014.141,-0.045613000000000015,-0.026644,-0.004043999999999999
2014.1437,-0.04571400000000003,-0.025944000000000023,-0.007747999999999998
2014.1465,-0.045792000000000055,-0.026621000000000006,-0.004506000000000003
2014.1492,-0.04719800000000007,-0.02632000000000001,-0.006408000000000004
2014.152,-0.04464000000000001,-0.024079000000000017,-0.007185999999999998
2014.1547,-0.04657300000000009,-0.026117999999999975,-0.004515999999999999
2014.1574,-0.047130000000000005,-0.025085000000000024,-0.0006589999999999999
2014.1602,-0.046825000000000006,-0.023249999999999993,-0.0016209999999999974
2014.1629,-0.04694600000000004,-0.024838000000000027,0.00020799999999999985
2014.1656,-0.04757100000000003,-0.026799000000000017,-0.0016209999999999974
2014.1684,-0.048153,-0.029457999999999984,-0.004274
2014.1711,-0.045965000000000034,-0.024195999999999995,-0.006761999999999997
2014.1739,-0.044108000000000036,-0.026735999999999982,-0.007977999999999999
2014.1766,-0.047821,-0.029137999999999997,-0.00451
2014.1793,-0.04651300000000003,-0.026849000000000012,-0.004919
2014.1821,-0.046374000000000026,-0.027075000000000016,-0.010693000000000001
2014.1848,-0.04708900000000005,-0.02803699999999998,-0.0019660000000000025
2014.1875,-0.04767100000000002,-0.027949,0.00035099999999999715
2014.1903,-0.04517000000000004,-0.027604000000000017,-0.009273
2014.193,-0.04902400000000007,-0.025612999999999997,-0.009533
2014.1958,-0.04873900000000009,-0.027000999999999997,-0.006170000000000002
2014.1985,-0.048553999999999986,-0.028345999999999982,-0.006401999999999998
2014.2012,-0.046965000000000034,-0.02829900000000002,-0.013353
2014.204,-0.04660200000000003,-0.02973199999999998,-0.007969000000000004
2014.2067,-0.048112000000000044,-0.028810999999999976,-0.008784
2014.2094,-0.04834500000000008,-0.027417999999999998,-0.003273999999999999
2014.2122,-0.04808200000000007,-0.026297999999999988,-0.005752
2014.2149,-0.046520000000000006,-0.027216000000000018,-0.0037620000000000015
2014.2177,-0.04800300000000002,-0.026401000000000008,-0.010971999999999999
2014.2204,-0.04585300000000003,-0.02742699999999998,-0.009981
2014.2231,-0.046109999999999984,-0.02693200000000001,-0.011459
2014.2259,-0.04781200000000008,-0.027608999999999995,-0.007819
2014.2286,-0.047673999999999994,-0.028559,-0.006401999999999998
2014.2313,-0.047123000000000026,-0.030185000000000017,-0.005070999999999999
2014.2341,-0.04812700000000003,-0.02862300000000001,-0.003355000000000004
2014.2368,-0.04772799999999999,-0.027747999999999995,-0.006370000000000001
2014.2396,-0.049622000000000055,-0.02998400000000001,-0.001472000000000001
2014.2423,-0.049207,-0.028469000000000022,-0.0006859999999999991
2014.245,-0.048038000000000025,-0.028671000000000002,-0.006652999999999999
2014.2478,-0.04965799999999998,-0.027807000000000026,-0.004908000000000003
2014.2505,-0.04755600000000004,-0.028938999999999993,-0.012653000000000001
2014.2533,-0.04822800000000005,-0.028212000000000015,-0.011006000000000002
2014.256,-0.04824700000000004,-0.028725999999999974,-0.004532000000000001
2014.2587,-0.04742299999999999,-0.028183000000000014,-0.005916999999999999
2014.2615,-0.04717800000000005,-0.027610999999999997,-0.008475
2014.2642,-0.04882300000000006,-0.028098999999999985,-0.009584000000000002
2014.2669,-0.047543,-0.028098000000000012,-0.003917000000000004
2014.2697,-0.04899600000000004,-0.027702000000000004,-0.007765000000000001
2014.2724,-0.048157000000000005,-0.026874999999999982,-0.008664999999999999
2014.2752,-0.049151000000000056,-0.02690199999999998,-0.01319
2014.2779,-0.048495000000000066,-0.025036000000000003,-0.012197
2014.2806,-0.05012300000000003,-0.025608999999999993,-0.008345000000000002
2014.2834,-0.04894900000000002,-0.026191999999999993,-0.0063529999999999975
2014.2861,-0.05103000000000002,-0.025432999999999983,-0.010357000000000002
2014.2888,-0.05060000000000009,-0.02682000000000001,-0.0052299999999999985
2014.2916,-0.04921000000000009,-0.026973999999999998,-0.0036450000000000024
2014.2943,-0.04994900000000002,-0.026801999999999992,-0.004271999999999998
2014.2971,-0.05177300000000007,-0.026363000000000025,-0.0045569999999999986
2014.2998,-0.050786,-0.025820999999999983,-0.008129999999999998
2014.3025,-0.05155200000000004,-0.024797999999999987,-0.009419
2014.3053,-0.050337000000000076,-0.025467000000000017,-0.006519000000000004
2014.308,-0.05078700000000003,-0.026585000000000025,-0.007987000000000001
2014.3107,-0.05014000000000007,-0.027351999999999987,-0.004499999999999997
2014.3135,-0.05122000000000004,-0.025073999999999985,-0.007518000000000004
2014.3162,-0.05234900000000009,-0.025660000000000016,-0.006144000000000004
2014.319,-0.05242900000000006,-0.025515999999999983,-0.003807999999999999
2014.3217,-0.05009000000000008,-0.024247999999999992,-0.004383999999999999
2014.3244,-0.04921900000000001,-0.02309699999999998,-0.016885
2014.3272,-0.048515000000000086,-0.024339999999999973,-0.006885000000000002
2014.3299,-0.05234900000000009,-0.02437800000000001,-0.015769000000000002
2014.3326,-0.049329999999999985,-0.024204999999999977,-0.011613000000000002
2014.3354,-0.04861700000000002,-0.02574599999999999,-0.008492
2014.3381,-0.05055200000000004,-0.025942999999999994,-0.010569000000000002
2014.3409,-0.049258000000000024,-0.021158999999999983,-0.004539000000000001
2014.3436,-0.04860399999999998,-0.023063,-0.0033139999999999975
2014.3463,-0.049185000000000034,-0.02388699999999999,-0.007337000000000003
2014.3491,-0.05195800000000006,-0.025301000000000018,-0.0018680000000000016
2014.3518,-0.05372100000000002,-0.023841,-0.006650000000000003
2014.3546,-0.051093000000000055,-0.023363000000000023,-0.009995
2014.3573,-0.050827999999999984,-0.024758000000000002,-0.013801
2014.36,-0.048373,-0.024363000000000024,-0.013576999999999999
2014.3628,-0.049651,-0.022116999999999998,-0.017031
2014.3655,-0.048927000000000054,-0.021008000000000027,-0.012067000000000001
2014.3682,-0.05101900000000004,-0.022739999999999982,-0.012220000000000002
2014.371,-0.05017400000000005,-0.02538800000000002,-0.008006
2014.3737,-0.050788000000000055,-0.02265600000000001,-0.015349000000000002
2014.3765,-0.05191900000000005,-0.023699000000000026,-0.002805000000000002
2014.3792,-0.050285000000000024,-0.023173,-0.011918000000000002
2014.3819,-0.050105999999999984,-0.02454099999999998,-0.005419
2014.3847,-0.05036300000000005,-0.026469999999999994,-0.0007209999999999994
2014.3874,-0.048566,-0.026415000000000022,-0.008716000000000002
2014.3901,-0.050512,-0.025359999999999994,-0.008052000000000004
2014.3929,-0.04950399999999999,-0.024324999999999986,-0.008038999999999998
2014.3956,-0.049397000000000024,-0.024027999999999994,-0.008671000000000002
2014.3984,-0.05046800000000007,-0.024339,-0.006592000000000001
2014.4011,-0.05073000000000005,-0.023455000000000004,-0.010536
2014.4038,-0.049324000000000034,-0.024314999999999976,-0.006727000000000004
2014.4066,-0.05022599999999999,-0.024046000000000012,-0.008765000000000002
2014.4093,-0.051590000000000025,-0.02272099999999999,-0.013113
2014.412,-0.05118699999999998,-0.02276800000000001,-0.008798
2014.4148,-0.05179800000000001,-0.022390999999999994,-0.011789
2014.4175,-0.050404000000000004,-0.023623000000000005,-0.0046720000000000025
2014.4203,-0.051232000000000055,-0.021948999999999996,-0.002159000000000001
2014.423,-0.05149300000000001,-0.020635999999999988,-0.004799999999999999
2014.4257,-0.04980200000000001,-0.021249000000000018,-0.008678000000000002
2014.4285,-0.05060100000000001,-0.022123999999999977,-0.0116
2014.4312,-0.05168000000000006,-0.019745999999999986,-0.014164
2014.4339,-0.051146000000000025,-0.021235000000000004,-0.005195999999999999
2014.4367,-0.05136700000000005,-0.021643000000000023,-0.006504000000000003
2014.4394,-0.05086900000000005,-0.023164000000000018,-0.007289000000000004
2014.4422,-0.051001000000000074,-0.022975000000000023,-0.009758
2014.4449,-0.050490000000000035,-0.021697999999999995,-0.008989
2014.4476,-0.05215000000000003,-0.023287000000000002,-0.00867
2014.4504,-0.052145,-0.021716999999999986,-0.011732
2014.4531,-0.05379200000000006,-0.020021999999999984,-0.008735
2014.4559,-0.052464999999999984,-0.02130700000000002,-0.0031850000000000003
2014.4586,-0.05275200000000002,-0.02280500000000002,-0.0071319999999999995
2014.4613,-0.05244900000000008,-0.023446000000000022,-0.008783
2014.4641,-0.052835000000000076,-0.021185999999999983,-0.008324000000000002
2014.4668,-0.052271999999999985,-0.021874999999999978,-0.0010720000000000035
2014.4695,-0.05192300000000005,-0.020753999999999995,-0.003032
2014.4723,-0.05225800000000003,-0.022386000000000017,-0.006552000000000002
2014.475,-0.053342,-0.02309699999999998,-0.005976000000000002
2014.4778,-0.05272500000000002,-0.022382000000000013,-0.007984999999999999
2014.4805,-0.05262700000000009,-0.02310899999999999,-0.004319000000000003
2014.4832,-0.051702000000000026,-0.02197199999999999,-0.007231000000000001
2014.486,-0.05126400000000009,-0.02366400000000002,-0.001695000000000002
2014.4887,-0.05205500000000007,-0.02238000000000001,-0.0004569999999999991
2014.4914,-0.05232800000000004,-0.021540999999999977,-0.004977000000000002
2014.4942,-0.050364000000000075,-0.020990999999999982,-0.013191000000000001
2014.4969,-0.05245500000000003,-0.020816,-0.007289000000000004
2014.4997,-0.05318400000000001,-0.020897,-0.007751000000000001
2014.5024,-0.05174500000000004,-0.021322000000000008,-0.005991000000000003
2014.5051,-0.05394500000000002,-0.02296999999999999,-0.004859000000000002
2014.5079,-0.05285099999999998,-0.02201900000000001,-0.004527000000000003
2014.5106,-0.052889000000000075,-0.021672999999999998,-0.008195000000000001
2014.5133,-0.05208500000000005,-0.020635999999999988,-0.00476
2014.5161,-0.04945500000000003,-0.021618000000000026,0.004825000000000003
2014.5188,-0.05190899999999998,-0.02141599999999999,-0.000341000000000001
2014.5216,-0.050854999999999984,-0.01901999999999998,-0.0014279999999999987
2014.5243,-0.050437000000000065,-0.02102799999999999,-0.006268000000000003
2014.527,-0.05162600000000006,-0.020697999999999994,-0.0012599999999999972
2014.5298,-0.051642999999999994,-0.022627000000000008,-0.011233
2014.5325,-0.052637000000000045,-0.022801000000000016,-0.0005440000000000028
2014.5352,-0.05138600000000004,-0.022448999999999997,-0.0037700000000000025
2014.538,-0.05092200000000002,-0.021558999999999995,0.0024389999999999967
2014.5407,-0.05063099999999998,-0.023812999999999973,0.005070999999999999
2014.5435,-0.05132200000000009,-0.021805999999999992,-0.006721999999999999
2014.5462,-0.051203,-0.022895,-0.005263999999999998
2014.5489,-0.05186500000000005,-0.021816999999999975,0.004417999999999998
2014.5517,-0.050491000000000064,-0.02317999999999998,-0.0014310000000000017
2014.5544,-0.050219000000000014,-0.021457000000000004,-0.003376999999999998
2014.5572,-0.048059000000000074,-0.019880999999999982,-0.004826999999999998
2014.5599,-0.04963200000000001,-0.024812,-0.005610000000000004
2014.5626,-0.050066000000000055,-0.02379300000000001,0.0016730000000000009
2014.5654,-0.04969299999999999,-0.022930000000000006,-0.0037449999999999983
2014.5681,-0.04797000000000007,-0.022297999999999984,-0.004701000000000004
2014.5708,-0.04816600000000004,-0.022338000000000025,-0.012135
2014.5736,-0.04938000000000009,-0.020421999999999996,-0.005533000000000003
2014.5763,-0.049775000000000014,-0.02291700000000002,-0.0010270000000000001
2014.5791,-0.05109700000000006,-0.02224799999999999,-0.0011029999999999998
2014.5818,-0.04990899999999998,-0.020865999999999996,0.002116
2014.5845,-0.049317000000000055,-0.021762000000000004,-0.006095999999999997
2014.5873,-0.050105999999999984,-0.02123799999999998,0.0016050000000000023
2014.59,-0.049409000000000036,-0.021407999999999983,-0.0033200000000000035
2014.5927,-0.050941000000000014,-0.024065000000000003,-0.00028299999999999853
2014.5955,-0.048549000000000064,-0.022243000000000013,-0.004418999999999999
2014.5982,-0.04828500000000002,-0.024839999999999973,-0.0011909999999999976
2014.601,-0.05033900000000002,-0.022610999999999992,-0.004958999999999998
2014.6037,-0.050364000000000075,-0.02369300000000002,-0.010665000000000001
2014.6064,-0.05035600000000007,-0.02384599999999998,-0.006103999999999998
2014.6092,-0.05060600000000004,-0.023558999999999997,-0.0006670000000000009
2014.6119,-0.05037999999999998,-0.023529999999999995,-0.004291000000000003
2014.6146,-0.04915600000000009,-0.024129999999999985,0.002022999999999997
2014.6174,-0.04933500000000002,-0.023262999999999978,0.004411999999999999
2014.6201,-0.05160799999999999,-0.024023000000000017,0.0020000000000000018
2014.6229,-0.051251000000000047,-0.024529999999999996,-0.0047840000000000035
2014.6256,-0.050993999999999984,-0.02304400000000001,0.0009390000000000023
2014.6283,-0.05114200000000002,-0.026056000000000024,-0.0036360000000000003
2014.6311,-0.05128100000000002,-0.02247300000000002,-0.007400000000000004
2014.6338,-0.04824000000000006,-0.024675999999999976,0.012176
2014.6366,-0.04839700000000002,-0.025363999999999998,0.0015599999999999989
2014.6393,-0.04774299999999998,-0.022994999999999988,0.0038670000000000024
2014.642,-0.048077000000000036,-0.025181999999999982,-0.0010270000000000001
2014.6448,-0.050582000000000016,-0.023392999999999997,-0.0013089999999999977
2014.6475,-0.049648000000000025,-0.02305400000000002,-0.0016100000000000003
2014.6502,-0.050835000000000075,-0.024419000000000024,0.0010369999999999963
2014.653,-0.05085300000000004,-0.02638299999999999,-0.005773
2014.6557,-0.050078999999999985,-0.02446100000000001,-0.004768000000000001
2014.6585,-0.05274200000000007,-0.02434799999999998,0.0048879999999999965
2014.6612,-0.04998100000000005,-0.025909000000000015,0.006588999999999998
2014.6639,-0.049580999999999986,-0.025239999999999985,0.007227999999999998
2014.6667,-0.051324000000000036,-0.02507799999999999,0.002695999999999997
2014.6694,-0.051304000000000016,-0.02493099999999998,0.004088000000000001
2014.6721,-0.049960000000000004,-0.024890000000000023,-0.0007720000000000019
2014.6749,-0.049563000000000024,-0.02357100000000001,-0.001454000000000004
2014.6776,-0.05141200000000001,-0.02365299999999998,0.007996999999999997
2014.6804,-0.049483000000000055,-0.025343999999999978,0.007106000000000001
2014.6831,-0.04849000000000003,-0.024699000000000026,0.0022210000000000008
2014.6858,-0.050256999999999996,-0.022826000000000013,0.006825999999999999
2014.6886,-0.050013000000000085,-0.024671,0.003587
2014.6913,-0.05095800000000006,-0.02437600000000001,0.007064000000000001
2014.694,-0.050153,-0.02365600000000001,0.010553
2014.6968,-0.048594000000000026,-0.023388999999999993,0.005235999999999998
2014.6995,-0.04930500000000004,-0.022328000000000015,0.005911
2014.7023,-0.04975700000000005,-0.024866999999999972,0.001447999999999998
2014.705,-0.04953700000000005,-0.027169,-0.00028600000000000153
2014.7077,-0.04931300000000005,-0.025073999999999985,0.004466999999999999
2014.7105,-0.049556000000000044,-0.025197000000000025,0.006559000000000002
2014.7132,-0.04659500000000005,-0.027345000000000008,0.003465999999999997
2014.7159,-0.04820900000000006,-0.026202000000000003,0.0031149999999999997
2014.7187,-0.046939000000000064,-0.024851999999999985,0.001466999999999996
2014.7214,-0.049835000000000074,-0.024980000000000002,0.0026250000000000023
2014.7242,-0.05067100000000002,-0.026932999999999985,0.004128
2014.7269,-0.04842100000000005,-0.026951999999999976,0.010141999999999998
2014.7296,-0.050190999999999986,-0.029347000000000012,0.002688000000000003
2014.7324,-0.04938700000000007,-0.02746900000000002,0.003166000000000002
2014.7351,-0.04798100000000005,-0.02881800000000001,0.0035180000000000003
2014.7379,-0.04953300000000005,-0.027754,-0.001348000000000002
2014.7406,-0.048947000000000074,-0.025106000000000017,-0.0046710000000000015
2014.7433,-0.04861599999999999,-0.026498999999999995,0.003691
2014.7461,-0.052167000000000074,-0.028359999999999996,0.011365
2014.7488,-0.04994300000000007,-0.026339999999999975,0.000902
2014.7515,-0.04969600000000007,-0.024704999999999977,0.0023079999999999976
2014.7543,-0.04816300000000007,-0.02529199999999998,-0.005812999999999999
2014.757,-0.049489000000000005,-0.026975000000000027,-0.0009779999999999997
2014.7598,-0.04841300000000004,-0.024884000000000017,-0.0025630000000000028
2014.7625,-0.050630000000000064,-0.025592000000000004,-0.006932000000000001
2014.7652,-0.049250000000000016,-0.024814999999999976,0.0008219999999999963
2014.768,-0.048078000000000065,-0.02474700000000002,0.007746000000000003
2014.7707,-0.04826700000000006,-0.025895,0.0017679999999999987
2014.7734,-0.04876600000000009,-0.025996999999999992,0.001570000000000002
2014.7762,-0.04841700000000004,-0.025619999999999976,0.007719999999999998
2014.7789,-0.04729800000000006,-0.028208999999999984,0.000899999999999998
2014.7817,-0.047839999999999994,-0.029335999999999973,-0.0020620000000000013
2014.7844,-0.04811900000000002,-0.03037200000000001,0.006266000000000001
2014.7871,-0.04761199999999999,-0.029088000000000003,0.0039889999999999995
2014.7899,-0.04624800000000007,-0.02835500000000002,0.0021100000000000008
2014.7926,-0.049098000000000086,-0.030436999999999992,0.0007599999999999968
2014.7953,-0.04853099999999999,-0.032505000000000006,0.009991
2014.7981,-0.04926000000000008,-0.030465999999999993,0.012503
2014.8008,-0.04889600000000005,-0.02993699999999999,0.009723000000000002
2014.8036,-0.047461000000000086,-0.03017599999999998,0.009082
2014.8063,-0.050277000000000016,-0.03284100000000001,0.009864999999999999
2014.809,-0.05071900000000007,-0.03052100000000002,0.003970000000000001
2014.8118,-0.051149,-0.026924999999999977,0.0027700000000000016
2014.8145,-0.048760000000000026,-0.03140100000000001,0.010840999999999996
2014.8172,-0.05063200000000001,-0.029611,0.001897999999999997
2014.82,-0.05191800000000002,-0.029955999999999983,0.004367000000000003
2014.8227,-0.05169299999999999,-0.03212599999999999,0.0036529999999999965
2014.8255,-0.05191000000000001,-0.029718000000000022,-0.0009330000000000033
2014.8282,-0.05154500000000006,-0.03221299999999999,0.008806000000000001
2014.8309,-0.05087700000000006,-0.02988099999999999,0.004985999999999997
2014.8337,-0.050549999999999984,-0.03106399999999998,0.002832000000000001
2014.8364,-0.05050200000000005,-0.03128799999999998,0.0034070000000000003
2014.8392,-0.05032700000000001,-0.03100900000000001,0.0012949999999999975
2014.8419,-0.04793000000000003,-0.031100000000000017,0.006255999999999998
2014.8446,-0.04856500000000008,-0.029588000000000003,0.003365
2014.8474,-0.05084300000000008,-0.03162100000000001,0.002803
2014.8501,-0.05065900000000001,-0.029695000000000027,-0.004409999999999997
2014.8528,-0.049788000000000054,-0.031233999999999984,-0.0038870000000000016
2014.8556,-0.049416000000000015,-0.029293999999999987,0.006154
2014.8583,-0.049139000000000044,-0.02901300000000001,0.009744999999999997
2014.8611,-0.05188000000000004,-0.028224000000000027,0.004228999999999997
2014.8638,-0.04939199999999999,-0.027988999999999986,-0.0009359999999999993
2014.8665,-0.04949999999999999,-0.029752999999999974,0.0001239999999999991
2014.8693,-0.05018699999999998,-0.028590999999999978,-0.0010519999999999974
2014.872,-0.04906900000000003,-0.027926000000000006,-0.001357999999999998
2014.8747,-0.04858700000000005,-0.027573999999999987,-0.0036290000000000003
2014.8775,-0.048250000000000015,-0.029312000000000005,-0.003254
2014.8802,-0.04938100000000001,-0.027953000000000006,0.003717999999999999
2014.883,-0.05041200000000001,-0.030525000000000024,0.0037519999999999984
2014.8857,-0.05105000000000004,-0.031167999999999974,0.003154999999999998
2014.8884,-0.04957400000000001,-0.033665,0.006881999999999999
2014.8912,-0.05271500000000007,-0.033501999999999976,0.011208999999999997
2014.8939,-0.05005800000000005,-0.03332400000000002,-0.004021999999999998
2014.8966,-0.04998800000000003,-0.03204600000000002,-0.0032319999999999988
2014.8994,-0.049158000000000035,-0.029133999999999993,-0.008003999999999997
2014.9021,-0.049126,-0.03165200000000001,-0.0011929999999999996
2014.9049,-0.04968300000000003,-0.03511700000000001,0.0035489999999999966
2014.9076,-0.049978999999999996,-0.030779999999999974,0.0008019999999999972
2014.9103,-0.053883000000000014,-0.031023999999999996,0.005746000000000001
2014.9131,-0.051457000000000086,-0.02917900000000001,-0.0034399999999999986
2014.9158,-0.05054800000000004,-0.031511999999999984,0.00015699999999999742
2014.9185,-0.04977100000000001,-0.03099099999999999,0.0015220000000000025
2014.9213,-0.051251000000000047,-0.030772999999999995,0.003825000000000002
2014.924,-0.050370000000000026,-0.02998099999999998,0.0014170000000000016
2014.9268,-0.04835400000000001,-0.03185399999999999,-0.0018680000000000016
2014.9295,-0.047740000000000005,-0.033665999999999974,-0.0040989999999999985
2014.9322,-0.04920000000000002,-0.029803999999999997,0.0031079999999999997
2014.935,-0.048337000000000074,-0.03390700000000002,0.0005739999999999981
2014.9377,-0.050099000000000005,-0.03694900000000001,-0.008366000000000002
2014.9405,-0.047879000000000005,-0.03450900000000001,-0.007762999999999999
2014.9432,-0.05211700000000008,-0.03457500000000002,0.0070269999999999985
2014.9459,-0.051306000000000074,-0.033194999999999975,0.0006880000000000011
2014.9487,-0.05119400000000007,-0.031559000000000004,-0.005089000000000003
2014.9514,-0.05131400000000008,-0.031028,-0.0016369999999999996
2014.9541,-0.05293100000000006,-0.03125800000000001,-0.0017199999999999993
2014.9569,-0.052391000000000076,-0.032191000000000025,0.002475999999999999
2014.9596,-0.051955000000000084,-0.030505999999999978,-0.0022900000000000004
2014.9624,-0.05084700000000009,-0.030218000000000023,-0.0013849999999999973
2014.9651,-0.05043400000000009,-0.032484999999999986,-0.009635000000000001
2014.9678,-0.04975600000000002,-0.03234300000000001,-0.0024080000000000004
2014.9706,-0.05073100000000008,-0.03218900000000002,-0.004014000000000004
2014.9733,-0.05156900000000009,-0.030343999999999982,-0.005278999999999999
2014.976,-0.04918800000000001,-0.02995700000000001,-0.013545000000000001
2014.9788,-0.05152500000000004,-0.029544999999999988,-0.005387000000000003
2014.9815,-0.05207100000000009,-0.027115999999999973,-0.007550000000000001
2014.9843,-0.05099799999999999,-0.029368000000000005,-0.012001000000000001
2014.987,-0.051563000000000025,-0.028944000000000025,-0.008433
2014.9897,-0.05210400000000004,-0.026739999999999986,-0.010280000000000001
2014.9925,-0.05134300000000003,-0.026202000000000003,-0.018462
2014.9952,-0.04985800000000007,-0.02440199999999998,-0.017562
2014.9979,-0.05042600000000008,-0.028237000000000012,-0.008324999999999999
2015.0007,-0.050928000000000084,-0.028612000000000026,-0.007455999999999997
2015.0034,-0.05203500000000005,-0.029835,-0.004192000000000001
2015.0062,-0.051073000000000035,-0.02853,-0.0063529999999999975
2015.0089,-0.05125000000000002,-0.03020600000000001,-0.007849000000000002
2015.0116,-0.04933300000000007,-0.029492000000000018,-0.012557000000000002
2015.0144,-0.05001100000000003,-0.029422000000000004,-0.010274000000000002
2015.0171,-0.05053200000000002,-0.02879100000000001,-0.001238999999999997
2015.0198,-0.05221100000000001,-0.028936000000000017,-0.009753999999999999
2015.0226,-0.05003400000000002,-0.028283000000000003,-0.007580000000000003
2015.0253,-0.05074500000000004,-0.028723999999999972,-0.009163000000000001
2015.0281,-0.05333600000000005,-0.030069999999999986,-0.008684
2015.0308,-0.05205000000000004,-0.029974,-0.009949
2015.0335,-0.051391000000000076,-0.028679999999999983,-0.007913999999999997
2015.0363,-0.051522999999999985,-0.02838299999999999,-0.011530000000000002
2015.039,-0.052410999999999985,-0.030505999999999978,-0.004868999999999998
2015.0418,-0.053300000000000014,-0.031999,-0.005975000000000001
2015.0445,-0.053266000000000036,-0.030785000000000007,-0.004898
2015.0472,-0.052273000000000014,-0.031799999999999995,-0.0029609999999999984
2015.05,-0.052623000000000086,-0.029374999999999984,-0.009722000000000001
2015.0527,-0.05096400000000001,-0.028399000000000008,-0.011972
2015.0554,-0.05241000000000007,-0.030229000000000006,-0.012709999999999999
2015.0582,-0.05262800000000001,-0.03073300000000001,-0.005144000000000003
2015.0609,-0.05164500000000005,-0.030295000000000016,-0.005949000000000003
2015.0637,-0.05351000000000006,-0.029716999999999993,-0.0064680000000000015
2015.0664,-0.05137400000000003,-0.03168300000000002,-0.0031100000000000017
2015.0691,-0.05018699999999998,-0.028766999999999987,-0.012353
2015.0719,-0.05279400000000001,-0.02959400000000001,-0.005878000000000001
2015.0746,-0.05248800000000009,-0.028917000000000026,-0.009889000000000002
2015.0773,-0.05070400000000008,-0.027727999999999975,-0.008986000000000001
2015.0801,-0.05287900000000001,-0.030069000000000012,-0.01156
2015.0828,-0.052781999999999996,-0.030897000000000008,-0.008673
2015.0856,-0.052759,-0.03048099999999998,-0.0023140000000000036
2015.0883,-0.053399000000000085,-0.029291999999999985,-0.005395999999999998
2015.091,-0.052431000000000005,-0.028175000000000006,-0.010430000000000002
2015.0938,-0.052987000000000006,-0.029063000000000005,-0.00037299999999999833
2015.0965,-0.05358300000000005,-0.031142999999999976,-0.004963000000000002
2015.0992,-0.05291800000000002,-0.033384000000000025,-0.0013869999999999993
2015.102,-0.05598200000000009,-0.032972999999999975,-0.0003809999999999994
2015.1047,-0.05371500000000007,-0.031555,-0.009468
2015.1075,-0.05273500000000009,-0.03271600000000002,-0.011519000000000001
2015.1102,-0.05280400000000007,-0.02996500000000002,-0.007737000000000001
2015.1129,-0.053759,-0.029125000000000012,-0.013052000000000001
2015.1157,-0.052034000000000025,-0.03018900000000002,-0.01526
2015.1184,-0.05349700000000002,-0.03021400000000002,-0.007285
2015.1211,-0.051634999999999986,-0.027200000000000002,-0.00979
2015.1239,-0.05099900000000002,-0.024488999999999983,-0.008048
2015.1266,-0.05645,-0.02659499999999998,-0.006175
2015.1294,-0.05322199999999999,-0.027054000000000022,-0.011127999999999999
2015.1321,-0.053870000000000084,-0.02768900000000002,-0.011593
2015.1348,-0.054910000000000014,-0.027973000000000026,-0.010411
2015.1376,-0.05526300000000006,-0.028529000000000027,-0.004931999999999999
2015.1403,-0.054221000000000075,-0.028129000000000015,-0.008112000000000001
2015.1431,-0.052630000000000066,-0.02712399999999998,-0.010539
2015.1458,-0.05261300000000002,-0.02652500000000002,-0.006636000000000003
2015.1485,-0.054200000000000026,-0.029044000000000014,-0.010429
2015.1513,-0.055381000000000014,-0.02849299999999999,-0.009284
2015.154,-0.053783000000000025,-0.028710000000000013,-0.008957
2015.1567,-0.057335000000000025,-0.02926899999999999,-0.0023330000000000017
2015.1595,-0.054843000000000086,-0.02602300000000002,-0.007739000000000003
2015.1622,-0.054796999999999985,-0.028036000000000005,-0.012265999999999999
2015.165,-0.05668800000000007,-0.029613999999999974,-0.0057880000000000015
2015.1677,-0.05399799999999999,-0.028044000000000013,-0.013411
2015.1704,-0.05526300000000006,-0.029503999999999975,-0.0060059999999999975
2015.1732,-0.056240999999999985,-0.029135999999999995,-0.008107999999999997
2015.1759,-0.05757200000000007,-0.030540999999999985,-0.013463
2015.1786,-0.05655399999999999,-0.02948299999999998,-0.009098000000000002
2015.1814,-0.05632500000000007,-0.030428999999999984,-0.012899
2015.1841,-0.05817300000000003,-0.02977000000000002,-0.009381
2015.1869,-0.05535100000000004,-0.030081000000000024,-0.012285
2015.1896,-0.05439500000000008,-0.03278300000000001,-0.010425
2015.1923,-0.05510400000000004,-0.03123100000000001,-0.011177
2015.1951,-0.05556100000000008,-0.028088999999999975,-0.011038
2015.1978,-0.05560399999999999,-0.03152699999999997,-0.005940000000000001
2015.2005,-0.05712600000000001,-0.033382999999999996,-1.0000000000003062e-05
2015.2033,-0.05506600000000006,-0.027795000000000014,-0.008406
2015.206,-0.05544500000000008,-0.02978900000000001,-0.011331
2015.2088,-0.05566800000000005,-0.029737000000000013,-0.0078109999999999985
2015.2115,-0.054426000000000085,-0.02959400000000001,-0.012313000000000001
2015.2142,-0.057109000000000076,-0.030527000000000026,-0.010999000000000002
2015.217,-0.05861100000000008,-0.03173300000000001,-0.010451000000000002
2015.2197,-0.05741600000000002,-0.03149400000000002,-0.012601000000000001
2015.2225,-0.05649000000000004,-0.030806999999999973,-0.012181
2015.2252,-0.05572300000000008,-0.03280899999999998,-0.0026530000000000026
2015.2279,-0.056771000000000016,-0.030260999999999982,-0.011766000000000002
2015.2307,-0.05696900000000005,-0.027853000000000017,-0.014134
2015.2334,-0.05555100000000002,-0.03140799999999999,-0.00698
2015.2361,-0.05615000000000003,-0.030283000000000004,-0.0023250000000000007
2015.2389,-0.05543700000000007,-0.030326999999999993,-0.012506
2015.2416,-0.05687900000000001,-0.029239999999999988,-0.009165
2015.2444,-0.056983000000000006,-0.031023000000000023,-0.009638
2015.2471,-0.05640400000000001,-0.03126099999999998,-0.009577000000000002
2015.2498,-0.055930000000000035,-0.03182299999999999,-0.009119000000000002
2015.2526,-0.05647800000000003,-0.028903999999999985,-0.011097
2015.2553,-0.05731400000000009,-0.02992699999999998,-0.008268000000000001
2015.258,-0.057422000000000084,-0.030011999999999983,-0.008181
2015.2608,-0.05893300000000001,-0.029347000000000012,-0.00047900000000000026
2015.2635,-0.05906100000000003,-0.02975,5.2999999999997494e-05
2015.2663,-0.05986500000000006,-0.030227999999999977,-0.005880000000000003
2015.269,-0.057003000000000026,-0.030638,-0.01123
2015.2717,-0.056082999999999994,-0.031550999999999996,-0.006180999999999999
2015.2745,-0.05863099999999999,-0.03101100000000001,-0.002822999999999999
2015.2772,-0.05863600000000002,-0.02977000000000002,-0.010355
2015.2799,-0.05748900000000001,-0.02884700000000001,-0.009144
2015.2827,-0.057209000000000065,-0.028507000000000005,-0.010527000000000002
2015.2854,-0.056877000000000066,-0.028409000000000018,-0.007856000000000002
2015.2882,-0.05573500000000009,-0.02835199999999999,-0.014824
2015.2909,-0.05598000000000003,-0.02731,-0.013642999999999999
2015.2936,-0.05713100000000004,-0.027947999999999973,-0.015938
2015.2964,-0.05810599999999999,-0.029054999999999997,-0.010369
2015.2991,-0.057660000000000045,-0.02853,-0.01277
2015.3018,-0.058221999999999996,-0.029754000000000003,-0.007888
2015.3046,-0.057155999999999985,-0.025195999999999996,-0.010721000000000001
2015.3073,-0.056864000000000026,-0.029169,-0.008433
2015.3101,-0.057123000000000035,-0.027727999999999975,-0.007601999999999998
2015.3128,-0.05686100000000005,-0.028376000000000012,-0.006974000000000001
2015.3155,-0.05647900000000006,-0.02888099999999999,-0.014953000000000001
2015.3183,-0.05480099999999999,-0.025484000000000007,-0.010831
2015.321,-0.05676400000000004,-0.025085999999999997,-0.012139
2015.3238,-0.055784000000000056,-0.02823500000000001,-0.012851999999999999
2015.3265,-0.05565399999999998,-0.026401000000000008,-0.017995
2015.3292,-0.057667000000000024,-0.028430999999999984,-0.010061
2015.332,-0.056845000000000034,-0.026025999999999994,-0.010083000000000002
2015.3347,-0.05822700000000003,-0.026822999999999986,-0.011399
2015.3374,-0.057063000000000086,-0.026212000000000013,-0.012875000000000001
2015.3402,-0.05645600000000006,-0.025031000000000025,-0.010877999999999999
2015.3429,-0.05679299999999998,-0.026505,-0.01703
2015.3457,-0.056155999999999984,-0.024339999999999973,-0.011288
2015.3484,-0.055691000000000046,-0.026617000000000002,-0.008125
2015.3511,-0.056857000000000046,-0.02748600000000001,-0.013319000000000001
2015.3539,-0.05833200000000005,-0.026330999999999993,-0.009046000000000002
2015.3566,-0.05649599999999999,-0.026554999999999995,-0.009742
2015.3593,-0.05759500000000006,-0.027835999999999972,-0.010642000000000002
2015.3621,-0.05720000000000003,-0.026588,-0.007128000000000002
2015.3648,-0.05804500000000001,-0.02565099999999998,-0.010235000000000001
2015.3676,-0.05839900000000009,-0.02679999999999999,-0.006866999999999998
2015.3703,-0.05854199999999998,-0.027581999999999995,-0.011056
2015.373,-0.05797300000000005,-0.027629999999999988,-0.011311000000000002
2015.3758,-0.05605100000000007,-0.027195000000000025,-0.016281
2015.3785,-0.057884000000000047,-0.027532,-0.012279000000000002
2015.3812,-0.05811200000000005,-0.026729999999999976,-0.012129000000000001
2015.384,-0.05906,-0.025847999999999982,-0.010588
2015.3867,-0.059589,-0.027612000000000025,-0.0042220000000000035
2015.3895,-0.05754199999999998,-0.025434000000000012,-0.012459000000000001
2015.3922,-0.05745900000000004,-0.026602000000000015,-0.011009000000000001
2015.3949,-0.05761800000000006,-0.02667799999999998,-0.010581
2015.3977,-0.05855600000000005,-0.027245999999999992,-0.009745
2015.4004,-0.05640500000000004,-0.025996999999999992,-0.009401
2015.4031,-0.05776100000000006,-0.026137999999999995,-0.010075
2015.4059,-0.057163000000000075,-0.025702000000000003,-0.011356000000000002
2015.4086,-0.05820599999999998,-0.025793999999999984,-0.008912
2015.4114,-0.05827500000000008,-0.02707100000000001,-0.012362999999999999
2015.4141,-0.05941099999999999,-0.028100999999999987,-0.005380000000000003
2015.4168,-0.05695600000000001,-0.02724700000000002,-0.009634
2015.4196,-0.05810100000000007,-0.02494400000000002,-0.008359000000000002
2015.4223,-0.06016900000000003,-0.028353000000000017,-0.00952
2015.4251,-0.054738000000000064,-0.024812,-0.011956000000000001
2015.4278,-0.05760900000000002,-0.02488600000000002,-0.016368
2015.4305,-0.057924000000000087,-0.02544200000000002,-0.012391
2015.4333,-0.05814000000000008,-0.027380000000000015,-0.004289000000000001
2015.436,-0.05847100000000005,-0.025673,-0.007435999999999998
2015.4387,-0.057433999999999985,-0.023882999999999988,-0.007313
2015.4415,-0.05903500000000006,-0.02271200000000001,-0.010502000000000001
2015.4442,-0.05915400000000004,-0.024519000000000013,-0.01601
2015.447,-0.05767600000000006,-0.024071999999999982,-0.009285000000000002
2015.4497,-0.05792200000000003,-0.022139999999999993,-0.009146000000000001
2015.4524,-0.059226,-0.023424,-0.014177000000000002
2015.4552,-0.058005000000000084,-0.024206000000000005,-0.004874000000000003
2015.4579,-0.05735699999999999,-0.02480199999999999,-0.011584
2015.4606,-0.05658200000000002,-0.024195000000000022,-0.009056000000000002
2015.4634,-0.05787600000000004,-0.02468999999999999,-0.0021960000000000035
2015.4661,-0.05766300000000002,-0.024604000000000015,-0.009297
2015.4689,-0.057460999999999984,-0.02506799999999998,-0.001015000000000002
2015.4716,-0.05604000000000009,-0.02510499999999999,0.0011419999999999972
2015.4743,-0.055975,-0.026633000000000018,-0.012282999999999999
2015.4771,-0.055194999999999994,-0.024534,-0.006567000000000003
2015.4798,-0.055579000000000045,-0.025253000000000025,-0.009420999999999999
2015.4825,-0.05615800000000004,-0.024585999999999997,-0.015185
2015.4853,-0.058362000000000025,-0.023969000000000018,-0.007269999999999999
2015.488,-0.05803600000000009,-0.024895,-0.0016330000000000025
2015.4908,-0.05649700000000002,-0.023239999999999983,-0.004976000000000001
2015.4935,-0.05580800000000008,-0.023525000000000018,0.000448999999999998
2015.4962,-0.055772000000000044,-0.025419000000000025,-0.002791000000000002
2015.499,-0.055257,-0.024426000000000003,-0.0013080000000000036
2015.5017,-0.05655399999999999,-0.022231,-0.003701000000000003
2015.5044,-0.05815900000000007,-0.02222099999999999,-0.008423
2015.5072,-0.05785000000000007,-0.025735000000000008,-0.0011009999999999978
2015.5099,-0.05867500000000003,-0.026440999999999992,-0.004539000000000001
2015.5127,-0.05619000000000007,-0.024984000000000006,-0.005073000000000001
2015.5154,-0.056951000000000085,-0.025859999999999994,-0.0011859999999999996
2015.5181,-0.05822800000000006,-0.025919000000000025,0.002593999999999999
2015.5209,-0.05688599999999999,-0.025650000000000006,0.002374000000000001
2015.5236,-0.05737200000000009,-0.025724999999999998,0.005052000000000001
2015.5264,-0.055812000000000084,-0.02443400000000001,0.0009419999999999984
2015.5291,-0.056711999999999985,-0.02549600000000002,-0.0022059999999999996
2015.5318,-0.05726600000000004,-0.024739999999999984,-0.0030700000000000033
2015.5346,-0.057884000000000047,-0.02282200000000001,-0.006878000000000002
2015.5373,-0.058726000000000056,-0.022237000000000007,-0.002336999999999999
2015.54,-0.056850999999999985,-0.02460800000000002,0.0012589999999999962
2015.5428,-0.056514000000000064,-0.022762999999999978,0.0004870000000000013
2015.5455,-0.05610400000000004,-0.024689000000000016,0.0005959999999999993
2015.5483,-0.05562,-0.024714000000000014,0.00011099999999999999
2015.551,-0.05674800000000002,-0.02369199999999999,0.004298999999999997
2015.5537,-0.058070999999999984,-0.02588499999999999,0.002807999999999998
2015.5565,-0.05621900000000002,-0.024751999999999996,-0.00013900000000000023
2015.5592,-0.05777500000000002,-0.02524399999999999,-0.0046679999999999985
2015.5619,-0.057912000000000075,-0.026722000000000024,0.004609999999999996
2015.5647,-0.058151000000000064,-0.023627999999999982,-0.005891
2015.5674,-0.055737000000000037,-0.024801000000000017,-0.0030719999999999983
2015.5702,-0.05615199999999998,-0.026868999999999976,-0.0020900000000000016
2015.5729,-0.05554900000000007,-0.023114000000000023,-0.006488000000000001
2015.5756,-0.05697400000000008,-0.025007999999999975,-0.0037719999999999976
2015.5784,-0.054989000000000066,-0.025251000000000023,0.0012780000000000014
2015.5811,-0.05702700000000005,-0.026946000000000025,-0.0009849999999999998
2015.5838,-0.057143000000000055,-0.025473000000000023,-0.0017650000000000027
2015.5866,-0.05749900000000008,-0.026210999999999984,0.008815999999999997
2015.5893,-0.05848600000000004,-0.025380999999999987,-0.0015420000000000017
2015.5921,-0.05841099999999999,-0.02569300000000002,-0.00046199999999999714
2015.5948,-0.05573400000000006,-0.026727999999999974,0.0012980000000000005
2015.5975,-0.05655399999999999,-0.025397999999999976,0.0021829999999999974
2015.6003,-0.05699300000000007,-0.025403999999999982,0.001910000000000002
2015.603,-0.056087,-0.025316000000000005,0.001010999999999998
2015.6057,-0.05673400000000006,-0.02759800000000001,0.008117
2015.6085,-0.05508299999999999,-0.02534799999999998,0.0024030000000000024
2015.6112,-0.05460600000000004,-0.025550000000000017,0.007654000000000001
2015.614,-0.05580099999999999,-0.02481,0.007780999999999996
2015.6167,-0.05720700000000001,-0.027631000000000017,0.0015089999999999965
2015.6194,-0.055275000000000074,-0.024058000000000024,-0.0003070000000000017
2015.6222,-0.055844000000000005,-0.02615200000000001,0.0008260000000000003
2015.6249,-0.05585300000000004,-0.02474900000000002,-0.004261000000000001
2015.6277,-0.05693599999999999,-0.025480000000000003,-7.000000000000062e-05
2015.6304,-0.056508,-0.02621499999999999,0.003984000000000001
2015.6331,-0.055825000000000014,-0.02711399999999997,0.013741999999999997
2015.6359,-0.05465900000000001,-0.027061999999999975,0.0032179999999999986
2015.6386,-0.055531,-0.024971999999999994,-0.0010659999999999975
2015.6413,-0.05746400000000007,-0.026768999999999987,0.0010579999999999964
2015.6441,-0.05671500000000007,-0.024324999999999986,-0.006226000000000002
2015.6468,-0.05572200000000005,-0.02612199999999998,0.0017420000000000005
2015.6496,-0.056977000000000055,-0.026760000000000006,0.005386000000000002
2015.6523,-0.05768300000000004,-0.027783999999999975,0.001467999999999997
2015.655,-0.058030000000000026,-0.028683000000000014,0.013450999999999998
2015.6578,-0.057136000000000076,-0.030704999999999982,0.0029949999999999977
2015.6605,-0.056885000000000074,-0.030803000000000025,-0.0005399999999999988
2015.6632,-0.057401000000000035,-0.030223,0.005972999999999999
2015.666,-0.055857000000000046,-0.027094000000000007,0.009884999999999998
2015.6687,-0.05466599999999999,-0.02599499999999999,0.0034370000000000026
2015.6715,-0.056208000000000036,-0.027191999999999994,-0.0018470000000000014
2015.6742,-0.05345500000000003,-0.026079999999999992,0.004912
2015.6769,-0.055698000000000025,-0.029756999999999978,-0.0042150000000000035
2015.6797,-0.05522300000000002,-0.027720000000000022,0.0016120000000000023
2015.6824,-0.05605400000000005,-0.027961999999999987,-0.0008120000000000002
2015.6851,-0.05557100000000004,-0.02609800000000001,0.0033349999999999977
2015.6879,-0.05694100000000002,-0.026702999999999977,0.005865000000000002
2015.6906,-0.056472999999999995,-0.026803999999999994,-0.003483
2015.6934,-0.055804000000000076,-0.027397999999999978,0.0027420000000000014
2015.6961,-0.05631900000000001,-0.027486999999999984,0.0033240000000000006
2015.6988,-0.056894,-0.02966200000000002,0.006097999999999999
2015.7016,-0.058572999999999986,-0.02624599999999999,0.0027539999999999995
2015.7043,-0.057553999999999994,-0.027515999999999985,0.0006229999999999986
2015.707,-0.057069000000000036,-0.028797000000000017,0.007827
2015.7098,-0.05795400000000006,-0.031254000000000004,0.0050110000000000016
2015.7125,-0.05736000000000008,-0.030494999999999994,0.006187999999999999
2015.7153,-0.05629700000000004,-0.031013000000000013,0.003273999999999999
2015.718,-0.05637000000000003,-0.02896399999999999,0.009384999999999998
2015.7207,-0.057333999999999996,-0.030696999999999974,0.008066999999999998
2015.7235,-0.05679000000000001,-0.030588000000000004,0.003498000000000001
2015.7262,-0.05542400000000003,-0.03094399999999997,0.002350999999999999
2015.729,-0.05759500000000006,-0.029718999999999995,0.004090999999999997
2015.7317,-0.05755600000000005,-0.030579999999999996,0.002814999999999998
2015.7344,-0.05705500000000008,-0.029380000000000017,0.004651999999999996
2015.7372,-0.057606000000000046,-0.03099200000000002,-0.00015899999999999942
2015.7399,-0.05707200000000001,-0.028440999999999994,0.0007220000000000004
2015.7426,-0.05812000000000006,-0.031061000000000005,0.0033429999999999988
2015.7454,-0.05772300000000008,-0.030957999999999986,0.008132
2015.7481,-0.05546200000000001,-0.031974999999999976,-0.0026339999999999975
2015.7509,-0.05442400000000003,-0.033538999999999985,0.004644999999999996
2015.7536,-0.05545500000000003,-0.028584,0.0038499999999999993
2015.7563,-0.05407700000000004,-0.028492000000000017,0.005193999999999997
2015.7591,-0.05431200000000003,-0.029227999999999976,0.004393000000000001
2015.7618,-0.05729099999999998,-0.033636,0.007448999999999997
2015.7645,-0.05723100000000003,-0.032791000000000015,0.00016999999999999654
2015.7673,-0.056586000000000025,-0.031820000000000015,0.009277
2015.77,-0.053054000000000046,-0.03234999999999999,0.005836000000000001
2015.7728,-0.054625000000000035,-0.036266999999999994,0.009062
2015.7755,-0.05564800000000003,-0.03409000000000001,0.006191000000000002
2015.7782,-0.05590200000000001,-0.03249099999999999,0.008955999999999999
2015.781,-0.05608500000000005,-0.03301599999999999,0.004394000000000002
2015.7837,-0.055671000000000026,-0.030841000000000007,-0.003369000000000004
2015.7864,-0.05439100000000008,-0.030000000000000027,0.0017280000000000004
2015.7892,-0.05461000000000005,-0.03284799999999999,0.00027699999999999947
2015.7919,-0.05390499999999998,-0.03226899999999999,0.009009999999999997
2015.7947,-0.05591200000000007,-0.032569000000000015,0.0035659999999999997
2015.7974,-0.05528300000000008,-0.03300799999999998,0.0009619999999999976
2015.8001,-0.055064,-0.03314400000000001,-0.0034059999999999993
2015.8029,-0.053233000000000086,-0.03367999999999999,-0.006522
2015.8056,-0.056123000000000034,-0.03414699999999998,4.599999999999743e-05
2015.8084,-0.055520000000000014,-0.032555999999999974,0.0024030000000000024
2015.8111,-0.055162000000000044,-0.032968,0.006426000000000001
2015.8138,-0.05351500000000009,-0.035685999999999996,-0.0009429999999999994
2015.8166,-0.05572600000000005,-0.03451500000000002,-0.00036699999999999927
2015.8193,-0.05510700000000002,-0.033694,0.0005580000000000029
2015.822,-0.05410199999999998,-0.03256500000000001,-0.0010329999999999992
2015.8248,-0.05554800000000004,-0.03301900000000002,-0.0010280000000000011
2015.8275,-0.05418200000000006,-0.03484300000000001,0.008032999999999998
2015.8303,-0.05491100000000004,-0.03708699999999998,0.011571999999999999
2015.833,-0.05547000000000002,-0.03725499999999998,-0.00037000000000000227
2015.8357,-0.05666800000000005,-0.033355000000000024,-0.0007409999999999986
2015.8385,-0.055253,-0.03318300000000002,1.6000000000002124e-05
2015.8412,-0.054786,-0.033158999999999994,-0.008461
2015.8439,-0.05406700000000009,-0.03445100000000001,-0.0008080000000000032
2015.8467,-0.055186999999999986,-0.033160999999999996,-0.0022790000000000032
2015.8494,-0.05571599999999999,-0.035295999999999994,-0.002142999999999999
2015.8522,-0.05659500000000006,-0.03386800000000001,5.8999999999996555e-05
2015.8549,-0.05395100000000008,-0.03448200000000001,0.004464999999999997
2015.8576,-0.05420200000000008,-0.03573799999999999,0.0009679999999999966
2015.8604,-0.057057000000000024,-0.03677399999999997,0.004804999999999997
2015.8631,-0.05554999999999999,-0.035804999999999976,-0.001798000000000001
2015.8658,-0.053506000000000054,-0.036858999999999975,0.00016399999999999748
2015.8686,-0.05412300000000003,-0.037509000000000015,-0.0068010000000000015
2015.8713,-0.05467300000000008,-0.03536299999999998,0.004609000000000002
2015.8741,-0.05295900000000009,-0.03637000000000001,0.0020750000000000005
2015.8768,-0.05495400000000006,-0.03569099999999997,-3.700000000000231e-05
2015.8795,-0.05547600000000008,-0.03385100000000002,-0.00016300000000000342
2015.8823,-0.05678900000000009,-0.03600199999999998,0.002230000000000003
2015.885,-0.05167300000000008,-0.030909999999999993,-0.012639000000000001
2015.8877,-0.053718000000000043,-0.030638,-0.009796
2015.8905,-0.05361199999999999,-0.03292299999999998,-0.0029940000000000036
2015.8932,-0.05613900000000005,-0.031548999999999994,-0.0007110000000000033
2015.896,-0.05488700000000002,-0.031663,-0.003608
2015.8987,-0.054172,-0.03303699999999998,-0.0029
2015.9014,-0.054742999999999986,-0.031849000000000016,-0.008402
2015.9042,-0.054862999999999995,-0.03354400000000002,-0.009899000000000002
2015.9069,-0.055235000000000034,-0.034584000000000004,-0.004723999999999999
2015.9097,-0.05378100000000008,-0.03553200000000001,-0.007087000000000003
2015.9124,-0.05530400000000002,-0.03539399999999998,0.00017400000000000054
2015.9151,-0.053835999999999995,-0.035629999999999995,-0.009243000000000001
2015.9179,-0.05677700000000008,-0.035412,0.0011089999999999989
2015.9206,-0.05132100000000006,-0.03858699999999998,0.003692000000000001
2015.9233,-0.052140000000000075,-0.03492400000000001,-0.0030989999999999976
2015.9261,-0.05456100000000008,-0.038273,-0.006329000000000001
2015.9288,-0.053895000000000026,-0.03908299999999998,-0.0061370000000000036
2015.9316,-0.05270200000000003,-0.03508499999999998,5.3999999999998494e-05
2015.9343,-0.05380800000000008,-0.037912999999999974,-0.0006670000000000009
2015.937,-0.05324899999999999,-0.03685699999999997,0.0003229999999999969
2015.9398,-0.054976000000000025,-0.03814400000000001,0.00011399999999999605
2015.9425,-0.05468000000000006,-0.03684100000000001,-0.0021960000000000035
2015.9452,-0.05398600000000009,-0.03489700000000001,-0.0035620000000000027
2015.948,-0.05435000000000001,-0.034773,-0.0027850000000000028
2015.9507,-0.05356700000000003,-0.033107,-0.00044700000000000295
2015.9535,-0.05241899999999999,-0.035731999999999986,-0.0076980000000000035
2015.9562,-0.05317000000000005,-0.032818000000000014,-0.005871000000000001
2015.9589,-0.05418299999999998,-0.03386499999999998,-0.002368000000000002
2015.9617,-0.056136000000000075,-0.035831999999999975,-0.0033480000000000038
2015.9644,-0.05597099999999999,-0.03356199999999998,-0.0028839999999999977
2015.9671,-0.05505199999999999,-0.03610600000000003,0.0002679999999999974
2015.9699,-0.05638300000000007,-0.03632099999999999,0.0032080000000000025
2015.9726,-0.056613000000000024,-0.03503299999999998,0.007032999999999998
2015.9754,-0.05623200000000006,-0.03506500000000001,-0.0012850000000000014
2015.9781,-0.05590800000000007,-0.035287999999999986,-0.009181000000000002
2015.9808,-0.055346000000000006,-0.034140000000000004,-0.003389999999999997
2015.9836,-0.05544300000000002,-0.03379399999999999,-0.008379000000000001
2015.9863,-0.054922000000000026,-0.032835999999999976,-0.009679
2015.989,-0.05586900000000006,-0.03326800000000002,-0.008253999999999997
2015.9918,-0.05608800000000003,-0.032801000000000025,-0.009719000000000002
2015.9945,-0.054744000000000015,-0.03132099999999999,-0.012711
2015.9973,-0.05294600000000005,-0.030805000000000027,-0.011146
2016.0,-0.056937000000000015,-0.029695000000000027,-0.001451000000000001
2016.0027,-0.05469400000000002,-0.03248899999999999,-0.006088999999999997
2016.0055,-0.05497300000000005,-0.034138999999999975,-0.008660000000000001
2016.0082,-0.05707200000000001,-0.03425499999999998,0.004307999999999999
2016.011,-0.05852299999999999,-0.03654200000000002,0.0012609999999999982
2016.0137,-0.05494500000000002,-0.034997999999999974,-0.0035089999999999982
2016.0164,-0.056118,-0.032355999999999996,-0.0007679999999999979
2016.0192,-0.05523300000000009,-0.03355799999999998,-0.006032000000000003
2016.0219,-0.05546400000000007,-0.034575999999999996,-0.003831000000000001
2016.0246,-0.05593199999999998,-0.03410400000000002,-0.0055569999999999994
2016.0274,-0.05755600000000005,-0.03578300000000001,-0.0053339999999999985
2016.0301,-0.05584200000000006,-0.03717999999999999,-0.005428000000000002
2016.0329,-0.055633000000000044,-0.03531000000000001,-0.007948000000000004
2016.0356,-0.056248000000000076,-0.033999,-0.003715999999999997
2016.0383,-0.056531,-0.03299400000000002,-0.003499000000000002
2016.0411,-0.05697200000000002,-0.03473599999999999,-0.001683999999999998
2016.0438,-0.05682100000000001,-0.03778900000000002,-0.0013239999999999988
2016.0465,-0.05488900000000008,-0.036497,-0.0037560000000000024
2016.0493,-0.055671000000000026,-0.03456999999999999,-0.004944000000000004
2016.052,-0.054319000000000006,-0.03615600000000002,-0.0053349999999999995
2016.0548,-0.053240000000000065,-0.03791699999999998,-0.0010389999999999983
2016.0575,-0.05401800000000001,-0.035306000000000004,-0.007297999999999999
2016.0602,-0.05503200000000008,-0.03279199999999999,-0.006720000000000004
2016.063,-0.055487000000000064,-0.03324100000000002,-0.006044000000000001
2016.0657,-0.054922000000000026,-0.033526,-0.007101999999999997
2016.0684,-0.05449100000000007,-0.033891000000000004,-0.00044500000000000095
2016.0712,-0.056143000000000054,-0.03356999999999999,-0.004896999999999999
2016.0739,-0.05517700000000003,-0.03884399999999999,-0.0069190000000000015
2016.0767,-0.05750300000000008,-0.03645300000000001,-0.0015200000000000005
2016.0794,-0.05878300000000003,-0.034777,-0.002931999999999997
2016.0821,-0.057103000000000015,-0.032606000000000024,-0.006260000000000002
2016.0849,-0.056580000000000075,-0.033459000000000017,-0.006814000000000001
2016.0876,-0.05678400000000006,-0.034333999999999976,-0.005707000000000004
2016.0903,-0.05554800000000004,-0.034882000000000024,-0.009833000000000001
2016.0931,-0.05534300000000003,-0.034990999999999994,-0.010601
2016.0958,-0.05587799999999998,-0.031998000000000026,-0.01876
2016.0986,-0.05780700000000005,-0.031096999999999986,-0.013781999999999999
2016.1013,-0.05625100000000005,-0.03253800000000001,-0.014759000000000001
2016.104,-0.05614800000000009,-0.031957999999999986,-0.013011000000000002
2016.1068,-0.058421000000000056,-0.031553,-0.010529
2016.1095,-0.05729400000000007,-0.03229199999999999,-0.013215000000000001
2016.1123,-0.058964000000000016,-0.03318500000000002,-0.007455000000000003
2016.115,-0.059365,-0.03492200000000001,-0.008086000000000003
2016.1177,-0.05847100000000005,-0.032874000000000014,-0.013274000000000001
2016.1205,-0.05970500000000001,-0.03425699999999998,-0.010311
2016.1232,-0.060665000000000024,-0.030961000000000016,-0.006876
2016.1259,-0.060692000000000024,-0.030897000000000008,-0.005692000000000003
2016.1287,-0.060141000000000056,-0.03249000000000002,-0.002120000000000004
2016.1314,-0.06326600000000004,-0.037638000000000005,0.004076999999999997
2016.1342,-0.06324100000000005,-0.04004799999999997,-0.005083999999999998
2016.1369,-0.06305400000000005,-0.03453400000000001,-0.010269
2016.1396,-0.06301200000000001,-0.03428199999999998,-0.012086
2016.1424,-0.06336300000000006,-0.03472700000000001,-0.010927
2016.1451,-0.06158400000000003,-0.030918999999999974,-0.008239000000000003
2016.1478,-0.06331100000000006,-0.034553,-0.006588999999999998
2016.1506,-0.06444200000000005,-0.034777999999999976,-0.004603000000000003
2016.1533,-0.06292400000000004,-0.03529500000000002,-0.009929
2016.1561,-0.06319800000000003,-0.036109999999999975,-0.0012220000000000009
2016.1588,-0.06396000000000002,-0.03894700000000001,-0.002355000000000003
2016.1615,-0.06200100000000003,-0.03881899999999999,-0.00015400000000000136
2016.1643,-0.06198300000000001,-0.039051999999999976,-0.0045590000000000006
2016.167,-0.06379000000000001,-0.036882000000000026,-0.003277000000000002
2016.1697,-0.06627600000000006,-0.03853699999999999,-0.0020610000000000003
2016.1725,-0.06236600000000003,-0.03846100000000002,-0.013250000000000001
2016.1752,-0.06563200000000002,-0.04119299999999998,-0.004286999999999999
2016.178,-0.06386700000000006,-0.04055500000000001,0.0018519999999999995
2016.1807,-0.06296200000000002,-0.037239999999999995,-0.003282
2016.1834,-0.06433800000000006,-0.036017999999999994,-0.0030869999999999995
2016.1862,-0.06418900000000005,-0.037907000000000024,-0.002464000000000001
2016.1889,-0.06335500000000005,-0.04052699999999998,0.0005319999999999978
2016.1916,-0.06535500000000005,-0.03800300000000001,-0.003238999999999999
2016.1944,-0.06679400000000002,-0.039545,-0.005110000000000003
2016.1971,-0.06620000000000004,-0.039102000000000026,-0.004118999999999998
2016.1999,-0.06779000000000002,-0.038492000000000026,-0.003141999999999999
2016.2026,-0.06378500000000004,-0.03743400000000002,-0.006297999999999998
2016.2053,-0.06222400000000006,-0.035696000000000006,-0.006606000000000001
2016.2081,-0.06046600000000002,-0.03329500000000002,-0.011696999999999999
2016.2108,-0.06508000000000003,-0.03304499999999999,-0.0065699999999999995
2016.2136,-0.06548100000000001,-0.03639500000000001,-0.005693000000000004
2016.2163,-0.06425300000000006,-0.039053000000000004,-0.004735000000000003
2016.219,-0.06479700000000005,-0.04061799999999999,-0.0038629999999999984
2016.2218,-0.06560400000000005,-0.037353000000000025,-0.003727000000000001
2016.2245,-0.06546000000000002,-0.03544900000000001,-0.004593
2016.2272,-0.06590500000000005,-0.036770000000000025,-0.0061290000000000025
2016.23,-0.06580900000000006,-0.03445300000000001,-0.003382999999999997
2016.2327,-0.06566000000000005,-0.03331200000000001,-0.007935999999999999
2016.2355,-0.06533600000000006,-0.033611,-0.00349
2016.2382,-0.06545500000000004,-0.036607999999999974,-0.002259999999999998
2016.2409,-0.06516800000000006,-0.03592699999999999,-0.0075840000000000005
2016.2437,-0.06424200000000002,-0.033945,-0.008416
2016.2464,-0.06461500000000003,-0.03418399999999999,-0.006227999999999997
2016.2491,-0.06528200000000006,-0.03481899999999999,-0.006662000000000001
2016.2519,-0.06518400000000002,-0.034138,-0.0032280000000000017
2016.2546,-0.06573700000000005,-0.03423399999999999,-0.008076
2016.2574,-0.06482300000000002,-0.03409899999999999,-0.011415999999999999
2016.2601,-0.06365600000000005,-0.03503200000000001,-0.009801
2016.2628,-0.06380000000000002,-0.036055000000000004,-0.012107
2016.2656,-0.06619500000000006,-0.03428599999999998,-0.004587000000000001
2016.2683,-0.06619700000000006,-0.03472599999999998,-0.0009090000000000001
2016.271,-0.06643500000000002,-0.034916,-0.002239999999999999
2016.2738,-0.06594600000000006,-0.034275,0.0019990000000000008
2016.2765,-0.06631900000000002,-0.034364000000000006,-0.005469000000000002
2016.2793,-0.06589800000000001,-0.03578300000000001,-0.0035359999999999975
2016.282,-0.06524000000000002,-0.036715,-0.004147999999999999
2016.2847,-0.06787400000000005,-0.03717199999999998,-0.0036250000000000032
2016.2875,-0.06562800000000002,-0.034391000000000005,-0.009943
2016.2902,-0.06463200000000002,-0.033716000000000024,-0.005663000000000001
2016.293,-0.06357300000000005,-0.03274199999999999,-0.0029860000000000025
2016.2957,-0.06412600000000002,-0.034513000000000016,-0.002944000000000002
2016.2984,-0.06465900000000002,-0.035104000000000024,-0.003376999999999998
2016.3012,-0.06704300000000002,-0.03394999999999998,-0.0052330000000000015
2016.3039,-0.06624900000000006,-0.03386,-0.004117000000000003
2016.3066,-0.06656500000000004,-0.033304999999999974,-0.004652000000000003
2016.3094,-0.06510400000000005,-0.034472999999999976,-0.002485000000000001
2016.3121,-0.06611900000000004,-0.03246500000000002,-0.0035680000000000017
2016.3149,-0.06596800000000003,-0.03294200000000003,-0.005361999999999999
2016.3176,-0.06612900000000005,-0.033279,-0.009414000000000002
2016.3203,-0.06572500000000003,-0.033870999999999984,-0.0031209999999999988
2016.3231,-0.06475500000000006,-0.03218700000000002,-0.0022030000000000036
2016.3258,-0.06624000000000002,-0.03226200000000001,-0.00044700000000000295
2016.3285,-0.06339900000000004,-0.03338799999999997,-0.003013000000000002
2016.3313,-0.06531800000000004,-0.03085300000000002,-0.0144
2016.334,-0.06790000000000002,-0.03451799999999999,-0.004063999999999998
2016.3368,-0.06639200000000006,-0.033831,-0.007447000000000002
2016.3395,-0.06671600000000005,-0.03316400000000003,0.00022199999999999998
2016.3422,-0.06546100000000005,-0.03506199999999998,-0.004500999999999998
2016.345,-0.06549700000000003,-0.033582,-0.0035569999999999977
2016.3477,-0.06699000000000005,-0.03258,-0.015092999999999999
2016.3504,-0.06675100000000006,-0.032160999999999995,-0.0009779999999999997
2016.3532,-0.06714100000000006,-0.030459000000000014,-0.007313
2016.3559,-0.06645400000000001,-0.03240799999999999,-0.012101
2016.3587,-0.06685800000000003,-0.03128799999999998,-0.011189000000000001
2016.3614,-0.06628700000000004,-0.033042000000000016,-0.008483000000000001
2016.3641,-0.06923700000000005,-0.03222199999999997,-0.006999999999999999
2016.3669,-0.07048700000000002,-0.03449000000000002,0.0047810000000000005
2016.3696,-0.07007200000000002,-0.031820000000000015,-0.007094999999999997
2016.3723,-0.06973300000000004,-0.031438999999999995,-0.0047810000000000005
2016.3751,-0.06946200000000002,-0.03282400000000002,-0.007709000000000001
2016.3778,-0.07000400000000001,-0.032569000000000015,-0.007179999999999999
2016.3806,-0.07161400000000001,-0.033181000000000016,-0.006779
2016.3833,-0.07240300000000005,-0.031760999999999984,-0.0023000000000000034
2016.386,-0.07139300000000004,-0.031413000000000024,-0.005700999999999998
2016.3888,-0.06982900000000003,-0.029500000000000026,-0.003928000000000001
2016.3915,-0.07011500000000004,-0.030901999999999985,-0.0012759999999999994
2016.3943,-0.07059900000000002,-0.030949000000000004,-0.0017780000000000018
2016.397,-0.07008100000000006,-0.030003000000000002,-0.0014040000000000025
2016.3997,-0.07114700000000002,-0.029368000000000005,-0.008400000000000001
2016.4025,-0.07008400000000004,-0.030048999999999992,-0.004043999999999999
2016.4052,-0.07045400000000002,-0.029509000000000007,-0.009693
2016.4079,-0.07058500000000001,-0.029930000000000012,-0.005174999999999999
2016.4107,-0.06924200000000003,-0.031332000000000026,-0.005201999999999998
2016.4134,-0.07046300000000005,-0.031438999999999995,-0.010874000000000002
2016.4162,-0.06923500000000005,-0.030681000000000014,-0.0016540000000000027
2016.4189,-0.07008700000000001,-0.029747000000000023,0.00034
2016.4216,-0.07107700000000006,-0.03109200000000001,-0.005694999999999999
2016.4244,-0.07034300000000004,-0.031057999999999975,-0.0074779999999999985
2016.4271,-0.07011700000000004,-0.03084199999999998,0.0006499999999999978
2016.4298,-0.06829100000000005,-0.030666000000000027,-0.004489
2016.4326,-0.07070400000000004,-0.029256000000000004,0.0005999999999999964
2016.4353,-0.07180100000000006,-0.031125000000000014,0.0032140000000000016
2016.4381,-0.07032700000000003,-0.03075699999999998,-0.00046299999999999814
2016.4435,-0.07012500000000005,-0.027980999999999978,-0.00013699999999999823
2016.4463,-0.06946700000000006,-0.02890100000000001,-0.002364999999999999
2016.449,-0.06944900000000004,-0.029791000000000012,0.0012609999999999982
2016.4517,-0.06882100000000002,-0.02904699999999999,0.003612999999999998
2016.4545,-0.07154200000000005,-0.029972999999999972,0.0008350000000000024
2016.4572,-0.06979500000000005,-0.029027000000000025,0.0029640000000000014
2016.46,-0.07006900000000005,-0.031486000000000014,0.003033000000000001
2016.4627,-0.07221300000000003,-0.028061999999999976,-0.005478999999999998
2016.4654,-0.06992400000000004,-0.029936000000000018,-0.004491000000000002
2016.4682,-0.06935500000000006,-0.02771600000000002,-0.0018630000000000035
2016.4709,-0.06994400000000006,-0.030857999999999997,-0.0030630000000000032
2016.4736,-0.06893000000000005,-0.029249999999999998,-0.003823
2016.4764,-0.06972500000000004,-0.02990900000000002,0.002015000000000003
2016.4791,-0.07066200000000006,-0.030243999999999993,5.2999999999997494e-05
2016.4819,-0.06702000000000002,-0.029810000000000003,0.0005999999999999964
2016.4846,-0.06873500000000005,-0.028915000000000024,0.006643999999999997
2016.4873,-0.07028700000000004,-0.028963000000000017,0.0008270000000000013
2016.4901,-0.06945200000000001,-0.028756999999999977,0.001915
2016.4928,-0.07005500000000003,-0.029729000000000005,2.4999999999997247e-05
2016.4956,-0.06827000000000005,-0.02888099999999999,0.0011829999999999966
2016.4983,-0.06932600000000005,-0.028552999999999995,-0.0004689999999999972
2016.501,-0.06940200000000002,-0.029696,-0.0005319999999999978
2016.5038,-0.06970200000000004,-0.029237999999999986,0.004487999999999999
2016.5065,-0.07015700000000002,-0.028386000000000022,-0.00028000000000000247
2016.5092,-0.06923900000000005,-0.028669,0.0027850000000000028
2016.512,-0.06954800000000005,-0.02804899999999999,0.0029959999999999987
2016.5147,-0.07004800000000005,-0.029891,0.005776999999999997
2016.5175,-0.07034500000000005,-0.030353999999999992,0.005545000000000001
2016.5202,-0.06619500000000006,-0.02988400000000002,0.004422999999999996
2016.5229,-0.06742000000000004,-0.030913000000000024,-0.0002920000000000006
2016.5257,-0.06941200000000003,-0.02982600000000002,-0.0012899999999999995
2016.5284,-0.07016000000000006,-0.030156000000000016,0.0028439999999999993
2016.5311,-0.06866500000000003,-0.029335,0.0014889999999999973
2016.5339,-0.06925500000000001,-0.027581000000000022,0.0007269999999999985
2016.5366,-0.07009200000000004,-0.02740300000000001,0.0006600000000000009
2016.5394,-0.06988800000000006,-0.02907599999999999,0.002138000000000001
2016.5421,-0.06926700000000002,-0.029181000000000012,-0.0005739999999999981
2016.5448,-0.06928200000000001,-0.030364000000000002,-0.0005930000000000032
2016.5476,-0.06867300000000004,-0.02992499999999998,7.499999999999868e-05
2016.5503,-0.07126600000000005,-0.02950999999999998,-0.0044350000000000014
2016.553,-0.06868300000000005,-0.028529000000000027,-0.0023870000000000002
2016.5558,-0.07063800000000003,-0.029519000000000017,0.0019469999999999973
2016.5585,-0.07063200000000003,-0.030198000000000003,0.004963000000000002
2016.5613,-0.06967300000000004,-0.03125,-0.0010449999999999973
2016.564,-0.07045100000000004,-0.03063100000000002,0.009168000000000003
2016.5667,-0.06902700000000006,-0.029042999999999985,0.005141
2016.5695,-0.06772400000000006,-0.030119000000000007,0.009759999999999998
2016.5722,-0.06745000000000001,-0.028225999999999973,0.004748999999999996
2016.5749,-0.06656500000000004,-0.03140100000000001,0.007528
2016.5777,-0.06742400000000004,-0.030420999999999976,0.003014999999999997
2016.5804,-0.06821900000000003,-0.029100000000000015,0.009416
2016.5832,-0.06889800000000001,-0.02906900000000001,0.004924999999999999
2016.5859,-0.06934500000000005,-0.030729000000000006,0.0016540000000000027
2016.5886,-0.06912200000000002,-0.030505000000000004,0.0010000000000000009
2016.5914,-0.06869900000000001,-0.030196999999999974,0.0014320000000000027
2016.5941,-0.06959500000000002,-0.03118700000000002,0.007689000000000001
2016.5969,-0.06892200000000004,-0.029650999999999983,-0.0009339999999999973
2016.5996,-0.07007500000000005,-0.030932000000000015,0.007871999999999997
2016.6023,-0.06952200000000003,-0.028720999999999997,0.0024370000000000017
2016.6051,-0.07008300000000006,-0.03092499999999998,0.009716000000000002
2016.6078,-0.06910400000000005,-0.03206300000000001,0.004896999999999999
2016.6105,-0.06779900000000005,-0.030903000000000014,-0.0008019999999999972
2016.6133,-0.06832700000000003,-0.030625000000000013,0.0003429999999999961
2016.616,-0.06818000000000002,-0.030949000000000004,0.0017799999999999969
2016.6188,-0.07077000000000006,-0.032640999999999976,0.004750999999999998
2016.6215,-0.06930300000000006,-0.031876000000000015,6.699999999999762e-05
2016.6242,-0.07047700000000001,-0.030220999999999998,0.0002669999999999964
2016.627,-0.06957900000000006,-0.02807700000000002,-0.0006460000000000007
2016.6297,-0.06860200000000005,-0.03004000000000001,0.0010710000000000025
2016.6324,-0.06858800000000004,-0.03017399999999998,0.004982
2016.6352,-0.06970200000000004,-0.030220999999999998,0.003916000000000003
2016.6379,-0.07009000000000004,-0.03144999999999998,0.013493999999999999
2016.6407,-0.06938100000000003,-0.03179799999999999,0.011687999999999997
2016.6434,-0.06837200000000004,-0.031965999999999994,0.003127999999999999
2016.6461,-0.06815700000000002,-0.031133000000000022,0.004297999999999996
2016.6489,-0.06755900000000004,-0.030343999999999982,-0.0001999999999999988
2016.6516,-0.06774700000000006,-0.02863500000000002,0.003936999999999996
2016.6543,-0.06791500000000006,-0.031885,0.004735999999999997
2016.6571,-0.06778400000000001,-0.03132099999999999,0.0035410000000000025
2016.6598,-0.06854700000000002,-0.031198999999999977,0.006231
2016.6626,-0.06876200000000005,-0.032918999999999976,0.010016999999999998
2016.6653,-0.06811700000000004,-0.03289399999999998,0.005428999999999996
2016.668,-0.07023800000000002,-0.03302100000000002,0.008772999999999996
2016.6708,-0.06783900000000004,-0.03399099999999999,0.0053430000000000005
2016.6735,-0.06995500000000004,-0.033804999999999974,0.011736999999999997
2016.6762,-0.06981400000000004,-0.03193800000000002,0.0035139999999999963
2016.679,-0.06815200000000005,-0.03387499999999999,0.007343000000000002
2016.6817,-0.06849000000000005,-0.033169000000000004,0.008696000000000002
2016.6845,-0.07025300000000001,-0.03158299999999997,0.006315000000000001
2016.6872,-0.06964600000000004,-0.03145199999999998,0.0018299999999999983
2016.6899,-0.06843600000000005,-0.03295199999999998,0.0043320000000000025
2016.6927,-0.06951800000000002,-0.03214600000000001,0.0046609999999999985
2016.6954,-0.06900900000000004,-0.03275899999999998,0.006295999999999996
2016.6982,-0.06856700000000004,-0.03323100000000001,0.0016660000000000008
2016.7009,-0.06890000000000002,-0.031743999999999994,0.0006349999999999967
2016.7036,-0.06825500000000001,-0.03376000000000001,0.004797000000000003
2016.7064,-0.06702900000000006,-0.03385300000000002,0.005072
2016.7091,-0.06946600000000003,-0.03586499999999998,0.0056809999999999986
2016.7118,-0.06889700000000004,-0.036385,0.007745000000000002
2016.7146,-0.06872100000000003,-0.034407999999999994,0.009321000000000003
2016.7173,-0.06930700000000001,-0.03497499999999998,0.010079999999999999
2016.7201,-0.06911500000000004,-0.03353499999999998,0.0025490000000000027
2016.7228,-0.06988200000000006,-0.03453400000000001,-0.0020739999999999995
2016.7255,-0.07021000000000005,-0.035880999999999996,0.005747999999999996
2016.7283,-0.06880300000000006,-0.03608800000000001,0.0030740000000000003
2016.731,-0.06843500000000002,-0.03392600000000001,0.0051
2016.7337,-0.07072300000000004,-0.03543099999999999,0.0028740000000000016
2016.7365,-0.06866600000000006,-0.036777000000000004,0.0012449999999999961
2016.7392,-0.06772100000000003,-0.034775999999999974,0.004590999999999998
2016.742,-0.06847700000000001,-0.03631000000000001,0.007171999999999998
2016.7447,-0.06938500000000003,-0.03611399999999998,0.0007329999999999975
2016.7474,-0.06951600000000002,-0.035096000000000016,0.0010780000000000026
2016.7502,-0.06940500000000005,-0.037800999999999974,0.005033999999999997
2016.7529,-0.06993200000000005,-0.03822900000000001,0.0017070000000000002
2016.7556,-0.06877000000000005,-0.036544999999999994,0.009605000000000002
2016.7584,-0.06801600000000002,-0.03782799999999997,0.006402999999999999
2016.7611,-0.06739900000000004,-0.03623599999999999,0.008960999999999997
2016.7639,-0.06926900000000002,-0.036640000000000006,0.010057999999999997
2016.7666,-0.06856000000000001,-0.035887999999999975,-0.0015379999999999977
2016.7693,-0.06813200000000003,-0.035036999999999985,0.005629999999999996
2016.7721,-0.06853100000000001,-0.034621999999999986,0.002609
2016.7748,-0.06690600000000002,-0.035911000000000026,0.0010599999999999984
2016.7775,-0.06843100000000002,-0.037275,0.0030589999999999992
2016.7803,-0.06844800000000001,-0.03636699999999998,0.0006180000000000005
2016.783,-0.06880300000000006,-0.03997299999999998,0.0038549999999999973
2016.7858,-0.06773800000000002,-0.04089100000000001,0.0020799999999999985
2016.7885,-0.06684300000000004,-0.04150999999999999,0.006365000000000003
2016.7912,-0.07135200000000003,-0.040403999999999995,0.007345999999999998
2016.794,-0.07077200000000006,-0.03926600000000002,0.004291999999999997
2016.7967,-0.06829700000000005,-0.037990000000000024,-0.0010379999999999973
2016.7995,-0.06735300000000005,-0.037302,-0.0013719999999999982
2016.8022,-0.06829600000000002,-0.038293999999999995,-0.00047900000000000026
2016.8049,-0.06652400000000003,-0.036990999999999996,0.0008330000000000004
2016.8077,-0.06784000000000001,-0.035835000000000006,-0.0016740000000000019
2016.8104,-0.06655200000000006,-0.03947400000000001,0.0008099999999999982
2016.8131,-0.06755200000000006,-0.03842899999999999,0.0023209999999999967
2016.8159,-0.06648900000000002,-0.042962,0.0011600000000000013
2016.8186,-0.06753000000000003,-0.0383,0.0009219999999999992
2016.8214,-0.06909200000000004,-0.03847099999999998,0.002006000000000001
2016.8241,-0.06937400000000005,-0.039239000000000024,0.005919000000000001
2016.8268,-0.06750000000000006,-0.03742899999999999,-5.200000000000343e-05
2016.8296,-0.06893400000000005,-0.03997400000000001,-0.0001449999999999993
2016.8323,-0.06843800000000005,-0.04139599999999999,0.0025120000000000003
2016.835,-0.06788100000000002,-0.039468,0.008538999999999998
2016.8378,-0.06837900000000002,-0.03908499999999998,-0.004493999999999998
2016.8405,-0.06788700000000003,-0.04192400000000002,-0.0038989999999999997
2016.8433,-0.06621500000000002,-0.038854,-0.0019800000000000026
2016.846,-0.06547800000000004,-0.04284500000000002,-0.002579999999999999
2016.8487,-0.06536000000000003,-0.04197099999999998,0.0003449999999999981
2016.8515,-0.06761600000000001,-0.037389000000000006,-0.005177000000000001
2016.8542,-0.06435300000000005,-0.03886299999999998,-0.003809
2016.8569,-0.06589600000000001,-0.041439000000000004,-0.0028480000000000033
2016.8597,-0.06749300000000003,-0.03998099999999999,-7.000000000000062e-06
2016.8624,-0.06718100000000005,-0.04083500000000001,0.005216999999999999
2016.8652,-0.06614200000000003,-0.042296999999999974,-0.003011
2016.8679,-0.06705100000000003,-0.039642999999999984,0.0035089999999999982
2016.8706,-0.06710100000000002,-0.04073300000000002,0.0005500000000000019
2016.8734,-0.06868500000000005,-0.040903999999999996,0.0028769999999999976
2016.8761,-0.06740000000000002,-0.03828999999999999,0.003591999999999998
2016.8789,-0.06809100000000001,-0.03916900000000001,0.00020499999999999685
2016.8816,-0.06631000000000004,-0.038212000000000024,-0.0025379999999999986
2016.8843,-0.06707900000000006,-0.043547,0.0005230000000000026
2016.8871,-0.06448800000000005,-0.041991,-0.0014380000000000018
2016.8898,-0.06623600000000002,-0.037880000000000025,0.0023029999999999995
2016.8925,-0.06778700000000004,-0.043186,-0.0042200000000000015
2016.8953,-0.06702500000000006,-0.039739000000000024,0.0026419999999999985
2016.898,-0.06573900000000005,-0.04365599999999997,0.0012539999999999982
2016.9008,-0.06809300000000001,-0.03965999999999997,-0.0012059999999999987
2016.9035,-0.06770300000000001,-0.042538999999999993,-0.0044480000000000006
2016.9062,-0.06718000000000002,-0.040893999999999986,0.0019749999999999976
2016.909,-0.06952300000000006,-0.038714000000000026,0.0049919999999999964
2016.9117,-0.06762100000000004,-0.03965099999999999,-0.0014040000000000025
2016.9144,-0.06895100000000004,-0.040457999999999994,-0.007299
2016.9172,-0.06797300000000006,-0.04022999999999999,0.0005300000000000027
2016.9199,-0.06846100000000005,-0.039329999999999976,-0.005575999999999998
2016.9227,-0.06873000000000001,-0.04007100000000002,-0.008358
2016.9254,-0.06627500000000003,-0.040368000000000015,-0.002009000000000004
2016.9281,-0.06889300000000004,-0.039553000000000005,-0.004279999999999999
2016.9309,-0.06754800000000005,-0.03909099999999999,-0.008466999999999999
2016.9336,-0.06981400000000004,-0.03866599999999998,-0.011005000000000001
2016.9363,-0.06808800000000004,-0.03897499999999998,0.002003999999999999
2016.9391,-0.06895500000000004,-0.03743400000000002,-0.004115000000000001
2016.9418,-0.06856500000000004,-0.039798,-0.002250000000000002
2016.9446,-0.06881500000000002,-0.039605999999999975,-0.00028600000000000153
2016.9473,-0.06833700000000004,-0.04067799999999999,-0.002034000000000001
2016.95,-0.06836600000000004,-0.03833799999999998,-0.006553000000000003
2016.9528,-0.06901700000000005,-0.03720000000000001,-0.003505000000000001
2016.9555,-0.06896600000000003,-0.03658299999999998,-0.004482
2016.9582,-0.06862300000000005,-0.03827199999999997,0.004379000000000001
2016.961,-0.06796900000000006,-0.04015200000000002,0.0007749999999999979
2016.9637,-0.06749900000000003,-0.039462,-0.003054000000000001
2016.9665,-0.06837300000000002,-0.039879,-0.004536999999999999
2016.9692,-0.06851700000000005,-0.040165000000000006,-0.0026650000000000007
2016.9719,-0.06798600000000005,-0.039266999999999996,-0.005468000000000001
2016.9747,-0.06947600000000004,-0.040988000000000024,-0.002912999999999999
2016.9774,-0.07005300000000003,-0.04223300000000002,0.003162999999999999
2016.9802,-0.06934800000000002,-0.04000300000000001,0.0017469999999999986
2016.9829,-0.06890300000000005,-0.03983999999999999,-0.0061239999999999975
2016.9856,-0.06961500000000004,-0.040076999999999974,-0.0018709999999999977
2016.9884,-0.06824300000000005,-0.03994500000000001,-0.0010329999999999992
2016.9911,-0.06841200000000003,-0.04109400000000002,-0.002586999999999999
2016.9938,-0.06828400000000001,-0.03943600000000003,-0.0037570000000000034
2016.9966,-0.06990400000000002,-0.03980499999999998,-0.0028839999999999977
2016.9993,-0.06897600000000004,-0.038177000000000016,-0.003279999999999998
2017.0021,-0.07065400000000005,-0.03911700000000001,-0.0037980000000000028
2017.0048,-0.07117400000000002,-0.03879199999999999,-0.0034539999999999987
2017.0103,-0.07114700000000002,-0.037343000000000015,-0.0011760000000000034
2017.013,-0.07121400000000006,-0.03786099999999998,-0.004380000000000002
2017.0157,-0.07016800000000001,-0.03831000000000001,0.0013149999999999967
2017.0185,-0.06912000000000001,-0.038324000000000025,-0.0025529999999999997
2017.0212,-0.06941500000000006,-0.038161,-0.0004330000000000028
2017.024,-0.06949800000000006,-0.04153000000000001,0.0003019999999999967
2017.0267,-0.07108400000000004,-0.03984599999999999,0.004115000000000001
2017.0294,-0.06916500000000003,-0.03842899999999999,0.00019399999999999973
2017.0322,-0.06932900000000003,-0.03803699999999999,-0.007420000000000003
2017.0349,-0.06643400000000005,-0.03944799999999998,-0.00827
2017.0376,-0.06685600000000003,-0.039088999999999985,-0.0069130000000000025
2017.0404,-0.06863600000000003,-0.03983599999999998,-0.002937000000000002
2017.0431,-0.06881000000000004,-0.039814000000000016,-0.0028579999999999994
2017.0459,-0.07101400000000002,-0.03920400000000002,-0.0050130000000000036
2017.0486,-0.07012200000000002,-0.044675999999999993,0.0046669999999999975
2017.0513,-0.07132800000000006,-0.04241,0.00010700000000000293
2017.0541,-0.07069000000000003,-0.04428599999999999,0.003034000000000002
2017.0568,-0.07169400000000004,-0.039258000000000015,0.000681000000000001
2017.0595,-0.06911800000000001,-0.043578000000000006,-0.0007300000000000015
2017.0623,-0.06934900000000005,-0.04180699999999998,-0.004082000000000002
2017.065,-0.06975800000000004,-0.036961999999999995,-0.005243999999999999
2017.0678,-0.07002600000000003,-0.038158000000000025,-0.005686999999999998
2017.0705,-0.06928400000000001,-0.038827,-0.006727000000000004
2017.0732,-0.06873000000000001,-0.038032999999999983,-0.013734
2017.076,-0.06836200000000003,-0.03791899999999998,-0.015299
2017.0787,-0.06948500000000002,-0.03812700000000002,-0.012251000000000001
2017.0815,-0.06980100000000006,-0.03589999999999999,-0.00766
2017.0842,-0.07148300000000002,-0.038117999999999985,-0.003146000000000003
2017.0869,-0.07134800000000002,-0.034773,-0.009587000000000002
2017.0897,-0.07035500000000006,-0.036553999999999975,-0.0075930000000000025
2017.0924,-0.07154100000000002,-0.04034199999999999,0.0012599999999999972
2017.0951,-0.07006100000000004,-0.03936499999999998,-0.004735000000000003
2017.0979,-0.07123600000000002,-0.03798400000000002,-0.0015099999999999975
2017.1006,-0.07122500000000004,-0.03913899999999998,0.00024199999999999916
2017.1034,-0.07002400000000003,-0.037576,-0.007063
2017.1061,-0.06831000000000004,-0.03757699999999997,-0.0024049999999999974
2017.1253,-0.07076900000000003,-0.04414699999999999,-0.0008420000000000025
2017.128,-0.07207300000000005,-0.042578000000000005,0.0012010000000000007
2017.1307,-0.07083500000000004,-0.03892499999999999,-0.002229000000000002
2017.1335,-0.07217200000000001,-0.039692000000000005,-0.0012910000000000005
2017.1362,-0.07130700000000001,-0.041217000000000004,-0.0033989999999999992
2017.1389,-0.07223600000000002,-0.038683999999999996,-0.009359
2017.1417,-0.07428200000000001,-0.03717599999999999,-0.010162000000000001
2017.1444,-0.07055500000000003,-0.03806599999999999,-0.01742
2017.1472,-0.07027000000000005,-0.03761300000000001,-0.016334
2017.1499,-0.06992800000000005,-0.038800999999999974,-0.017469000000000002
2017.1526,-0.07025900000000002,-0.038167000000000006,-0.006439
2017.1554,-0.07018500000000005,-0.03742000000000001,-0.012199999999999999
2017.1581,-0.07053500000000001,-0.039547,-0.004274
2017.1608,-0.07102300000000006,-0.03720000000000001,-0.006842000000000001
2017.1636,-0.06929300000000005,-0.03772399999999998,-0.008979000000000001
2017.1663,-0.06701600000000002,-0.03685500000000003,-0.0057880000000000015
2017.1691,-0.06779700000000005,-0.038607,-0.011282
2017.1718,-0.06991600000000003,-0.038748000000000005,-0.0036489999999999995
2017.1745,-0.06915000000000004,-0.041157,-0.013889000000000002
2017.1773,-0.07043400000000005,-0.041044000000000025,-0.013985000000000001
2017.18,-0.07073400000000002,-0.03850999999999999,-0.011673
2017.1828,-0.07098000000000004,-0.03814299999999998,-0.009298
2017.1855,-0.06915200000000005,-0.03743400000000002,-0.013727
2017.1882,-0.06937100000000002,-0.03850100000000001,-0.008043000000000002
2017.191,-0.06979000000000002,-0.03708,-0.010855
2017.1937,-0.06811700000000004,-0.038302999999999976,-0.001688000000000002
2017.1964,-0.06921200000000005,-0.038134,-0.008472
2017.1992,-0.07015800000000005,-0.038802,-0.007896
2017.2019,-0.06970300000000001,-0.03815999999999997,-0.01363
2017.2047,-0.07041500000000006,-0.03917999999999999,-0.003595000000000001
2017.2074,-0.07140100000000005,-0.03922599999999998,-0.004720000000000002
2017.2101,-0.07049900000000003,-0.03999900000000001,-0.0045520000000000005
2017.2129,-0.06967900000000005,-0.037555000000000005,-0.011619
2017.2156,-0.07163700000000006,-0.03742699999999999,-0.010322000000000001
2017.2183,-0.06984200000000002,-0.03857100000000002,-0.004166000000000003
2017.2211,-0.07086400000000004,-0.039827999999999975,-0.009651
2017.2238,-0.07258200000000004,-0.03640100000000002,-0.003691
2017.2266,-0.07170900000000002,-0.03896100000000002,-0.006282000000000003
2017.2293,-0.07198000000000004,-0.03744599999999998,-0.007063
2017.232,-0.07274500000000006,-0.035814999999999986,-0.005867999999999998
2017.2348,-0.07311100000000004,-0.03708699999999998,-0.0032070000000000015
2017.2375,-0.07137100000000002,-0.03846500000000003,-0.003145000000000002
2017.2402,-0.07233500000000004,-0.037383,-0.008688999999999999
2017.243,-0.07187300000000002,-0.03577399999999997,-0.009507999999999999
2017.2457,-0.06980900000000001,-0.03736299999999998,-0.009387
2017.2485,-0.07137200000000005,-0.03808400000000001,-0.010274000000000002
2017.2512,-0.07203500000000002,-0.037771,-0.011585000000000002
2017.2539,-0.07216600000000001,-0.035891000000000006,-0.014542
2017.2567,-0.07225700000000002,-0.03697,-0.008065000000000003
2017.2594,-0.07087800000000005,-0.038644999999999985,-0.009406000000000001
2017.2621,-0.07100400000000001,-0.039735999999999994,-0.012454
2017.2649,-0.07119300000000006,-0.03880699999999998,-0.012698000000000001
2017.2676,-0.07277900000000004,-0.03836200000000001,-0.007302000000000003
2017.2704,-0.07185200000000003,-0.037582000000000004,-0.008432000000000002
2017.2731,-0.07310300000000003,-0.03984599999999999,-0.009758
2017.2758,-0.07123400000000002,-0.036156999999999995,-0.015016000000000002
2017.2786,-0.07116000000000006,-0.03890900000000003,-0.011595000000000001
2017.2813,-0.07265400000000005,-0.038163999999999976,-0.011733
2017.2841,-0.07198500000000002,-0.03544799999999998,-0.010672000000000001
2017.2868,-0.07178300000000004,-0.03461500000000001,-0.017887
2017.2895,-0.07175900000000002,-0.03681800000000002,-0.011871
2017.2923,-0.07133300000000004,-0.03720600000000002,-0.011608
2017.295,-0.06958500000000001,-0.03859600000000002,-0.011866999999999999
2017.2977,-0.06999500000000003,-0.039684,-0.011564999999999999
2017.3005,-0.07053600000000004,-0.03653099999999998,-0.012045
2017.3032,-0.07167200000000001,-0.035878999999999994,-0.016106
2017.306,-0.07221300000000003,-0.03752699999999998,-0.011134999999999999
2017.3087,-0.07248100000000002,-0.037659,-0.009773
2017.3114,-0.07259700000000002,-0.03665299999999999,-0.002027000000000001
2017.3142,-0.07292000000000004,-0.036382000000000025,-0.004423000000000003
2017.3169,-0.07486200000000004,-0.036551,-0.008196000000000002
2017.3196,-0.07415300000000002,-0.03517799999999999,-0.012352000000000002
2017.3224,-0.07392000000000004,-0.0353,-0.018407
2017.3251,-0.07234100000000004,-0.03532999999999997,-0.018872
2017.3279,-0.07378000000000001,-0.0348,-0.009930999999999999
2017.3306,-0.07255400000000001,-0.03559000000000001,-0.019745000000000002
2017.3333,-0.07368200000000003,-0.035629999999999995,-0.01481
2017.3361,-0.07195800000000002,-0.035827,-0.014199
2017.3388,-0.07303400000000004,-0.03420899999999999,-0.019618
2017.3415,-0.07361600000000001,-0.03528100000000001,-0.014263000000000001
2017.3443,-0.07450500000000004,-0.03315400000000002,-0.011720000000000001
2017.347,-0.07445400000000002,-0.03345999999999999,-0.019445
2017.3498,-0.07245400000000002,-0.03496199999999999,-0.017583
2017.3525,-0.07490500000000005,-0.034030000000000005,-0.010828
2017.3552,-0.07404300000000003,-0.035557000000000005,-0.013094000000000001
2017.358,-0.07304900000000003,-0.03601399999999999,-0.012176
2017.3607,-0.07214700000000002,-0.036773,-0.01048
2017.3634,-0.07434200000000002,-0.03301700000000002,-0.014068
2017.3662,-0.07461100000000004,-0.03586,-0.009217
2017.3689,-0.07297900000000002,-0.03556500000000001,-0.012924000000000001
2017.3717,-0.07567200000000002,-0.034828000000000026,-0.011512000000000001
2017.3744,-0.07396700000000006,-0.036806000000000005,-0.010692
2017.3771,-0.07384200000000002,-0.03424300000000002,-0.012136000000000001
2017.3799,-0.07412200000000002,-0.03444799999999998,-0.008786000000000002
2017.3826,-0.07348400000000005,-0.032694999999999974,-0.012638
2017.3854,-0.07239500000000004,-0.033138999999999974,-0.016536000000000002
2017.3881,-0.07171000000000005,-0.032723,-0.015104
2017.3908,-0.07347700000000001,-0.033304,-0.010610999999999999
2017.3936,-0.07590400000000003,-0.034426999999999985,-0.009177000000000001
2017.3963,-0.07432100000000003,-0.03391899999999998,-0.008206999999999999
2017.399,-0.07416400000000001,-0.034048999999999996,-0.010423000000000002
2017.4018,-0.07405000000000006,-0.033092999999999984,-0.01012
2017.4045,-0.07551200000000002,-0.03381899999999999,-0.006039000000000003
2017.4073,-0.07345800000000002,-0.032926999999999984,-0.005872000000000002
2017.41,-0.07367900000000005,-0.03428500000000001,-0.002343999999999999
2017.4127,-0.07526200000000005,-0.03423900000000002,-0.0064680000000000015
2017.4155,-0.07427700000000004,-0.035328000000000026,-0.007420999999999997
2017.4182,-0.07552100000000006,-0.03483700000000001,-0.0035299999999999984
2017.4209,-0.07517200000000002,-0.03470699999999999,-0.005192000000000002
2017.4237,-0.07364000000000004,-0.033893000000000006,-0.005433
2017.4264,-0.07358300000000001,-0.03172799999999998,-0.008142000000000003
2017.4292,-0.07305400000000001,-0.03270400000000001,-0.012419
2017.4319,-0.07501800000000003,-0.03359099999999998,-0.0052219999999999975
2017.4346,-0.07573000000000002,-0.03612700000000002,-0.007393999999999998
2017.4374,-0.07409700000000002,-0.03415099999999999,-0.005656000000000001
2017.4401,-0.07573300000000005,-0.032596000000000014,-0.005458999999999999
2017.4428,-0.07400400000000001,-0.03418500000000002,-0.001799000000000002
2017.4456,-0.07453100000000001,-0.033416,-0.0044379999999999975
2017.4483,-0.07376100000000002,-0.03289199999999998,0.0011029999999999998
2017.4511,-0.07388000000000006,-0.033150999999999986,-0.008735
2017.4538,-0.07567800000000002,-0.034439,0.0016170000000000004
2017.4565,-0.07692400000000005,-0.03263100000000002,-0.0035200000000000023
2017.4593,-0.07558400000000004,-0.031677999999999984,-0.005575999999999998
2017.462,-0.07475500000000002,-0.03197,-0.009207
2017.4648,-0.07475400000000004,-0.03193400000000002,-0.0010000000000000009
2017.4675,-0.07432500000000003,-0.03213899999999997,-0.0018309999999999993
2017.4702,-0.07585700000000001,-0.031111999999999973,-0.004632999999999998
2017.473,-0.07353300000000002,-0.028853000000000018,-0.014947000000000002
2017.4757,-0.07457900000000006,-0.02795900000000001,-0.013275000000000002
2017.4784,-0.07386300000000001,-0.030735000000000012,-0.008236
2017.4812,-0.07382900000000003,-0.03178599999999998,-0.005052000000000001
2017.4839,-0.07505300000000004,-0.032013000000000014,-0.003147000000000004
2017.4867,-0.07481500000000002,-0.03300799999999998,-0.006093000000000001
2017.4894,-0.07419400000000004,-0.030845999999999985,-0.0017850000000000019
2017.4921,-0.07414400000000004,-0.033158999999999994,-0.003962
2017.4949,-0.07379000000000002,-0.034231999999999985,-0.0024969999999999992
2017.4976,-0.07416600000000001,-0.031945,-0.004278999999999998
2017.5003,-0.07473100000000005,-0.03262100000000001,-0.0012570000000000012
2017.5031,-0.07398800000000005,-0.03260000000000002,-0.0036360000000000003
2017.5058,-0.07278900000000005,-0.033003000000000005,-0.005287
2017.5086,-0.07279300000000005,-0.03134300000000001,-0.008598999999999999
2017.5113,-0.07438000000000006,-0.032528,-0.007641000000000002
2017.514,-0.07404600000000006,-0.031283000000000005,-0.0046700000000000005
2017.5168,-0.07082900000000003,-0.03278900000000001,-0.007518999999999998
2017.5195,-0.07214000000000004,-0.031604999999999994,-0.007008
2017.5222,-0.07110400000000006,-0.032918,0.0014850000000000002
2017.525,-0.07346900000000006,-0.03304600000000002,-0.003134999999999999
2017.5277,-0.07410400000000006,-0.031140999999999974,-0.008656
2017.5305,-0.07436900000000002,-0.03297,-0.004199000000000001
2017.5332,-0.07432000000000005,-0.03213899999999997,-0.007768999999999998
2017.5359,-0.07398100000000002,-0.030760999999999983,-0.00664
2017.5387,-0.07338100000000003,-0.03236499999999998,-0.0034430000000000016
2017.5414,-0.07424700000000001,-0.031752,-0.00024199999999999916
2017.5441,-0.07399300000000003,-0.031932000000000016,-0.004797000000000003
2017.5469,-0.07413600000000004,-0.03266999999999998,-0.0013130000000000017
2017.5496,-0.07418700000000006,-0.032316999999999985,-0.00026099999999999735
2017.5524,-0.07505700000000004,-0.033526999999999973,-0.006200999999999998
2017.5551,-0.07392300000000002,-0.032903000000000016,-0.003581000000000001
2017.5578,-0.07523100000000005,-0.03032600000000002,-0.008170999999999998
2017.5606,-0.07399300000000003,-0.03297899999999998,-0.0010860000000000036
2017.5633,-0.07497300000000001,-0.03334799999999999,-0.0025099999999999983
2017.5661,-0.07468400000000003,-0.032152000000000014,-0.0016100000000000003
2017.5688,-0.07647400000000004,-0.03316400000000003,-0.004125000000000004
2017.5715,-0.07542900000000002,-0.03283900000000001,-0.004528999999999998
2017.5743,-0.07377500000000003,-0.030557,-0.006295000000000002
2017.577,-0.07422600000000001,-0.03199999999999997,-0.005192000000000002
2017.5797,-0.07267000000000001,-0.032584999999999975,-0.011259000000000002
2017.5825,-0.07319500000000001,-0.03142600000000001,-0.004151000000000002
2017.5852,-0.07202400000000003,-0.03190799999999999,-0.005041999999999998
2017.588,-0.07305700000000004,-0.03224100000000002,-0.005352000000000003
2017.5907,-0.07399700000000003,-0.03248400000000001,-0.0036800000000000027
2017.5934,-0.07347900000000002,-0.033077999999999996,-0.0006890000000000021
2017.5962,-0.07362500000000005,-0.03319899999999998,-0.002564999999999998
2017.5989,-0.07263400000000003,-0.032928999999999986,-0.0018560000000000035
2017.6016,-0.07442800000000005,-0.034192,-0.004794
2017.6044,-0.07347600000000004,-0.033052000000000026,0.0018729999999999997
2017.6071,-0.07307800000000003,-0.032109,-0.0036240000000000022
2017.6099,-0.07426300000000002,-0.03229399999999999,-0.002799000000000003
2017.6126,-0.07411800000000002,-0.035065999999999986,0.00024300000000000016
2017.6153,-0.07465500000000003,-0.03512199999999999,0.0026670000000000027
2017.6181,-0.07307600000000003,-0.034758999999999984,0.00041100000000000164
2017.6208,-0.07301400000000002,-0.03356399999999998,-0.001361000000000001
2017.6235,-0.07390200000000002,-0.03403099999999998,-0.004019000000000002
2017.6263,-0.07470800000000005,-0.03408699999999998,0.0014040000000000025
2017.629,-0.07572500000000004,-0.034380999999999995,0.00010799999999999699
2017.6318,-0.07303600000000005,-0.03378999999999999,-0.002363999999999998
2017.6345,-0.07212300000000005,-0.03386699999999998,0.00015500000000000236
2017.6372,-0.07208000000000003,-0.035685999999999996,-0.0035320000000000004
2017.64,-0.07359300000000002,-0.036493,-0.0009359999999999993
2017.6427,-0.07597300000000001,-0.033665999999999974,0.007495000000000002
2017.6454,-0.07557900000000001,-0.034745000000000026,0.007417
2017.6482,-0.07471100000000003,-0.034965000000000024,0.003166000000000002
2017.6509,-0.07333500000000004,-0.03440199999999999,0.0017790000000000028
2017.6537,-0.07503500000000002,-0.03484700000000002,-0.001356000000000003
2017.6564,-0.07503800000000005,-0.03458699999999998,-0.006162000000000001
2017.6591,-0.07428300000000004,-0.035277999999999976,-0.0030589999999999992
2017.6619,-0.07528000000000001,-0.034621999999999986,-0.0003280000000000019
2017.6646,-0.07370600000000005,-0.034492999999999996,0.0016520000000000007
2017.6674,-0.07371800000000006,-0.03285300000000002,-0.0016419999999999976
2017.6701,-0.07388700000000004,-0.035467000000000026,0.002799999999999997
2017.6728,-0.07368500000000006,-0.03414499999999998,0.0072419999999999984
2017.6756,-0.07253600000000004,-0.03497699999999998,-0.0010560000000000014
2017.6783,-0.07287500000000002,-0.03564499999999998,0.002482999999999999
2017.681,-0.07168000000000002,-0.037441,0.0018369999999999984
2017.6838,-0.07420400000000005,-0.03625600000000001,0.0013179999999999997
2017.6865,-0.07348600000000005,-0.037990000000000024,0.007859999999999999
2017.6893,-0.07281700000000002,-0.035758999999999985,0.001575
2017.692,-0.07245900000000005,-0.03531200000000001,0.0021979999999999986
2017.6947,-0.07210600000000006,-0.038746,-0.0003449999999999981
2017.6975,-0.07171700000000003,-0.03736099999999998,0.004823000000000001
2017.7002,-0.07102800000000004,-0.03625800000000001,0.004172999999999996
2017.7029,-0.07309700000000002,-0.036053999999999975,0.003733
2017.7057,-0.07136800000000004,-0.037465000000000026,-0.0004200000000000037
2017.7084,-0.07313000000000003,-0.03566799999999998,-0.00021700000000000191
2017.7112,-0.07261800000000002,-0.03751399999999999,0.0038679999999999964
2017.7139,-0.07576500000000003,-0.03818899999999997,0.006310999999999997
2017.7166,-0.07533400000000001,-0.03808499999999998,0.0012910000000000005
2017.7194,-0.07424400000000003,-0.03703400000000001,0.004317000000000001
2017.7221,-0.07565500000000003,-0.037107999999999974,0.012089000000000003
2017.7248,-0.07296700000000006,-0.03769499999999998,0.0019930000000000017
2017.7276,-0.07417700000000005,-0.037634,-0.001357999999999998
2017.7303,-0.07288300000000003,-0.03647600000000001,-0.0017269999999999994
2017.7331,-0.07327200000000006,-0.036204000000000014,-0.0008659999999999987
2017.7358,-0.07309700000000002,-0.03758,0.003009999999999999
2017.7385,-0.07120200000000004,-0.035943999999999976,0.0029749999999999985
2017.7413,-0.07292900000000002,-0.038248000000000004,-0.001006
2017.744,-0.07406000000000001,-0.03792699999999999,-0.004239
2017.7467,-0.07489200000000001,-0.03721200000000002,-0.0012230000000000019
2017.7495,-0.07493900000000003,-0.036887999999999976,-0.0009279999999999983
2017.7522,-0.07487100000000002,-0.037269,-0.003143
2017.755,-0.07243300000000003,-0.037677000000000016,-0.010072000000000001
2017.7577,-0.07262600000000002,-0.03756999999999999,-0.006672999999999998
2017.7604,-0.07308100000000006,-0.039914000000000005,-0.004284999999999997
2017.7632,-0.07334500000000005,-0.039657,-0.0018270000000000022
2017.7659,-0.07310100000000003,-0.04045700000000002,-0.0014120000000000035
2017.7687,-0.07489000000000001,-0.038121000000000016,-0.001225999999999998
2017.7714,-0.07258800000000004,-0.03784500000000002,-0.008774
2017.7741,-0.07373100000000005,-0.039015999999999995,-0.004948000000000001
2017.7769,-0.07333400000000001,-0.03933900000000001,0.004117999999999997
2017.7796,-0.07344500000000004,-0.040268000000000026,0.0025200000000000014
2017.7823,-0.07305000000000006,-0.041049999999999975,-0.006655000000000001
2017.7851,-0.07150600000000001,-0.04148600000000002,-0.005832000000000004
2017.7878,-0.07093600000000005,-0.04130699999999998,-0.005884
2017.7906,-0.07102300000000006,-0.04263699999999998,-0.0043230000000000005
2017.7933,-0.07074100000000005,-0.040970000000000006,-0.004546000000000001
2017.796,-0.07132700000000003,-0.044211,-0.000903000000000001
2017.7988,-0.07306600000000002,-0.04491499999999998,0.007295999999999997
2017.8015,-0.07502500000000001,-0.042437999999999976,0.004513999999999997
2017.8042,-0.07191200000000003,-0.04437200000000002,0.004681999999999999
2017.807,-0.07050200000000001,-0.04203000000000001,-0.0005930000000000032
2017.8097,-0.07112300000000005,-0.04020800000000002,-0.010884000000000001
2017.8125,-0.06832900000000003,-0.040379,-0.010287000000000001
2017.8152,-0.07073900000000005,-0.04083399999999998,-0.010727
2017.8179,-0.06982700000000003,-0.03925400000000001,-0.0039980000000000016
2017.8207,-0.07071800000000006,-0.040144999999999986,-0.003358
2017.8234,-0.07148400000000005,-0.039879,-0.0037729999999999986
2017.8261,-0.07274800000000003,-0.04175499999999999,-0.002158
2017.8289,-0.07154600000000005,-0.03859499999999999,-0.000337999999999998
2017.8316,-0.07252200000000003,-0.040607000000000004,-0.0016600000000000018
2017.8344,-0.07009000000000004,-0.04534300000000002,-0.0016429999999999986
2017.8371,-0.07221100000000003,-0.039744999999999975,-0.0025039999999999993
2017.8398,-0.07315900000000003,-0.040098999999999996,-0.0037389999999999993
2017.8426,-0.07164000000000004,-0.04148600000000002,-4.099999999999937e-05
2017.8453,-0.07300200000000001,-0.04120499999999999,0.0015480000000000008
2017.848,-0.07046500000000006,-0.04079699999999997,-0.0005210000000000006
2017.8508,-0.07129700000000005,-0.040794,-0.002029000000000003
2017.8535,-0.07024800000000003,-0.04160900000000001,-0.004839999999999997
2017.8563,-0.07215900000000003,-0.04516199999999998,-0.008118
2017.859,-0.07156400000000002,-0.043760999999999994,0.002049000000000002
2017.8617,-0.07188000000000005,-0.04414499999999999,0.0006610000000000019
2017.8645,-0.06958500000000001,-0.04582999999999998,-0.005486999999999999
2017.8672,-0.07263900000000001,-0.04559200000000002,0.0018629999999999966
2017.87,-0.07210200000000005,-0.04591299999999998,-0.006844000000000003
2017.8727,-0.07049800000000006,-0.044686000000000003,0.0005840000000000012
2017.8754,-0.07130800000000004,-0.042738,-0.0006569999999999979
2017.8782,-0.07339100000000004,-0.041239000000000026,0.0003589999999999982
2017.8809,-0.07272900000000004,-0.04320099999999999,-0.0010679999999999995
2017.8836,-0.07152500000000006,-0.04278199999999999,-0.0013939999999999994
2017.8864,-0.07111500000000004,-0.044213999999999976,-0.0006859999999999991
2017.8891,-0.07083800000000001,-0.04435899999999998,-0.003701000000000003
2017.8919,-0.07108600000000004,-0.046065999999999996,-0.0025249999999999995
2017.8946,-0.07141500000000006,-0.04721700000000001,0.0031769999999999993
2017.8973,-0.07294700000000004,-0.04357,0.008216000000000001
2017.9001,-0.07221500000000003,-0.04322500000000001,-0.005207000000000003
2017.9028,-0.07111500000000004,-0.04503099999999999,0.0022789999999999963
2017.9055,-0.07333700000000004,-0.04311900000000002,0.0008789999999999978
2017.9083,-0.07242600000000005,-0.043300000000000005,-0.0017850000000000019
2017.911,-0.07296600000000003,-0.043659,-0.007297999999999999
2017.9138,-0.07282200000000005,-0.04413499999999998,-0.0005549999999999999
2017.9165,-0.07413400000000003,-0.04244500000000001,-0.004631999999999997
2017.9192,-0.07194800000000001,-0.042229000000000017,-0.0002679999999999974
2017.922,-0.07455600000000001,-0.04174800000000001,0.0005770000000000011
2017.9247,-0.07319700000000001,-0.042908999999999975,-0.008469
2017.9274,-0.07017900000000005,-0.040268000000000026,-0.010206
2017.9302,-0.07239500000000004,-0.042128,-0.007357000000000002
2017.9329,-0.07179800000000003,-0.040024000000000004,-0.011112
2017.9357,-0.07266300000000003,-0.04246299999999997,-0.006270999999999999
2017.9384,-0.07299100000000003,-0.04277700000000001,-0.008066999999999998
2017.9411,-0.07261600000000001,-0.04108800000000001,-0.008706000000000002
2017.9439,-0.07335200000000003,-0.04094599999999998,-0.006782000000000003
2017.9466,-0.07277100000000003,-0.04237000000000002,-0.004492000000000003
2017.9493,-0.07314300000000001,-0.040175000000000016,-0.010816
2017.9521,-0.07294600000000001,-0.041044000000000025,-0.008051000000000003
2017.9548,-0.07632800000000006,-0.04285099999999997,0.003016999999999999
2017.9576,-0.07395300000000005,-0.040725999999999984,0.00027900000000000147
2017.9603,-0.07740100000000005,-0.041495000000000004,-0.0023239999999999997
2017.963,-0.07567700000000005,-0.042318999999999996,-0.0010700000000000015
2017.9658,-0.07612600000000003,-0.04340100000000002,0.0022990000000000024
2017.9685,-0.07627000000000006,-0.04222799999999999,0.002251999999999997
2017.9713,-0.07574000000000003,-0.04224,0.0002500000000000002
2017.974,-0.07599900000000004,-0.04130600000000001,-0.0020809999999999995
2017.9767,-0.07571100000000003,-0.04130600000000001,-0.0052229999999999985
2017.9795,-0.07521300000000003,-0.04092000000000001,-0.0038870000000000016
2017.9822,-0.07624300000000006,-0.04145399999999999,-0.0035169999999999993
2017.9849,-0.07553900000000002,-0.04130600000000001,-0.0063469999999999985
2017.9877,-0.07533500000000004,-0.042571000000000025,-0.003464000000000002
2017.9904,-0.07548500000000002,-0.042310000000000014,-0.005553000000000002
2017.9932,-0.07557100000000005,-0.04466500000000001,-0.0023940000000000003
2017.9959,-0.07663200000000003,-0.044084999999999985,-0.0009810000000000027
2017.9986,-0.07450000000000001,-0.04167700000000002,-0.006491999999999998
2018.0014,-0.07479400000000003,-0.04378399999999999,-0.0034189999999999984
2018.0041,-0.07436700000000002,-0.04133700000000001,-0.003959999999999998
2018.0068,-0.07697600000000004,-0.042810000000000015,-0.002794999999999999
2018.0096,-0.07627400000000001,-0.04370099999999999,-0.0025290000000000035
2018.0123,-0.07390000000000002,-0.046045,-0.004490000000000001
2018.0151,-0.07598600000000005,-0.04573100000000002,-0.002572999999999999
2018.0178,-0.07682800000000001,-0.04409000000000002,-0.006531000000000002
2018.0205,-0.07731000000000005,-0.04261199999999998,-0.0029720000000000024
2018.0233,-0.07893900000000004,-0.04372900000000002,0.0026660000000000017
2018.026,-0.07809000000000005,-0.04150100000000001,0.0005700000000000011
2018.0287,-0.07791800000000004,-0.045835000000000015,0.004352000000000002
2018.0315,-0.07442200000000004,-0.044765,-0.0033040000000000014
2018.0342,-0.07644400000000001,-0.04186899999999999,-0.008281
2018.037,-0.07718100000000006,-0.04147099999999998,-0.003598999999999998
2018.0397,-0.07716200000000001,-0.043379999999999974,-0.0062390000000000015
2018.0424,-0.07695400000000002,-0.04561799999999999,-0.009335
2018.0452,-0.07577800000000001,-0.04705900000000002,-0.009299000000000002
2018.0479,-0.07822400000000002,-0.04642400000000002,-0.004403999999999998
2018.0507,-0.07856900000000006,-0.04650900000000002,0.001022000000000002
2018.0534,-0.07653400000000005,-0.044208000000000025,-0.0010780000000000026
2018.0561,-0.07621800000000001,-0.04599799999999998,-0.001801999999999998
2018.0589,-0.07634600000000002,-0.04247400000000001,-0.0011890000000000026
2018.0616,-0.07526300000000002,-0.045621999999999996,-0.001901
2018.0643,-0.07812600000000003,-0.04467399999999999,-0.0010469999999999993
2018.0671,-0.07882500000000003,-0.04487000000000002,-0.003576000000000003
2018.0698,-0.07816700000000004,-0.043300000000000005,-0.006634000000000001
2018.0726,-0.07649800000000001,-0.045706000000000024,-0.0052239999999999995
2018.0753,-0.07447300000000001,-0.042634000000000005,-0.010232000000000002
2018.078,-0.07539700000000005,-0.04427300000000001,-0.008692000000000002
2018.0808,-0.07905700000000004,-0.04431200000000002,-0.0019609999999999975
2018.0835,-0.07883500000000004,-0.041244,-0.006638999999999999
2018.0862,-0.07791700000000001,-0.04349900000000001,-0.009825
2018.089,-0.07692800000000005,-0.04291099999999998,-0.012826
2018.0917,-0.07832600000000006,-0.04094599999999998,-0.01507
2018.0945,-0.07662600000000003,-0.043352999999999975,-0.008995
2018.0972,-0.07918300000000006,-0.04453499999999999,-0.0033240000000000006
2018.0999,-0.07500100000000004,-0.041244,-0.007966
2018.1027,-0.07673500000000005,-0.04327799999999998,-0.007422999999999999
2018.1054,-0.07327800000000001,-0.04210599999999998,-0.009018000000000002
2018.1081,-0.07614800000000005,-0.04042600000000002,-0.009559999999999999
2018.1109,-0.07720000000000005,-0.04166900000000001,-0.009349
2018.1136,-0.07798200000000005,-0.04286899999999999,-0.005913000000000002
2018.1164,-0.07686200000000004,-0.042657999999999974,-0.008298
2018.1191,-0.07734300000000005,-0.04180800000000001,-0.010075
2018.1218,-0.07889200000000002,-0.041937999999999975,-0.005547000000000003
2018.1246,-0.07735800000000004,-0.040034000000000014,-0.003166000000000002
2018.1273,-0.07860300000000003,-0.041715,-0.009804
2018.13,-0.07664300000000002,-0.042837000000000014,-0.0027329999999999993
2018.1328,-0.07876400000000006,-0.04086600000000001,-0.015913
2018.1355,-0.07771800000000001,-0.041030999999999984,-0.010821
2018.1383,-0.07740000000000002,-0.04131699999999999,-0.0052260000000000015
2018.141,-0.07531100000000002,-0.039812000000000014,-0.008163000000000004
2018.1437,-0.07658800000000004,-0.04080299999999998,-0.009672
2018.1465,-0.07669400000000004,-0.041464999999999974,-0.007525000000000004
2018.1492,-0.07906100000000005,-0.04152499999999998,-0.004915000000000003
2018.152,-0.07753900000000002,-0.04289700000000002,-0.003493999999999997
2018.1547,-0.07915900000000003,-0.04310799999999998,-0.003941
2018.1574,-0.07930500000000001,-0.04324699999999998,-0.004227000000000002
2018.1602,-0.07785200000000003,-0.042040999999999995,-0.002151
2018.1629,-0.07796400000000003,-0.044294,-0.002349999999999998
2018.1656,-0.07678800000000002,-0.045067000000000024,-0.009221
2018.1684,-0.07793400000000006,-0.044688000000000005,-0.0028610000000000024
2018.1711,-0.07859600000000005,-0.04111799999999999,-0.004830000000000001
2018.1739,-0.07794600000000002,-0.04123199999999999,-0.011933
2018.1766,-0.07720000000000005,-0.04149900000000001,-0.009955000000000002
2018.1793,-0.07686200000000004,-0.04140699999999997,-0.006832999999999999
2018.1821,-0.07519700000000001,-0.04255999999999999,-0.0053430000000000005
2018.1848,-0.07748200000000005,-0.04097299999999998,-0.0032920000000000033
2018.1875,-0.07801700000000006,-0.04065400000000002,-0.008687
2018.1903,-0.07658000000000004,-0.04051199999999999,-0.012298
2018.193,-0.07822600000000002,-0.04014000000000001,-0.0050009999999999985
2018.1958,-0.07710800000000001,-0.04400100000000001,-0.009035000000000001
2018.1985,-0.07856900000000006,-0.043709,-0.005240000000000002
2018.2012,-0.07993500000000003,-0.043105000000000004,-0.004963000000000002
2018.204,-0.08056200000000002,-0.042352999999999974,-0.006508
2018.2067,-0.08035600000000004,-0.04310900000000001,-0.005941000000000002
2018.2094,-0.08040800000000004,-0.04187099999999999,-0.00935
2018.2122,-0.07967700000000005,-0.04020800000000002,-0.008676
2018.2149,-0.07853600000000005,-0.041337999999999986,-0.013366
2018.2177,-0.07995200000000002,-0.04144399999999998,-0.005089999999999997
2018.2204,-0.07864200000000005,-0.04275800000000002,-0.006328
2018.2231,-0.07970100000000002,-0.046947000000000016,-0.0025179999999999994
2018.2259,-0.08104900000000004,-0.04198099999999999,-0.007934000000000004
2018.2286,-0.07974000000000003,-0.042634000000000005,-0.008362999999999999
2018.2313,-0.07870300000000002,-0.04249599999999998,-0.009921
2018.2341,-0.07969600000000004,-0.04436000000000001,-0.009817
2018.2368,-0.07997400000000005,-0.041908999999999974,-0.013453
2018.2396,-0.07916200000000001,-0.041293000000000024,-0.016489
2018.2423,-0.07956000000000002,-0.041273000000000004,-0.01696
2018.245,-0.07852500000000001,-0.04135899999999998,-0.014334
2018.2478,-0.07930000000000004,-0.041549999999999976,-0.011933
2018.2505,-0.08118400000000003,-0.04063499999999998,-0.005141
2018.2533,-0.08057600000000004,-0.04197400000000001,-0.006634000000000001
2018.256,-0.07996500000000001,-0.041547,-0.010270999999999999
2018.2587,-0.08025800000000005,-0.040379,-0.014440000000000001
2018.2615,-0.07693600000000006,-0.041179999999999994,-0.007357000000000002
2018.2642,-0.07914900000000002,-0.047858999999999985,-0.004631000000000003
2018.2669,-0.07981100000000002,-0.04295399999999999,-0.006052000000000002
2018.2697,-0.07916000000000001,-0.041321,-0.016908
2018.2724,-0.07975800000000005,-0.04337799999999997,-0.008761000000000001
2018.2752,-0.08108500000000002,-0.046648999999999996,-0.006656000000000002
2018.2779,-0.07970800000000006,-0.04452499999999998,-0.005596999999999998
2018.2806,-0.07901600000000003,-0.043640999999999985,-0.009642999999999999
2018.2834,-0.07800800000000002,-0.042032000000000014,-0.008902
2018.2861,-0.07822000000000001,-0.041628,-0.010383
2018.2888,-0.07995700000000006,-0.042640999999999984,-0.008455
2018.2916,-0.08107500000000001,-0.04308600000000001,-0.006846999999999999
2018.2943,-0.07952800000000004,-0.042561000000000015,-0.012156
2018.2971,-0.07981500000000002,-0.04194300000000001,-0.012745
2018.2998,-0.08046500000000001,-0.04263,-0.017552
2018.3025,-0.08066500000000004,-0.040823,-0.020347
2018.3053,-0.08076200000000006,-0.04108600000000001,-0.020839
2018.308,-0.07926300000000003,-0.040800999999999976,-0.012643000000000001
2018.3107,-0.08262600000000003,-0.04235800000000001,-0.009374
2018.3135,-0.08216100000000004,-0.041559999999999986,-0.011354
2018.3162,-0.08253300000000002,-0.04108200000000001,-0.011576
2018.319,-0.08095700000000006,-0.04023100000000002,-0.008418000000000002
2018.3217,-0.08216900000000005,-0.041323,-0.007515000000000001
2018.3244,-0.08185300000000001,-0.039941000000000004,-0.008342000000000002
2018.3272,-0.08108400000000004,-0.040536000000000016,-0.0057890000000000025
2018.3299,-0.08148000000000005,-0.039768000000000026,-0.015973
2018.3326,-0.08249300000000004,-0.04078799999999999,-0.012373000000000002
2018.3354,-0.08034000000000002,-0.04267599999999999,-0.014099
2018.3381,-0.08074300000000001,-0.03995500000000002,-0.009215000000000001
2018.3409,-0.08085300000000001,-0.039854,-0.007453000000000001
2018.3436,-0.08095400000000003,-0.041291999999999995,-0.005968000000000001
2018.3463,-0.08036100000000002,-0.039742,-0.012060000000000001
2018.3491,-0.08057300000000006,-0.040657,-0.013214
2018.3518,-0.08088400000000001,-0.040495,-0.007390000000000001
2018.3546,-0.08277400000000001,-0.03984900000000002,-0.006075999999999998
2018.3573,-0.08246700000000001,-0.04171999999999998,-0.0069180000000000005
2018.36,-0.08103300000000002,-0.04042899999999999,-0.013645000000000001
2018.3628,-0.08191900000000002,-0.04032599999999997,-0.005294
2018.3655,-0.08219700000000002,-0.040217,-0.003362000000000004
2018.3682,-0.08107700000000001,-0.040397000000000016,-0.0034329999999999986
2018.371,-0.08071500000000004,-0.04125800000000002,-0.006848
2018.3737,-0.08171800000000001,-0.04083300000000001,-0.010157
2018.3765,-0.08252100000000001,-0.04042800000000002,-0.004959999999999999
2018.3792,-0.08107100000000006,-0.039766000000000024,-0.0012529999999999972
2018.3819,-0.08215300000000003,-0.04006399999999999,-0.007348
2018.3847,-0.08067100000000005,-0.04027799999999998,0.0007139999999999994
2018.3874,-0.08211900000000005,-0.04026099999999999,-0.0044420000000000015
2018.3901,-0.08249500000000004,-0.040215999999999974,0.0003970000000000015
2018.3929,-0.08260000000000006,-0.04079699999999997,-0.0009460000000000024
2018.3956,-0.08300900000000005,-0.04081800000000002,0.0012720000000000023
2018.3984,-0.08256900000000006,-0.04072199999999998,-0.0008130000000000012
2018.4011,-0.08106200000000002,-0.040432000000000023,-0.007752000000000002
2018.4038,-0.08249400000000001,-0.03813899999999998,-0.004566000000000001
2018.4066,-0.08070900000000003,-0.04006599999999999,0.0009460000000000024
2018.4093,-0.08301300000000006,-0.039312000000000014,-0.005137000000000003
2018.412,-0.08258400000000005,-0.039625999999999995,0.0025620000000000018
2018.4148,-0.08107200000000003,-0.038519000000000025,-0.004485000000000003
2018.4175,-0.08167400000000002,-0.03823199999999999,-0.007155000000000002
2018.4203,-0.08172800000000002,-0.03722399999999998,-0.005025000000000002
2018.423,-0.08292500000000003,-0.03736400000000001,0.0005199999999999996
2018.4257,-0.08187300000000003,-0.03908499999999998,0.0002009999999999998
2018.4285,-0.08212600000000003,-0.03907100000000002,-0.004200000000000002
2018.4312,-0.08200000000000002,-0.038441999999999976,-0.00022600000000000398
2018.4339,-0.08157600000000004,-0.037741000000000025,-0.004117000000000003
2018.4367,-0.08190400000000003,-0.03611900000000001,-0.0026269999999999974
2018.4394,-0.08291000000000004,-0.03714200000000001,0.00047599999999999726
2018.4422,-0.08132200000000006,-0.03769800000000001,0.0011339999999999961
2018.4449,-0.08056900000000006,-0.038244,-0.009497000000000002
2018.4476,-0.08178200000000002,-0.03870899999999999,-0.004654999999999999
2018.4504,-0.08336200000000005,-0.03714200000000001,-0.0021759999999999974
2018.4531,-0.08284000000000002,-0.037675000000000014,-0.0003259999999999999
2018.4559,-0.08190900000000001,-0.039356,-0.005353999999999998
2018.4586,-0.08006800000000003,-0.038968999999999976,-0.0024189999999999975
2018.4613,-0.08227200000000001,-0.039156000000000024,-0.0013939999999999994
2018.4641,-0.08037400000000006,-0.037144999999999984,-0.006555999999999999
2018.4668,-0.08247200000000005,-0.038787000000000016,-0.0036189999999999972
2018.4695,-0.08263700000000002,-0.039105999999999974,0.00019399999999999973
2018.4723,-0.08193200000000006,-0.03748099999999999,-0.0025029999999999983
2018.475,-0.08023000000000002,-0.03769899999999998,-0.0014829999999999982
2018.4778,-0.08133900000000005,-0.037219,-0.003030999999999999
2018.4805,-0.08044100000000004,-0.03761300000000001,0.0038670000000000024
2018.4832,-0.08182900000000004,-0.037538000000000016,-0.0065710000000000005
2018.486,-0.08116100000000004,-0.03772199999999998,-0.003918999999999999
2018.4887,-0.08012200000000003,-0.038358999999999976,-0.0012800000000000034
2018.4914,-0.08180200000000004,-0.03856999999999999,-0.006081999999999997
2018.4942,-0.08204500000000003,-0.037588999999999984,-0.004794
2018.4969,-0.08133900000000005,-0.036138,-0.0048889999999999975
2018.4997,-0.08188600000000001,-0.034273,-0.006387999999999998
2018.5024,-0.08212000000000003,-0.03536600000000001,-0.0018270000000000022
2018.5051,-0.08101800000000003,-0.036385,-0.008191000000000004
2018.5079,-0.08247000000000004,-0.03739300000000001,-0.001584000000000002
2018.5106,-0.07911500000000005,-0.036621000000000015,-0.006385000000000002
2018.5133,-0.08074200000000004,-0.03609699999999999,0.0018340000000000023
2018.5161,-0.08094700000000005,-0.035972000000000004,-0.0015459999999999988
2018.5188,-0.08142100000000002,-0.03778900000000002,0.0010669999999999985
2018.5216,-0.08103100000000002,-0.03784199999999999,0.0013200000000000017
2018.5243,-0.08016300000000004,-0.03710599999999997,-0.003362999999999998
2018.527,-0.08183600000000002,-0.03641299999999997,-0.0018569999999999975
2018.5298,-0.08249700000000004,-0.035053999999999974,-0.0063479999999999995
2018.5325,-0.08106600000000003,-0.03655000000000003,-0.011144000000000001
2018.5352,-0.08304900000000004,-0.038453000000000015,0.0012980000000000005
2018.538,-0.08121000000000006,-0.039049,-0.0021660000000000013
2018.5407,-0.08103800000000005,-0.03715299999999999,0.006645999999999999
2018.5435,-0.08097900000000002,-0.034661,0.0003820000000000004
2018.5462,-0.08197700000000002,-0.03612199999999999,-0.0019629999999999995
2018.5489,-0.08146500000000001,-0.03511599999999998,0.001120000000000003
2018.5517,-0.08039000000000002,-0.03800100000000001,-0.004371
2018.5544,-0.08067100000000005,-0.03593999999999997,-0.0037830000000000016
2018.5572,-0.08085800000000004,-0.036687000000000025,-0.002807999999999998
2018.5599,-0.08107300000000006,-0.036748999999999976,-0.007087999999999997
2018.5626,-0.08152600000000004,-0.036565000000000014,-0.007754999999999998
2018.5654,-0.07994200000000001,-0.037424999999999986,0.0006079999999999974
2018.5681,-0.08108300000000002,-0.036638000000000004,0.00013699999999999823
2018.5708,-0.08170500000000003,-0.03745799999999999,0.003250000000000003
2018.5736,-0.08186000000000004,-0.03739100000000001,-0.003168999999999998
2018.5763,-0.08206200000000002,-0.03651300000000002,-0.0005240000000000036
2018.5791,-0.08205400000000002,-0.03814400000000001,0.0002710000000000004
2018.5818,-0.08199400000000001,-0.037269,0.002237999999999997
2018.5845,-0.08097100000000002,-0.037860000000000005,0.0030929999999999985
2018.5873,-0.08243300000000003,-0.037997999999999976,0.002243000000000002
2018.59,-0.08120100000000002,-0.037202999999999986,0.002153999999999996
2018.5927,-0.08096800000000004,-0.03859499999999999,0.0022080000000000016
2018.5955,-0.08301600000000003,-0.03892800000000002,0.007127000000000001
2018.5982,-0.08085200000000003,-0.037351999999999996,0.004263000000000003
2018.601,-0.08313700000000002,-0.03824299999999997,0.007979
2018.6037,-0.08317600000000003,-0.03887099999999999,-8.79999999999978e-05
2018.6064,-0.08472700000000005,-0.03902800000000001,0.006545999999999996
2018.6092,-0.08348300000000003,-0.03864200000000001,-0.0010539999999999994
2018.6119,-0.08376100000000003,-0.03851199999999999,0.0034029999999999963
2018.6146,-0.08365100000000003,-0.03975000000000001,0.00020699999999999885
2018.6174,-0.08330500000000002,-0.03948400000000002,-0.0014409999999999978
2018.6201,-0.08402600000000005,-0.037937,0.003701999999999997
2018.6229,-0.08358000000000004,-0.03716999999999998,0.01047
2018.6256,-0.08265400000000006,-0.03633799999999998,-0.0046700000000000005
2018.6283,-0.08125300000000002,-0.03817300000000001,-0.0031219999999999998
2018.6311,-0.08220700000000003,-0.03759499999999999,0.002463
2018.6338,-0.07988800000000001,-0.037849999999999995,0.004963999999999996
2018.6366,-0.08041400000000004,-0.035380999999999996,-0.004272999999999999
2018.6393,-0.08051400000000003,-0.038459999999999994,0.0034000000000000002
2018.642,-0.08076800000000006,-0.039905000000000024,-0.00043400000000000383
2018.6448,-0.08157900000000001,-0.038939,0.002937000000000002
2018.6475,-0.07899300000000004,-0.03994599999999998,0.0018820000000000017
2018.6502,-0.08038300000000004,-0.03994199999999998,0.004808
2018.653,-0.08174500000000001,-0.039075000000000026,0.006443999999999998
2018.6557,-0.07873000000000002,-0.039951000000000014,-0.00022699999999999804
2018.6585,-0.07969200000000004,-0.040437999999999974,0.0020970000000000016
2018.6612,-0.08099300000000004,-0.040383,0.0035379999999999995
2018.6639,-0.07967100000000005,-0.04080600000000001,0.010225999999999999
2018.6667,-0.08021000000000006,-0.04232999999999998,0.006746000000000002
2018.6694,-0.07952600000000004,-0.04019800000000001,0.0009479999999999975
2018.6721,-0.07943500000000003,-0.04009600000000002,0.0005970000000000003
2018.6749,-0.07905000000000001,-0.03970499999999999,0.001356999999999997
2018.6776,-0.08074400000000004,-0.03859499999999999,0.003956000000000001
2018.6804,-0.07973700000000006,-0.04155500000000001,0.00578
2018.6831,-0.08036400000000005,-0.040410999999999975,0.004922999999999997
2018.6858,-0.08096700000000001,-0.040569999999999995,0.0016359999999999986
2018.6886,-0.08116500000000004,-0.03959499999999999,0.004019000000000002
2018.6913,-0.08050800000000002,-0.04188900000000001,0.010050999999999997
2018.694,-0.08002900000000002,-0.040970000000000006,0.005287
2018.6968,-0.08051600000000003,-0.04117500000000002,0.006813
2018.6995,-0.08161000000000002,-0.041478000000000015,0.004901000000000003
2018.7023,-0.07923700000000006,-0.041047,-0.0009720000000000006
2018.705,-0.07845600000000003,-0.041034000000000015,0.0063500000000000015
2018.7077,-0.07734400000000002,-0.042219000000000007,-0.0006690000000000029
2018.7105,-0.07901600000000003,-0.04172199999999998,0.0025550000000000017
2018.7132,-0.07985700000000001,-0.04159299999999999,0.00035299999999999915
2018.7159,-0.08075200000000005,-0.04259000000000002,0.003048999999999996
2018.7187,-0.08002900000000002,-0.04309099999999999,0.004226000000000001
2018.7214,-0.08131100000000002,-0.04197600000000001,0.00042400000000000077
2018.7242,-0.08140800000000004,-0.042908,0.006469999999999997
2018.7269,-0.08043900000000004,-0.043032000000000015,0.0002580000000000013
2018.7296,-0.07964600000000005,-0.04148299999999999,-0.002827999999999997
2018.7324,-0.07815900000000003,-0.04217799999999999,-0.0035379999999999995
2018.7351,-0.07846100000000006,-0.04065000000000002,-0.0015200000000000005
2018.7379,-0.07964200000000005,-0.043487,0.001240999999999999
2018.7406,-0.07993100000000003,-0.043352,-0.0012180000000000038
2018.7433,-0.08160900000000004,-0.04376000000000002,0.006031000000000002
2018.7461,-0.08122300000000005,-0.04437000000000002,-0.0007180000000000034
2018.7488,-0.08032300000000003,-0.04303600000000002,0.005367999999999998
2018.7515,-0.08071900000000004,-0.04249599999999998,0.0021790000000000004
2018.7543,-0.08059500000000003,-0.043088000000000015,-0.0013089999999999977
2018.757,-0.07916200000000001,-0.04452299999999998,0.005546000000000002
2018.7598,-0.08073500000000006,-0.045825000000000005,0.0030610000000000012
2018.7625,-0.08032900000000004,-0.04202299999999998,0.0018180000000000002
2018.7652,-0.07857900000000001,-0.044125000000000025,-0.0009989999999999999
2018.768,-0.07898200000000005,-0.04407,0.004174999999999998
2018.7707,-0.08019800000000005,-0.044572,0.010419999999999999
2018.7734,-0.08016600000000002,-0.04519099999999998,0.004612999999999999
2018.7762,-0.07835300000000006,-0.04274,-0.0030980000000000035
2018.7789,-0.07974500000000001,-0.044233999999999996,0.007503999999999997
2018.7817,-0.07824100000000006,-0.04302,0.004906000000000001
2018.7844,-0.07997300000000002,-0.04400399999999999,-0.0009339999999999973
2018.7871,-0.07819000000000004,-0.04306399999999999,0.004483000000000001
2018.7899,-0.07666300000000004,-0.042293000000000025,-0.0029570000000000013
2018.7926,-0.07644000000000001,-0.04275699999999999,-0.0010379999999999973
2018.7953,-0.07819000000000004,-0.04362899999999997,-0.001912999999999998
2018.7981,-0.07749700000000004,-0.043962,-0.0025459999999999997
2018.8008,-0.07734900000000006,-0.044383000000000006,-0.002249000000000001
2018.8036,-0.07871100000000003,-0.04356300000000002,-0.0002489999999999992
2018.8063,-0.07900300000000005,-0.044522000000000006,0.004908999999999997
2018.809,-0.07750200000000002,-0.04674299999999998,0.010541000000000002
2018.8118,-0.07793800000000006,-0.04472999999999999,-7.300000000000362e-05
2018.8145,-0.07778400000000002,-0.045709,0.006726999999999997
2018.8172,-0.07826700000000003,-0.046841999999999995,0.004563999999999999
2018.82,-0.07852800000000004,-0.04641299999999998,0.0028380000000000002
2018.8227,-0.08021400000000001,-0.050124999999999975,0.0009829999999999978
2018.8255,-0.07763500000000001,-0.04935400000000001,0.004922000000000003
2018.8282,-0.07808400000000004,-0.04610700000000001,-0.0046660000000000035
2018.8309,-0.07766400000000001,-0.04527999999999999,0.00011699999999999905
2018.8337,-0.07771100000000003,-0.04502800000000001,-0.0008099999999999982
2018.8364,-0.08023700000000006,-0.04321199999999997,-0.001351999999999999
2018.8392,-0.07908000000000004,-0.04592299999999999,0.0024380000000000027
2018.8419,-0.07943600000000006,-0.04464600000000002,0.0035519999999999996
2018.8446,-0.07995000000000002,-0.045279000000000014,0.00014000000000000123
2018.8474,-0.07815700000000003,-0.04393999999999998,0.0019259999999999972
2018.8501,-0.07778000000000002,-0.045296999999999976,-0.0010970000000000008
2018.8528,-0.07558500000000001,-0.04525800000000002,-0.006754000000000003
2018.8556,-0.07659800000000005,-0.044819,-0.005468000000000001
2018.8583,-0.07818000000000003,-0.044881000000000004,-0.002485000000000001
2018.8611,-0.07819900000000002,-0.042532000000000014,-0.0012010000000000007
2018.8638,-0.07846500000000006,-0.04233500000000001,-0.0031800000000000023
2018.8665,-0.07773500000000005,-0.04587000000000002,-0.002245999999999998
2018.8693,-0.08015200000000006,-0.04539900000000002,-0.006603999999999999
2018.872,-0.07996500000000001,-0.046655999999999975,-0.003970000000000001
2018.8747,-0.07976100000000003,-0.04707899999999998,-0.0030569999999999972
2018.8775,-0.07845900000000006,-0.04496,0.0010959999999999998
2018.8802,-0.07818800000000004,-0.045611999999999986,0.005815000000000001
2018.883,-0.07948600000000006,-0.045667999999999986,-0.002925999999999998
2018.8857,-0.08034000000000002,-0.04658899999999999,0.005804999999999998
2018.8884,-0.08155700000000005,-0.04810900000000001,0.0023099999999999996
2018.8912,-0.08004400000000006,-0.04897600000000002,0.0045509999999999995
2018.8939,-0.08197900000000002,-0.049205,0.007650999999999998
2018.8966,-0.07965200000000006,-0.04653299999999999,0.005578
2018.8994,-0.07807300000000006,-0.04848399999999997,-0.0017249999999999974
2018.9021,-0.08016700000000004,-0.048524999999999985,-0.0014300000000000007
2018.9049,-0.08007700000000001,-0.05216399999999999,0.002250000000000002
2018.9076,-0.08092500000000002,-0.04769099999999998,0.003019000000000001
2018.9103,-0.07976900000000003,-0.04404999999999998,0.005270999999999998
2018.9131,-0.08040600000000003,-0.04726999999999998,0.008219999999999998
2018.9158,-0.08124500000000001,-0.046374000000000026,0.010849999999999999
2018.9185,-0.08113600000000004,-0.04705599999999999,0.006818999999999999
2018.9213,-0.07894300000000004,-0.04497499999999999,0.0016190000000000024
2018.924,-0.08111300000000005,-0.046904999999999974,0.0028439999999999993
2018.9268,-0.07922200000000001,-0.04449700000000001,-0.0004050000000000026
2018.9295,-0.07933700000000005,-0.045047000000000004,0.004899000000000001
2018.9322,-0.07954200000000006,-0.046957000000000026,0.009211999999999998
2018.935,-0.08029900000000001,-0.04931000000000002,0.00861
2018.9377,-0.08002900000000002,-0.04910300000000001,0.0010539999999999994
2018.9405,-0.07828400000000002,-0.046596000000000026,0.003610999999999996
2018.9432,-0.08199800000000002,-0.04781799999999997,0.0003789999999999974
2018.9459,-0.08148400000000006,-0.04692200000000002,0.005824000000000003
2018.9487,-0.08007600000000004,-0.048061999999999994,0.00047799999999999926
2018.9514,-0.08188600000000001,-0.049207999999999974,0.012270999999999997
2018.9541,-0.07924800000000004,-0.04620200000000002,0.008384999999999997
2018.9569,-0.07857100000000006,-0.050564,0.006642999999999996
2018.9596,-0.07949700000000004,-0.049898,0.0009839999999999988
2018.9624,-0.07852600000000004,-0.05017100000000002,0.005098999999999999
2018.9651,-0.08061400000000002,-0.04711500000000002,-0.006113
2018.9678,-0.08068600000000004,-0.049482000000000026,0.013610999999999998
2018.9706,-0.07958200000000004,-0.045138999999999985,0.0031119999999999967
2018.9733,-0.07991300000000001,-0.04583300000000001,-0.006183000000000001
2018.976,-0.08005000000000001,-0.04944599999999999,-0.0005799999999999972
2018.9788,-0.08142000000000005,-0.04475899999999999,-0.0011559999999999973
2018.9815,-0.08136300000000002,-0.043306999999999984,-0.004640999999999999
2018.9843,-0.08068200000000003,-0.04519400000000001,0.002602
2018.987,-0.07855100000000004,-0.043819,0.002374000000000001
2018.9897,-0.07990500000000006,-0.04489900000000002,0.002258999999999997
2018.9925,-0.08146400000000004,-0.04772900000000002,-0.0011540000000000022
2018.9952,-0.08122900000000005,-0.043847000000000025,0.003587
2018.9979,-0.08031700000000003,-0.04475699999999999,-0.0021689999999999973
2019.0007,-0.08041400000000004,-0.04620200000000002,-0.003965999999999997
2019.0034,-0.07773500000000005,-0.046931999999999974,-0.0010970000000000008
2019.0062,-0.07843400000000006,-0.05058299999999999,-0.000683000000000003
2019.0089,-0.08110500000000004,-0.04863299999999998,-0.0025080000000000033
2019.0116,-0.08043900000000004,-0.04619200000000001,0.005191000000000001
2019.0144,-0.07938600000000001,-0.04811300000000002,-0.00046199999999999714
2019.0171,-0.08091800000000005,-0.04532900000000001,0.0036559999999999995
2019.0198,-0.07897500000000002,-0.04463,-0.004623000000000002
2019.0226,-0.07755500000000004,-0.04731999999999997,-0.0004899999999999974
2019.0253,-0.08100500000000005,-0.049647,-0.0019590000000000024
2019.0281,-0.08087700000000003,-0.04611599999999999,-0.0034039999999999973
2019.0308,-0.08014000000000004,-0.045294,-0.005916999999999999
2019.0335,-0.07722900000000005,-0.04323199999999999,-0.006588000000000004
2019.0363,-0.07852800000000004,-0.043733999999999995,-0.005829000000000001
2019.039,-0.07966500000000004,-0.04441800000000001,-6.400000000000156e-05
2019.0418,-0.08088900000000004,-0.04758699999999999,-0.004617999999999997
2019.0445,-0.07865700000000003,-0.050617999999999996,-0.0035659999999999997
2019.0472,-0.08004000000000006,-0.04660900000000001,-0.006727000000000004
2019.05,-0.08173600000000003,-0.04964000000000002,0.0037499999999999964
2019.0527,-0.07853200000000005,-0.046096000000000026,-0.006733000000000003
2019.0554,-0.08010400000000001,-0.045401000000000025,-0.003806000000000004
2019.0582,-0.07904500000000003,-0.04512699999999997,-0.008418000000000002
2019.0609,-0.08143200000000006,-0.04815900000000001,-0.0028699999999999976
2019.0637,-0.07976800000000006,-0.045592999999999995,-0.010093999999999999
2019.0664,-0.08014500000000002,-0.046424999999999994,-0.009373
2019.0691,-0.08031400000000005,-0.04711199999999999,-0.015040999999999999
2019.0719,-0.07959100000000002,-0.04572599999999999,-0.004538
2019.0746,-0.07821900000000004,-0.041829000000000005,-0.015919
2019.0773,-0.07830000000000004,-0.04417199999999999,-0.006982000000000002
2019.0801,-0.07893300000000003,-0.04586600000000002,-0.002715000000000002
2019.0828,-0.07917800000000003,-0.04400599999999999,0.0011699999999999974
2019.0856,-0.07825200000000004,-0.04861199999999999,0.00020900000000000085
2019.0883,-0.07752700000000001,-0.04504399999999997,-0.0003789999999999974
2019.091,-0.08132300000000003,-0.044594999999999996,0.0013270000000000018
2019.0938,-0.08186000000000004,-0.04581299999999999,-0.006501
2019.0965,-0.08210900000000004,-0.045462,0.00036399999999999627
2019.0992,-0.08017100000000005,-0.04472100000000001,-0.004898
2019.102,-0.07910000000000006,-0.044628999999999974,-0.006862
2019.1047,-0.08135300000000001,-0.043760999999999994,-0.010327
2019.1075,-0.08031300000000002,-0.04519400000000001,-0.009485
2019.1102,-0.08116300000000004,-0.044323,-0.002599999999999998
2019.1129,-0.07846100000000006,-0.046126999999999974,0.0066869999999999985
2019.1157,-0.08100400000000002,-0.04584300000000002,0.0018270000000000022
2019.1184,-0.08308900000000002,-0.04486200000000001,0.00014000000000000123
2019.1211,-0.08277000000000001,-0.04641600000000001,0.00032000000000000084
2019.1239,-0.08186700000000002,-0.04943500000000001,0.0012230000000000019
2019.1266,-0.08201800000000004,-0.045009999999999994,-0.0038940000000000016
2019.1294,-0.08062400000000003,-0.04383500000000001,-0.009047
2019.1321,-0.08023400000000003,-0.04588599999999998,-0.010023
2019.1348,-0.07949400000000001,-0.045845000000000025,-0.009570000000000002
2019.1376,-0.08182000000000006,-0.04608699999999999,-0.006988000000000001
2019.1403,-0.07907800000000004,-0.044016,-0.008374
2019.1431,-0.07982800000000001,-0.045258999999999994,-0.0027770000000000017
2019.1458,-0.07895200000000002,-0.045123000000000024,-0.0022030000000000036
2019.1485,-0.07938400000000001,-0.04470999999999997,-0.009337999999999999
2019.1513,-0.08002200000000004,-0.044991999999999976,-0.012126000000000001
2019.154,-0.07974100000000006,-0.04370000000000002,-0.010641000000000001
2019.1567,-0.08044800000000002,-0.04524600000000001,-0.010762
2019.1595,-0.08174800000000004,-0.04624800000000001,-0.011279
2019.1622,-0.08165000000000006,-0.04460599999999998,-0.010850000000000002
2019.165,-0.08020000000000005,-0.043820000000000026,-0.016442000000000002
2019.1677,-0.08121900000000004,-0.04256599999999999,-0.020574000000000002
2019.1704,-0.08221900000000004,-0.04385800000000001,-0.016386
2019.1732,-0.08147900000000002,-0.043420000000000014,-0.015643
2019.1759,-0.08325100000000002,-0.044346,-0.013400000000000002
2019.1786,-0.08308800000000005,-0.045794999999999975,-0.013635000000000001
2019.1814,-0.08235200000000004,-0.04638199999999998,-0.009205000000000001
2019.1841,-0.08178900000000006,-0.04549399999999998,-0.008451
2019.1869,-0.08214200000000005,-0.04443799999999998,-0.010520999999999999
2019.1896,-0.08244100000000004,-0.04601499999999997,-0.010356
2019.1923,-0.08299000000000001,-0.04531299999999999,-0.009542000000000002
2019.1951,-0.08314900000000003,-0.046624,-0.007865000000000004
2019.1978,-0.08142000000000005,-0.04522100000000001,-0.017699
2019.2005,-0.08135400000000004,-0.04560799999999998,-0.015414
2019.2033,-0.08088800000000002,-0.04494300000000001,-0.021294
2019.206,-0.08038100000000004,-0.045155999999999974,-0.019459
2019.2088,-0.08279800000000004,-0.044125000000000025,-0.010901000000000001
2019.2115,-0.08351300000000006,-0.045513000000000026,-0.016698
2019.2142,-0.08147500000000002,-0.04547800000000002,-0.013266
2019.217,-0.08088700000000004,-0.045428000000000024,-0.014860000000000002
2019.2197,-0.08316900000000005,-0.047401000000000026,-0.014599
2019.2225,-0.08267200000000002,-0.044901000000000024,-0.018443
2019.2252,-0.08436900000000003,-0.04502299999999998,-0.016884
2019.2279,-0.08131500000000003,-0.04607699999999998,-0.014110000000000001
2019.2307,-0.08375000000000005,-0.045223999999999986,-0.017886
2019.2334,-0.08288800000000002,-0.043603999999999976,-0.016725
2019.2361,-0.08290500000000006,-0.045943999999999985,-0.01859
2019.2389,-0.08205000000000001,-0.04423899999999997,-0.012877
2019.2416,-0.08089100000000005,-0.04264800000000002,-0.021408
2019.2444,-0.08229200000000003,-0.04520999999999997,-0.021036
2019.2471,-0.08285100000000001,-0.045082999999999984,-0.012988
2019.2498,-0.08464800000000006,-0.045985,-0.006752000000000001
2019.2526,-0.08426400000000006,-0.046045999999999976,-0.006822000000000002
2019.2553,-0.08365000000000006,-0.04570099999999999,-0.013600000000000001
2019.258,-0.08223700000000006,-0.048860000000000015,-0.011276000000000001
2019.2608,-0.08439700000000006,-0.04655900000000002,-0.006275000000000003
2019.2635,-0.08206500000000005,-0.04571399999999998,-0.006707999999999999
2019.2663,-0.08209800000000006,-0.04637599999999997,-0.01098
2019.269,-0.08216300000000004,-0.045047000000000004,-0.016236
2019.2717,-0.08308700000000002,-0.044707,-0.013281000000000001
2019.2745,-0.08398200000000006,-0.04278199999999999,-0.021995
2019.2772,-0.08285000000000003,-0.046646999999999994,-0.005913000000000002
2019.2799,-0.08466600000000002,-0.045655999999999974,-0.010090000000000002
2019.2827,-0.08496100000000001,-0.045291000000000026,-0.008417000000000001
2019.2854,-0.08131500000000003,-0.04443999999999998,-0.004133999999999999
2019.2882,-0.08240500000000006,-0.04399799999999998,-0.010732000000000002
2019.2909,-0.08275700000000002,-0.04443799999999998,-0.011234000000000001
2019.2936,-0.08270100000000002,-0.04511799999999999,-0.014721000000000001
2019.2964,-0.08352400000000004,-0.043613999999999986,-0.010898999999999999
2019.2991,-0.08415300000000003,-0.04453699999999999,-0.009704
2019.3018,-0.08376200000000006,-0.04498200000000002,-0.010565999999999999
2019.3046,-0.08220600000000006,-0.04489599999999999,-0.016208
2019.3073,-0.08329800000000004,-0.044484000000000024,-0.014941
2019.3101,-0.08301700000000001,-0.04424299999999998,-0.010744
2019.3128,-0.08144400000000002,-0.04378700000000002,-0.012188000000000001
2019.3155,-0.08266900000000005,-0.044018999999999975,-0.012738
2019.3183,-0.08352200000000004,-0.04116799999999998,-0.013564
2019.321,-0.08496100000000001,-0.04427199999999998,-0.013142000000000001
2019.3238,-0.08363600000000004,-0.043906,-0.011061999999999999
2019.3265,-0.08381000000000005,-0.04375200000000001,-0.009065
2019.3292,-0.08382700000000004,-0.042673000000000016,-0.011342000000000001
2019.332,-0.08290400000000003,-0.043733999999999995,-0.007300000000000001
2019.3347,-0.08315300000000003,-0.04359000000000002,-0.010947000000000002
2019.3374,-0.08393600000000001,-0.04509000000000002,-0.007355
2019.3402,-0.08461800000000003,-0.04285699999999998,-0.010156000000000002
2019.3429,-0.08239500000000005,-0.04295100000000002,-0.010395999999999999
2019.3457,-0.08270300000000003,-0.044486000000000026,-0.007658999999999999
2019.3484,-0.08266400000000002,-0.041161999999999976,-0.008187
2019.3511,-0.08280800000000005,-0.043837000000000015,-0.010254
2019.3539,-0.08520700000000003,-0.043489,-0.005408999999999997
2019.3566,-0.08699600000000002,-0.04511900000000002,-0.0032910000000000023
2019.3593,-0.08868300000000001,-0.04431400000000002,-0.00015199999999999936
2019.3621,-0.08830300000000002,-0.04491400000000001,0.000682000000000002
2019.3648,-0.08836500000000003,-0.04463400000000001,0.005132999999999999
2019.3676,-0.08815200000000001,-0.04330600000000001,-0.004369999999999999
2019.3703,-0.08861800000000003,-0.044711,-0.00016300000000000342
2019.373,-0.08716600000000002,-0.045769000000000004,0.008382
2019.3758,-0.08646200000000004,-0.044889999999999985,0.005705000000000002
2019.3785,-0.08957400000000004,-0.042810000000000015,0.007710000000000002
2019.3812,-0.08902700000000002,-0.04320400000000002,0.002145000000000001
2019.384,-0.09016800000000003,-0.04319400000000001,0.003130000000000001
2019.3867,-0.08939200000000003,-0.04298200000000002,-0.004573000000000001
2019.3895,-0.08877700000000005,-0.04287799999999997,-0.006267000000000002
2019.3922,-0.08834100000000006,-0.042667999999999984,-0.000896000000000001
2019.3949,-0.08773300000000006,-0.04268499999999997,-0.004124000000000003
2019.3977,-0.08957000000000004,-0.042906,-0.002243000000000002
2019.4004,-0.08951600000000004,-0.044410000000000005,-0.0022900000000000004
2019.4031,-0.08882700000000004,-0.042210000000000025,-0.0009720000000000006
2019.4059,-0.08972800000000003,-0.04339799999999999,-0.004754000000000001
2019.4086,-0.08912300000000001,-0.043464,-5.9999999999997555e-05
2019.4114,-0.08875900000000003,-0.04109299999999999,-0.002009000000000004
2019.4141,-0.08610700000000004,-0.045155999999999974,0.005056999999999999
2019.4168,-0.08696300000000001,-0.04238799999999998,9.800000000000086e-05
2019.4196,-0.08629500000000001,-0.041391999999999984,-0.0018910000000000038
2019.4223,-0.08736700000000003,-0.04200999999999999,-0.001356000000000003
2019.4251,-0.08915700000000004,-0.04312899999999997,0.003609000000000001
2019.4278,-0.08917600000000003,-0.04352600000000001,0.0017500000000000016
2019.4305,-0.09031200000000006,-0.042937999999999976,0.0031209999999999988
2019.4333,-0.08855000000000002,-0.04346800000000001,-0.0017420000000000005
2019.436,-0.08783200000000002,-0.040781999999999985,-0.008191999999999998
2019.4387,-0.08864900000000003,-0.040489,-0.006178000000000003
2019.4415,-0.08714200000000005,-0.042547,-0.005270999999999998
2019.4442,-0.08799000000000001,-0.042015000000000025,-0.0017850000000000019
2019.447,-0.08841300000000002,-0.043433,0.0028800000000000006
2019.4497,-0.08845900000000001,-0.042474999999999985,-0.003351
2019.4524,-0.08693200000000001,-0.04231800000000002,-0.002152000000000001
2019.4552,-0.08901800000000004,-0.04077599999999998,0.0010980000000000018
2019.4579,-0.08837200000000006,-0.04120099999999999,-0.006316000000000002
2019.4606,-0.08895900000000001,-0.042949000000000015,-0.0033320000000000016
2019.4634,-0.09000500000000006,-0.040920999999999985,0.0003249999999999989
2019.4661,-0.08891100000000002,-0.04087099999999999,-0.0004720000000000002
2019.4689,-0.08947000000000005,-0.04226799999999997,0.003971000000000002
2019.4716,-0.08949600000000002,-0.04000300000000001,-0.0015169999999999975
2019.4743,-0.09018200000000004,-0.04125099999999998,0.0013999999999999985
2019.4771,-0.08935400000000004,-0.04105500000000001,0.0012819999999999984
2019.4798,-0.08794900000000005,-0.04098600000000002,0.009543000000000003
2019.4825,-0.08862600000000004,-0.041681000000000024,-0.002121999999999999
2019.4853,-0.09100600000000003,-0.03984399999999999,-0.0008319999999999994
2019.488,-0.08956900000000001,-0.040269,-0.003915000000000002
2019.4908,-0.08764400000000006,-0.04031000000000001,-0.008112000000000001
2019.4935,-0.08811600000000003,-0.041217000000000004,-0.005993999999999999
2019.4962,-0.08919600000000005,-0.039092000000000016,-0.0011450000000000002
2019.499,-0.09021400000000002,-0.040908,-0.0025610000000000008
2019.5017,-0.08906400000000003,-0.04099799999999998,-0.004354999999999998
2019.5044,-0.08932800000000002,-0.04203800000000002,-0.004595000000000002
2019.5072,-0.08869500000000002,-0.04091600000000001,-0.002688000000000003
2019.5099,-0.09012300000000001,-0.041161,0.00040599999999999664
2019.5127,-0.08918000000000004,-0.041376000000000024,-0.0020850000000000035
2019.5154,-0.08901100000000006,-0.04174800000000001,0.0014990000000000003
2019.5181,-0.08820100000000003,-0.04220299999999999,-0.00026400000000000035
2019.5209,-0.08937000000000006,-0.04369299999999998,-0.001235
2019.5236,-0.08922500000000005,-0.043014,0.0031949999999999965
2019.5264,-0.08808100000000002,-0.04182999999999998,-0.0004930000000000004
2019.5291,-0.09089800000000003,-0.041325,0.0006359999999999977
2019.5318,-0.08861500000000005,-0.041414000000000006,-0.003611000000000003
2019.5346,-0.08886000000000005,-0.042957999999999996,0.005014999999999999
2019.5373,-0.09096200000000004,-0.042071000000000025,0.005747000000000002
2019.54,-0.09040000000000004,-0.04127999999999998,0.004334999999999999
2019.5428,-0.09069200000000005,-0.04031800000000002,0.004748000000000002
2019.5455,-0.09032200000000001,-0.03989199999999998,-0.00017400000000000054
2019.5483,-0.09146900000000002,-0.03920800000000002,0.0032049999999999995
2019.551,-0.08942200000000006,-0.041686999999999974,-0.0007080000000000003
2019.5537,-0.08806600000000003,-0.041349000000000025,0.006735999999999999
2019.5565,-0.08910500000000005,-0.039644999999999986,0.0037840000000000026
2019.5592,-0.08849600000000002,-0.04097400000000001,-0.0019580000000000014
2019.5619,-0.08911900000000006,-0.040366999999999986,-0.0003990000000000035
2019.5647,-0.08999100000000004,-0.04075699999999999,0.006099
2019.5674,-0.09048400000000001,-0.040571000000000024,0.005047000000000003
2019.5702,-0.08917400000000003,-0.04099900000000001,-0.0011979999999999977
2019.5729,-0.08998300000000004,-0.03852,0.0007679999999999979
2019.5756,-0.09029200000000004,-0.039934000000000025,-0.0011140000000000039
2019.5784,-0.08981900000000004,-0.040569999999999995,0.001573999999999999
2019.5811,-0.09099000000000002,-0.04130400000000001,0.0035229999999999984
2019.5838,-0.08967600000000003,-0.04064899999999999,0.008584000000000001
2019.5866,-0.08942800000000001,-0.03969600000000001,0.0009139999999999981
2019.5893,-0.08870000000000006,-0.04147899999999999,-0.005403999999999999
2019.5921,-0.09161900000000006,-0.040711,-9.30000000000028e-05
2019.5948,-0.08721700000000004,-0.04025099999999998,0.0021779999999999994
2019.5975,-0.08787300000000003,-0.041586999999999985,0.006484999999999998
2019.6003,-0.08746300000000001,-0.040530999999999984,0.003048000000000002
2019.603,-0.08711300000000005,-0.04203800000000002,0.0021959999999999966
2019.6057,-0.08726100000000003,-0.04211199999999998,0.0024220000000000005
2019.6085,-0.08964200000000005,-0.043518999999999974,-9.20000000000018e-05
2019.6112,-0.08729100000000001,-0.043171000000000015,-0.0012049999999999977
2019.614,-0.08757900000000002,-0.04309400000000002,0.0036860000000000018
2019.6167,-0.08791500000000002,-0.042766000000000026,-0.0011629999999999974
2019.6194,-0.08492100000000002,-0.04555300000000001,0.0018089999999999981
2019.6222,-0.08682200000000001,-0.044393000000000016,-0.0021899999999999975
2019.6249,-0.08827200000000002,-0.04302,0.007523000000000002
2019.6277,-0.08868500000000001,-0.043742,0.0031040000000000026
2019.6304,-0.08816500000000005,-0.043179999999999996,0.0019710000000000005
2019.6331,-0.08857700000000002,-0.04458699999999999,-0.0016530000000000017
2019.6359,-0.08606800000000003,-0.04600500000000002,0.00017199999999999854
2019.6386,-0.08761200000000002,-0.043866000000000016,0.0001449999999999993
2019.6413,-0.08617200000000003,-0.044408999999999976,0.00022699999999999804
2019.6441,-0.08915100000000004,-0.04272500000000001,-0.0007530000000000037
2019.6468,-0.08833300000000005,-0.04258899999999999,0.0034529999999999977
2019.6496,-0.08684400000000003,-0.04333999999999999,-0.003375000000000003
2019.6523,-0.08922100000000005,-0.04244399999999998,0.0029939999999999967
2019.655,-0.08918300000000001,-0.044804999999999984,0.0030830000000000024
2019.6578,-0.08799300000000004,-0.04415999999999998,0.008744000000000002
2019.6605,-0.08832600000000002,-0.04491499999999998,0.006561999999999998
2019.6632,-0.08914700000000003,-0.046014,-0.0003449999999999981
2019.666,-0.08997800000000006,-0.04425600000000002,0.0019500000000000003
2019.6687,-0.08854100000000004,-0.04364800000000002,0.0010280000000000011
2019.6715,-0.08857800000000005,-0.04427700000000001,0.0003939999999999985
2019.6742,-0.08976000000000006,-0.04624,0.00024500000000000216
2019.6769,-0.08815200000000001,-0.04436800000000002,-0.004513999999999997
2019.6797,-0.08713800000000005,-0.04575600000000002,-0.0010449999999999973
2019.6824,-0.08830400000000005,-0.043061000000000016,-0.004687999999999998
2019.6851,-0.08824600000000005,-0.04432799999999998,0.004687999999999998
2019.6879,-0.08796000000000004,-0.04493199999999997,0.0049949999999999994
2019.6906,-0.08845900000000001,-0.045399999999999996,0.003264999999999997
2019.6934,-0.08656800000000003,-0.045484000000000024,-0.0004060000000000036
2019.6961,-0.08831500000000003,-0.04489700000000002,0.0006659999999999999
2019.6988,-0.08758800000000005,-0.04602400000000001,0.0008190000000000003
2019.7016,-0.08725100000000002,-0.046372000000000024,-0.0005790000000000031
2019.7043,-0.08711500000000005,-0.04699500000000001,0.0044430000000000025
2019.707,-0.08675700000000003,-0.045982999999999996,-0.0010539999999999994
2019.7098,-0.08900100000000005,-0.050414000000000014,0.0069089999999999985
2019.7125,-0.08718000000000004,-0.04691600000000001,-0.0028839999999999977
2019.7153,-0.08754000000000006,-0.04626999999999998,-0.00022600000000000398
2019.718,-0.08730200000000005,-0.04813499999999998,0.005955000000000002
2019.7207,-0.08710200000000001,-0.04722599999999999,0.004021999999999998
2019.7235,-0.08614500000000003,-0.04778399999999999,0.004538
2019.7262,-0.08375500000000002,-0.04614499999999999,0.0004009999999999986
2019.729,-0.08465200000000006,-0.046924999999999994,0.0016110000000000013
2019.7317,-0.08550800000000003,-0.04833700000000002,-0.0035579999999999987
2019.7344,-0.08697300000000002,-0.04806899999999997,0.00435
2019.7372,-0.08608600000000005,-0.048348999999999975,0.006383
2019.7399,-0.08632500000000004,-0.047385999999999984,0.008961999999999998
2019.7426,-0.08440700000000001,-0.04722399999999999,-0.0029520000000000032
2019.7454,-0.08600200000000002,-0.047914999999999985,0.005357000000000001
2019.7481,-0.08466200000000002,-0.048422999999999994,0.0002020000000000008
2019.7509,-0.08652700000000002,-0.048568,-0.00010999999999999899
2019.7536,-0.08375000000000005,-0.04901699999999998,0.007165999999999999
2019.7563,-0.08533700000000005,-0.046817,-0.0017150000000000012
2019.7591,-0.08519700000000002,-0.047767000000000004,-0.0014320000000000027
2019.7618,-0.08454200000000006,-0.048441999999999985,-0.005538000000000001
2019.7645,-0.08673100000000006,-0.050319999999999976,0.0014349999999999988
2019.7673,-0.08718900000000002,-0.04746800000000001,0.009667999999999996
2019.77,-0.08521200000000001,-0.048055000000000014,-0.0036609999999999976
2019.7728,-0.08417200000000002,-0.04758000000000001,0.001905999999999998
2019.7755,-0.08482900000000004,-0.04727399999999998,-0.001918000000000003
2019.7782,-0.08565400000000001,-0.050375999999999976,0.0007080000000000003
2019.781,-0.08666600000000002,-0.04864299999999999,0.0026380000000000015
2019.7837,-0.08602200000000004,-0.04918699999999998,0.002005
2019.7864,-0.08764900000000003,-0.048173999999999995,0.003036999999999998
2019.7892,-0.08673400000000003,-0.05189100000000002,0.0008569999999999967
2019.7919,-0.08742600000000006,-0.05027599999999999,0.002459000000000003
2019.7947,-0.08927900000000005,-0.049221000000000015,0.007783999999999999
2019.7974,-0.08739900000000006,-0.050231000000000026,0.002020000000000001
2019.8001,-0.08648600000000001,-0.05080299999999999,0.0016139999999999974
2019.8029,-0.08700000000000002,-0.04794399999999999,-0.002341000000000003
2019.8056,-0.08717200000000003,-0.04892799999999997,-0.006414999999999997
2019.8084,-0.08661100000000005,-0.05132300000000001,-0.007937
2019.8111,-0.08454700000000004,-0.05197499999999999,-0.002006000000000001
2019.8138,-0.08729700000000001,-0.04985499999999998,-0.005660999999999999
2019.8166,-0.08730200000000005,-0.049167000000000016,-0.016086
2019.8193,-0.08660400000000001,-0.04784699999999997,-0.008827999999999999
2019.822,-0.08663700000000002,-0.051072000000000006,-0.0038650000000000004
2019.8248,-0.08577100000000004,-0.05085400000000001,-0.003584000000000004
2019.8275,-0.08635400000000004,-0.04947099999999999,-0.002932999999999998
2019.8303,-0.08638500000000005,-0.05071999999999999,-0.0032119999999999996
2019.833,-0.08434100000000005,-0.05043599999999998,0.00020499999999999685
2019.8357,-0.08485900000000002,-0.04883100000000001,-0.006040999999999998
2019.8385,-0.08676800000000001,-0.050234999999999974,-0.005634
2019.8412,-0.08661200000000002,-0.050765000000000005,0.0005010000000000014
2019.8439,-0.08533900000000005,-0.05012,0.00027599999999999847
2019.8467,-0.08424200000000004,-0.04989900000000003,-0.005148
2019.8494,-0.08356900000000006,-0.048177000000000025,-0.0032010000000000025
2019.8522,-0.08598600000000006,-0.050642999999999994,-0.0006940000000000002
2019.8549,-0.08672500000000005,-0.05001,-0.0008649999999999977
2019.8576,-0.08584200000000003,-0.05015999999999998,0.0013350000000000029
2019.8604,-0.08539900000000006,-0.048871,-0.005260000000000001
2019.8631,-0.08699800000000002,-0.05001699999999998,0.003479000000000003
2019.8658,-0.08315800000000001,-0.049285999999999996,0.0003049999999999997
2019.8686,-0.08470700000000003,-0.050337999999999994,0.0019720000000000015
2019.8713,-0.08581200000000005,-0.050192000000000014,-0.0035239999999999994
2019.8741,-0.08643500000000004,-0.051424000000000025,-0.0008710000000000037
2019.8768,-0.08613700000000002,-0.048761,-0.003033000000000001
2019.8795,-0.08702000000000004,-0.049856999999999985,0.0019720000000000015
2019.8823,-0.08874100000000001,-0.04895100000000002,0.009041
2019.885,-0.08455500000000005,-0.04789300000000002,0.004477000000000002
2019.8877,-0.08662900000000001,-0.050597,0.012914000000000002
2019.8905,-0.08614400000000005,-0.05116599999999999,0.006836000000000002
2019.8932,-0.08752700000000002,-0.05201899999999998,0.004028999999999998
2019.896,-0.08787000000000006,-0.05004399999999998,0.003166000000000002
2019.8987,-0.08866800000000002,-0.04891000000000001,0.008749
2019.9014,-0.08858100000000002,-0.04763600000000001,0.006325999999999998
2019.9042,-0.08824300000000002,-0.049895999999999996,0.005733999999999996
2019.9069,-0.08625900000000003,-0.048229999999999995,0.008507
2019.9097,-0.08811700000000006,-0.04920000000000002,0.005969999999999996
2019.9124,-0.08752200000000004,-0.05020000000000002,0.004732
2019.9151,-0.08983400000000002,-0.05238100000000001,0.0038989999999999997
2019.9179,-0.08763200000000004,-0.052810000000000024,0.007577
2019.9206,-0.08769200000000005,-0.052317,0.004858000000000001
2019.9233,-0.08900300000000005,-0.050559999999999994,0.005588000000000003
2019.9261,-0.08829700000000001,-0.050941000000000014,-0.00011300000000000199
2019.9288,-0.08864500000000003,-0.051692000000000016,0.0014329999999999968
2019.9316,-0.08867800000000003,-0.05274699999999999,0.001917000000000002
2019.9343,-0.08843300000000004,-0.05156499999999997,0.0028769999999999976
2019.937,-0.08637300000000003,-0.05054500000000001,0.0018900000000000028
2019.9398,-0.08499300000000004,-0.05162,0.0015869999999999981
2019.9425,-0.08422200000000002,-0.052649,-0.0006180000000000005
2019.9452,-0.08523700000000006,-0.05307899999999999,0.004111999999999998
2019.948,-0.08569800000000005,-0.05214799999999997,-0.0008830000000000018
2019.9507,-0.08721800000000002,-0.05135200000000001,-0.0004289999999999988
2019.9535,-0.08753600000000006,-0.051209000000000005,-0.0021089999999999998
2019.9562,-0.08578600000000003,-0.051109000000000016,0.0009940000000000018
2019.9589,-0.08659500000000003,-0.05083399999999999,-0.002137
2019.9617,-0.08709200000000006,-0.052115999999999996,-0.0009180000000000021
2019.9644,-0.08603300000000003,-0.05449799999999999,3.700000000000231e-05
2019.9671,-0.08703900000000003,-0.05407299999999998,0.013860999999999998
2019.9699,-0.08737900000000004,-0.05383399999999999,-0.002800000000000004
2019.9726,-0.08530300000000002,-0.049043,1.6999999999996185e-05
2019.9754,-0.08731300000000003,-0.048275999999999986,0.002688000000000003
2019.9781,-0.08642400000000006,-0.04950399999999999,0.0029529999999999973
2019.9808,-0.08736600000000005,-0.048985,0.0010020000000000029
2019.9836,-0.08709400000000006,-0.050037,0.0019380000000000022
2019.9863,-0.08883700000000005,-0.050147,0.006700999999999999
2019.989,-0.08755600000000002,-0.05003200000000002,0.0045489999999999975
2019.9918,-0.08950200000000003,-0.04898399999999997,-0.0004180000000000017
2019.9945,-0.08857500000000001,-0.05114999999999997,-0.0018210000000000032
2019.9973,-0.09002200000000005,-0.05043399999999998,-0.0037610000000000005
2020.0,-0.09037300000000004,-0.053317999999999977,0.007572999999999996
2020.0027,-0.08720300000000003,-0.05087799999999998,0.0005789999999999962
2020.0055,-0.08669200000000005,-0.052815999999999974,-0.0019530000000000033
2020.0082,-0.08828200000000003,-0.05200899999999997,-0.0027379999999999974
2020.011,-0.08731700000000003,-0.05279299999999998,-0.006994
2020.0137,-0.08772100000000005,-0.05103000000000002,-0.006831999999999998
2020.0164,-0.08920300000000003,-0.053451000000000026,-0.012247000000000001
2020.0192,-0.08785700000000002,-0.04909599999999997,-0.000793000000000002
2020.0219,-0.08756200000000003,-0.05093500000000001,0.0004740000000000022
2020.0246,-0.08548900000000004,-0.05070000000000002,-0.006371000000000002
2020.0274,-0.08846600000000004,-0.049953000000000025,-0.007738000000000002
2020.0301,-0.08763900000000002,-0.050607999999999986,-0.0012980000000000005
2020.0329,-0.08973800000000004,-0.04930899999999999,-0.006344000000000002
2020.0356,-0.08798600000000001,-0.050012999999999974,-0.014009
2020.0383,-0.08747400000000005,-0.052653000000000005,-0.002446999999999998
2020.0411,-0.08727800000000002,-0.05175200000000002,0.002042000000000002
2020.0438,-0.08755500000000005,-0.04983700000000002,-0.004062000000000003
2020.0465,-0.08718300000000001,-0.050870000000000026,-0.005856
2020.0493,-0.08741200000000005,-0.04863400000000001,-0.011577
2020.052,-0.08738700000000005,-0.048887000000000014,-0.004132000000000004
2020.0548,-0.08660600000000002,-0.05307499999999998,-0.0016270000000000034
2020.0575,-0.08618600000000004,-0.04892200000000002,-0.007991999999999999
2020.0602,-0.08530000000000004,-0.05124699999999999,-0.005873999999999997
2020.063,-0.08785300000000001,-0.05160799999999999,-0.0028690000000000035
2020.0657,-0.08735800000000005,-0.04896699999999998,-0.007412000000000002
2020.0684,-0.08868100000000001,-0.05293599999999998,-0.0006250000000000006
2020.0712,-0.08794800000000003,-0.050092000000000025,1.2999999999999123e-05
2020.0739,-0.08745300000000006,-0.04953400000000002,-0.005754000000000002
2020.0767,-0.08600300000000005,-0.04924099999999998,-0.004343
2020.0794,-0.08545800000000003,-0.049926000000000026,-0.005541999999999998
2020.0821,-0.08472200000000002,-0.052091,-0.004383999999999999
2020.0849,-0.08591000000000004,-0.05426900000000001,0.0014959999999999973
2020.0876,-0.08871500000000004,-0.04960999999999999,-0.005544
2020.0903,-0.08689800000000003,-0.04925499999999999,-0.010806
2020.0931,-0.08703300000000003,-0.048377,-0.009271000000000001
2020.0958,-0.08808300000000002,-0.04861300000000002,-0.016743
2020.0986,-0.08669300000000002,-0.048294000000000004,-0.009197
2020.1013,-0.08710800000000002,-0.046389000000000014,-0.005859000000000003
2020.104,-0.08862200000000003,-0.046821999999999975,-0.007329000000000002
2020.1068,-0.08731500000000003,-0.04788100000000001,-0.009164000000000002
2020.1095,-0.08273400000000003,-0.049792,-0.009488
2020.1123,-0.08686900000000003,-0.04841400000000001,-0.008253999999999997
2020.115,-0.08859800000000001,-0.04835299999999998,-0.0063549999999999995
2020.1177,-0.08738300000000004,-0.05138599999999999,-0.008379000000000001
2020.1205,-0.08744900000000005,-0.049478999999999995,-0.0042200000000000015
2020.1232,-0.08896900000000002,-0.04935800000000001,-0.004503
2020.1259,-0.08752100000000002,-0.04864099999999999,-0.006405000000000001
2020.1287,-0.08933800000000003,-0.048491000000000006,-0.007899999999999997
2020.1314,-0.08739400000000003,-0.047914999999999985,-0.012671000000000002
2020.1342,-0.08738100000000004,-0.047821999999999976,-0.011077
2020.1369,-0.08934200000000003,-0.04826799999999998,-0.011874
2020.1396,-0.09011900000000006,-0.047875,-0.004111999999999998
2020.1424,-0.08925800000000006,-0.049593,-0.005617000000000004
2020.1451,-0.08892800000000006,-0.048694000000000015,-0.0036469999999999975
2020.1478,-0.08911900000000006,-0.047796000000000005,-0.013157000000000002
2020.1506,-0.08823200000000003,-0.046456,-0.015675
2020.1533,-0.08988500000000005,-0.049026000000000014,-0.012130000000000002
2020.1561,-0.08872700000000006,-0.05021700000000001,-0.010757
2020.1588,-0.08909300000000003,-0.04903099999999999,-0.011675999999999999
2020.1615,-0.09051300000000001,-0.048176,-0.005621000000000001
2020.1643,-0.08939100000000005,-0.04810900000000001,-0.008683
2020.167,-0.09225200000000006,-0.04907800000000001,-0.010404
2020.1697,-0.08962400000000004,-0.04839500000000002,-0.01586
2020.1725,-0.08910300000000004,-0.04897499999999999,-0.009282000000000002
2020.1752,-0.08905300000000005,-0.04880699999999999,-0.009094999999999999
2020.178,-0.08886400000000005,-0.048736,-0.004825000000000003
2020.1807,-0.09050600000000003,-0.04833399999999999,-0.003977000000000001
2020.1834,-0.09083300000000005,-0.048441999999999985,-0.008538
2020.1862,-0.08979000000000004,-0.048514,-0.010752000000000001
2020.1889,-0.08951700000000001,-0.04962299999999997,-0.0074719999999999995
2020.1916,-0.09126100000000004,-0.04946400000000001,-0.008329
2020.1944,-0.08910300000000004,-0.048935000000000006,-0.013049999999999999
2020.1971,-0.09133800000000003,-0.047740000000000005,-0.012552
2020.1999,-0.08944700000000005,-0.047536999999999996,-0.014379
2020.2026,-0.09132400000000002,-0.049265,-0.004813999999999999
2020.2053,-0.08904300000000004,-0.04589500000000002,-0.005643000000000002
2020.2081,-0.08974400000000005,-0.048482000000000025,-0.0038540000000000033
2020.2108,-0.09076900000000004,-0.050804000000000016,-0.0010770000000000016
2020.2136,-0.09037900000000004,-0.04826799999999998,-0.008321000000000002
2020.2163,-0.09124000000000004,-0.04891800000000002,-0.013463
2020.219,-0.09108500000000003,-0.049736999999999976,-0.006415999999999998
2020.2218,-0.09112100000000001,-0.049260000000000026,-0.010176000000000001
2020.2245,-0.09070600000000001,-0.048980000000000024,-0.006266000000000001
2020.2272,-0.08998500000000004,-0.04911399999999999,-0.009240000000000002
2020.23,-0.09217800000000004,-0.04861900000000002,-0.006383
2020.2327,-0.09284300000000001,-0.04886499999999999,-0.008822
2020.2355,-0.09183200000000002,-0.049350000000000005,-0.0046710000000000015
2020.2382,-0.09113600000000005,-0.04910700000000001,-0.006706999999999998
2020.2409,-0.09107700000000002,-0.04976900000000001,-0.008258000000000001
2020.2437,-0.09087300000000004,-0.05099199999999998,-0.011167
2020.2464,-0.09104100000000004,-0.047621000000000024,-0.009632000000000002
2020.2491,-0.09018700000000002,-0.04655500000000001,-0.009638
2020.2519,-0.09091300000000002,-0.04757899999999998,-0.006360999999999999
2020.2546,-0.09112100000000001,-0.045269000000000004,-0.008813999999999999
2020.2574,-0.09157900000000002,-0.04637000000000002,-0.008688999999999999
2020.2601,-0.09178900000000001,-0.04741400000000001,-0.0023130000000000026
2020.2628,-0.09102000000000005,-0.04744300000000001,-0.0011820000000000025
2020.2656,-0.09134800000000004,-0.046435000000000004,-0.008174
2020.2683,-0.09165100000000004,-0.045918000000000014,-0.007816999999999998
2020.271,-0.09091000000000005,-0.04735400000000001,-0.009915
2020.2738,-0.09163200000000005,-0.048460999999999976,-0.009531999999999999
2020.2765,-0.09298100000000004,-0.04802200000000001,-0.006955000000000003
2020.2793,-0.09177400000000002,-0.04720099999999999,-0.007332999999999999
2020.282,-0.09181600000000001,-0.04812499999999997,-0.007406000000000003
2020.2847,-0.09182300000000004,-0.04583900000000002,-0.005686999999999998
2020.2875,-0.09133100000000005,-0.04729800000000001,-0.009047
2020.2902,-0.09182000000000001,-0.046530000000000016,-0.009865000000000002
2020.293,-0.09332500000000005,-0.047648000000000024,-0.0036880000000000038
2020.2957,-0.09354400000000002,-0.04914400000000002,0.0010850000000000026
2020.2984,-0.09384600000000004,-0.04764299999999999,0.0022010000000000016
2020.3012,-0.09163400000000005,-0.048902999999999974,-0.0044430000000000025
2020.3039,-0.09103600000000006,-0.04625299999999999,-0.0017010000000000011
2020.3066,-0.09186000000000005,-0.04588500000000001,-0.0029980000000000007
2020.3094,-0.09197400000000006,-0.046184999999999976,-0.0014810000000000031
2020.3121,-0.09295600000000004,-0.04580099999999998,-0.004194999999999997
2020.3149,-0.09151400000000004,-0.04797000000000001,-0.0027469999999999994
2020.3176,-0.09319400000000005,-0.04864000000000002,-0.00324
2020.3203,-0.09224900000000003,-0.048705,-0.005052000000000001
2020.3231,-0.09363900000000003,-0.047316000000000025,-0.00793
2020.3258,-0.09282500000000005,-0.046267999999999976,-0.004374000000000003
2020.3285,-0.09247900000000003,-0.04772799999999999,-0.004236000000000004
2020.3313,-0.09229100000000001,-0.04686000000000001,-0.006204000000000001
2020.334,-0.09311400000000003,-0.048140000000000016,0.0001789999999999986
2020.3368,-0.09363300000000002,-0.046314999999999995,-0.0025060000000000013
2020.3395,-0.09254100000000004,-0.045397999999999994,-0.007156000000000003
2020.3422,-0.09113100000000002,-0.04616799999999999,-0.006858999999999997
2020.345,-0.09031400000000006,-0.04605900000000002,-0.008389
2020.3477,-0.09257300000000002,-0.04423300000000002,-0.012855000000000002
2020.3504,-0.09280700000000003,-0.043458,-0.0070199999999999985
2020.3532,-0.09294200000000002,-0.044370999999999994,-0.006519000000000004
2020.3559,-0.09294000000000002,-0.043750999999999984,-0.003172000000000001
2020.3587,-0.09502800000000006,-0.04580099999999998,0.0013109999999999997
2020.3614,-0.09386300000000003,-0.04835400000000001,-0.002453000000000004
2020.3641,-0.09557700000000002,-0.046752000000000016,-9.30000000000028e-05
2020.3669,-0.09437300000000004,-0.046808000000000016,-0.001117
2020.3696,-0.09445700000000001,-0.04559200000000002,-0.01072
2020.3723,-0.09322600000000003,-0.046484000000000025,-0.002567
2020.3751,-0.09288500000000005,-0.044962999999999975,-0.0015920000000000031
2020.3778,-0.09456700000000001,-0.045899999999999996,-0.0024180000000000035
2020.3806,-0.09402800000000006,-0.044904,-0.00553
2020.3833,-0.09347300000000003,-0.04514499999999999,-0.0030050000000000007
2020.386,-0.09429100000000001,-0.046443999999999985,-0.008942000000000002
2020.3888,-0.09309000000000006,-0.04541200000000001,-0.0018810000000000007
2020.3915,-0.09261300000000006,-0.045296999999999976,-0.005747000000000002
2020.3943,-0.09353400000000006,-0.04488700000000001,-0.006104999999999999
2020.397,-0.09383500000000006,-0.04457,-0.005415999999999997
2020.3997,-0.09332900000000005,-0.04402600000000001,-0.003158000000000001
2020.4025,-0.09388600000000002,-0.04438199999999998,-0.005853999999999998
2020.4052,-0.09246500000000002,-0.04491299999999998,0.002813999999999997
2020.4079,-0.09312900000000002,-0.04509400000000002,-0.00884
2020.4107,-0.09450300000000006,-0.04751899999999998,-0.0002689999999999984
2020.4134,-0.09356100000000006,-0.043876000000000026,-0.007302000000000003
2020.4162,-0.09342000000000006,-0.04578599999999999,-0.0019940000000000027
2020.4189,-0.09301000000000004,-0.044796,-0.007128000000000002
2020.4216,-0.09319000000000005,-0.045198000000000016,-0.004463000000000002
2020.4244,-0.09378900000000001,-0.04270099999999999,-0.002357999999999999
2020.4271,-0.09279500000000002,-0.04435899999999998,-0.004166000000000003
2020.4298,-0.09375700000000003,-0.042773000000000005,0.0006439999999999987
2020.4326,-0.09506400000000004,-0.04349700000000001,0.0023099999999999996
2020.4353,-0.09376300000000004,-0.043715000000000004,-0.004271000000000004
2020.4381,-0.09212500000000001,-0.04472799999999999,-0.006048999999999999
2020.4408,-0.09343000000000001,-0.04418,-0.0007689999999999989
2020.4435,-0.09243900000000005,-0.044148999999999994,-0.011078000000000001
2020.4463,-0.09215300000000004,-0.04303400000000002,-0.006137999999999998
2020.449,-0.09340200000000004,-0.04595899999999997,-9.800000000000086e-05
2020.4517,-0.09299600000000002,-0.043742999999999976,-0.0003990000000000035
2020.4545,-0.09180000000000005,-0.044930000000000025,-0.001912000000000004
2020.4572,-0.09373800000000004,-0.04379899999999998,-0.0009250000000000022
2020.46,-0.09353400000000006,-0.04367399999999999,-0.007643000000000004
2020.4627,-0.09421000000000002,-0.043787999999999994,-0.005928000000000003
2020.4654,-0.09455400000000003,-0.04552200000000001,-0.004179000000000002
2020.4682,-0.09430200000000005,-0.042717000000000005,-0.0028419999999999973
2020.4709,-0.09146700000000002,-0.046113000000000015,-0.004649
2020.4736,-0.09319900000000003,-0.04344100000000001,-0.008104
2020.4764,-0.09294000000000002,-0.04364899999999999,-0.006448000000000002
2020.4791,-0.09497700000000003,-0.04367599999999999,-0.002602
2020.4819,-0.09242000000000006,-0.044682,-0.0031120000000000037
2020.4846,-0.09455100000000005,-0.041711,-0.007066000000000003
2020.4873,-0.09441500000000003,-0.04247299999999998,-0.0035690000000000027
2020.4901,-0.09451500000000002,-0.04231400000000002,0.0006540000000000018
2020.4928,-0.09273500000000001,-0.042839000000000016,-0.0063590000000000035
2020.4956,-0.09461700000000006,-0.04212199999999999,-0.0023099999999999996
2020.4983,-0.09417200000000003,-0.04269600000000001,-0.0033460000000000018
2020.501,-0.09376200000000001,-0.04356300000000002,-0.00037500000000000033
2020.5038,-0.09367800000000004,-0.04327900000000001,-0.004805999999999998
2020.5065,-0.09422500000000006,-0.04514499999999999,-0.00046299999999999814
2020.5092,-0.09293200000000001,-0.04385899999999998,-0.004837000000000001
2020.512,-0.09517600000000004,-0.04309400000000002,-0.003462
2020.5147,-0.09326800000000002,-0.04449500000000001,-0.005992999999999998
2020.5175,-0.09310500000000005,-0.04392099999999999,-0.004151000000000002
2020.5202,-0.09402200000000005,-0.044916999999999985,-0.00010600000000000193
2020.5229,-0.09323700000000001,-0.04649300000000001,-0.0035680000000000017
2020.5257,-0.09410800000000002,-0.044198000000000015,-0.0037809999999999996
2020.5284,-0.09427200000000002,-0.04229100000000002,-0.006491999999999998
2020.5311,-0.09299400000000002,-0.042908999999999975,-0.0009120000000000031
2020.5339,-0.09307800000000005,-0.04235099999999997,-0.004132000000000004
2020.5366,-0.09393300000000004,-0.04404399999999997,-0.0011600000000000013
2020.5394,-0.09301000000000004,-0.044020000000000004,-0.006097999999999999
2020.5421,-0.09206500000000001,-0.043159999999999976,-0.0035490000000000035
2020.5448,-0.09448800000000002,-0.04292299999999999,-0.005516
2020.5476,-0.09311700000000006,-0.04446699999999998,-0.010159000000000001
2020.5503,-0.09500000000000003,-0.043727000000000016,-0.001230000000000002
2020.553,-0.09179900000000002,-0.04358699999999999,-4.300000000000137e-05
2020.5558,-0.09239100000000006,-0.04343999999999998,0.0009569999999999995
2020.5585,-0.09384500000000001,-0.04286899999999999,-0.001127999999999997
2020.5613,-0.09396900000000002,-0.044254000000000016,-0.001127000000000003
2020.564,-0.09278900000000001,-0.044111999999999985,-0.0027560000000000015
2020.5667,-0.09289400000000003,-0.04242600000000002,-0.004131000000000003
2020.5695,-0.09353300000000003,-0.04278100000000001,-0.004039000000000001
2020.5722,-0.09215900000000005,-0.043957000000000024,0.0037890000000000007
2020.5749,-0.09129400000000004,-0.04489599999999999,-0.0017399999999999985
2020.5777,-0.09252700000000003,-0.04463,0.0008639999999999967
2020.5804,-0.09167300000000006,-0.045698000000000016,-0.006759000000000001
2020.5832,-0.09190500000000001,-0.047433,-0.003355000000000004
2020.5859,-0.09263000000000005,-0.04561900000000002,-0.009622000000000002
2020.5886,-0.09217800000000004,-0.04389599999999999,-0.004053000000000001
2020.5914,-0.09082900000000005,-0.045619999999999994,-0.0012650000000000022
2020.5941,-0.09217700000000001,-0.04576999999999998,-0.0013070000000000026
2020.5969,-0.09348200000000001,-0.045101,0.001569000000000001
2020.5996,-0.09213000000000005,-0.04501100000000002,-0.003814999999999999
2020.6023,-0.09174100000000002,-0.045157999999999976,-0.001577000000000002
2020.6051,-0.09094000000000002,-0.047345000000000026,-0.001452000000000002
2020.6078,-0.08995300000000006,-0.04503299999999999,-0.0009380000000000013
2020.6105,-0.09014900000000003,-0.04436499999999999,-0.009347000000000001
2020.6133,-0.09192100000000003,-0.04565999999999998,-0.004130000000000002
2020.616,-0.09265800000000002,-0.04592400000000002,-0.009218
2020.6188,-0.09191700000000003,-0.045985,-0.006158000000000004
2020.6215,-0.09155400000000002,-0.04575699999999999,-0.006212000000000002
2020.6242,-0.09219900000000003,-0.04655199999999998,0.003015999999999998
2020.627,-0.08994600000000003,-0.044698000000000015,-0.0005570000000000019
2020.6297,-0.09178200000000003,-0.04608800000000002,-0.00875
2020.6324,-0.09108100000000002,-0.04757699999999998,-0.003025
2020.6352,-0.09393400000000002,-0.045379999999999976,-0.00046800000000000314
2020.6379,-0.09215700000000004,-0.044987,-0.009726000000000002
2020.6407,-0.09015500000000004,-0.043959000000000026,-0.003030999999999999
2020.6434,-0.09342000000000006,-0.04522999999999999,-0.006269000000000004
2020.6461,-0.09172100000000005,-0.045985,-0.0030880000000000005
2020.6489,-0.09119800000000006,-0.046957000000000026,-0.0017630000000000007
2020.6516,-0.09109200000000006,-0.04739500000000002,-0.0029469999999999982
2020.6543,-0.08954600000000001,-0.04663600000000001,-0.0034500000000000017
2020.6571,-0.08983700000000006,-0.046613000000000016,-0.002576000000000002
2020.6598,-0.09284500000000001,-0.04512100000000002,-0.007280000000000002
2020.6626,-0.08830600000000005,-0.04739500000000002,-0.002127000000000004
2020.6653,-0.09197600000000006,-0.04820600000000003,0.004410999999999998
2020.668,-0.09141900000000003,-0.04493199999999997,-0.0033149999999999985
2020.6708,-0.09001100000000001,-0.04913000000000001,-0.00026600000000000235
2020.6735,-0.09062300000000001,-0.047677000000000025,-0.002161000000000003
2020.6762,-0.09152400000000005,-0.048541999999999974,0.0023849999999999982
2020.679,-0.08931900000000004,-0.048167000000000015,0.0007409999999999986
2020.6817,-0.09097700000000003,-0.048404,-0.002446999999999998
2020.6845,-0.09353300000000003,-0.04808000000000001,-0.0028400000000000022
2020.6872,-0.09510700000000005,-0.045526999999999984,-0.0013210000000000027
2020.6899,-0.09059600000000001,-0.04730899999999999,0.004965999999999998
2020.6927,-0.09069200000000005,-0.048929,0.001788999999999999
2020.6954,-0.09136500000000003,-0.047211,-0.0005339999999999998
2020.6982,-0.09242300000000003,-0.04789300000000002,-0.0026740000000000028
2020.7009,-0.09165300000000004,-0.04817199999999999,-0.002709999999999997
2020.7036,-0.09080500000000002,-0.048250000000000015,0.004839999999999997
2020.7064,-0.08973900000000001,-0.05016599999999999,0.007739999999999997
2020.7091,-0.08818400000000004,-0.04746899999999998,-0.0028859999999999997
2020.7118,-0.09101500000000001,-0.048321999999999976,0.005456999999999997
2020.7146,-0.09299600000000002,-0.049178,0.0045569999999999986
2020.7173,-0.09241800000000006,-0.050499000000000016,7.599999999999968e-05
2020.7201,-0.09154700000000005,-0.04949700000000001,-0.005833999999999999
2020.7228,-0.09250500000000006,-0.04772700000000002,-0.002912999999999999
2020.7255,-0.09178600000000003,-0.049277000000000015,-0.0015000000000000013
2020.7283,-0.08961300000000005,-0.051715999999999984,-0.0004050000000000026
2020.731,-0.09287500000000004,-0.051005999999999996,-0.00179
2020.7337,-0.09123200000000004,-0.051217999999999986,0.0022230000000000028
2020.7365,-0.09283800000000003,-0.04995100000000002,-0.0013680000000000012
2020.7392,-0.09170100000000003,-0.04792999999999997,-0.0007489999999999997
2020.742,-0.09172400000000003,-0.04640899999999998,-9.20000000000018e-05
2020.7447,-0.09029600000000004,-0.049422999999999995,0.0026539999999999966
2020.7474,-0.08984200000000003,-0.04888799999999999,-0.0063590000000000035
2020.7502,-0.09029800000000004,-0.049429,-0.0027519999999999975
2020.7529,-0.09081600000000001,-0.047377999999999976,-0.003813999999999998
2020.7556,-0.08948400000000001,-0.04994799999999999,0.0007430000000000006
2020.7584,-0.09268800000000005,-0.05024200000000001,-0.00034
2020.7611,-0.09152500000000002,-0.05041000000000001,-0.0010900000000000007
2020.7639,-0.09084100000000006,-0.05181999999999998,-0.007211000000000002
2020.7666,-0.09197000000000005,-0.04994599999999999,0.0015150000000000025
2020.7693,-0.09314100000000003,-0.051180999999999977,0.0038740000000000024
2020.7721,-0.09175000000000005,-0.05069299999999999,8.199999999999874e-05
2020.7748,-0.09370200000000001,-0.05110199999999998,0.0068029999999999965
2020.7775,-0.09172200000000003,-0.05124699999999999,0.0006149999999999975
2020.7803,-0.09192600000000001,-0.05019000000000001,0.0044379999999999975
2020.783,-0.09214000000000006,-0.051238000000000006,-0.0003490000000000021
2020.7858,-0.09372300000000006,-0.050846,-0.001806000000000002
2020.7885,-0.09088000000000002,-0.049653,-0.009056999999999999
2020.7912,-0.09173400000000004,-0.05215700000000001,-0.001693
2020.794,-0.09260200000000002,-0.049566,-0.004811000000000003
2020.7967,-0.08980300000000002,-0.048982000000000026,-0.000674000000000001
2020.7995,-0.09197500000000003,-0.05085299999999998,0.001243000000000001
2020.8022,-0.09120900000000004,-0.04997800000000002,0.0016450000000000006
2020.8049,-0.09087600000000001,-0.051256000000000024,-0.0005319999999999978
2020.8077,-0.09091000000000005,-0.050184000000000006,-0.005721000000000004
2020.8104,-0.09068100000000001,-0.05151,-0.007126
2020.8131,-0.09165500000000004,-0.051016000000000006,-0.0024129999999999985
2020.8159,-0.09099900000000005,-0.049512999999999974,0.0010229999999999961
2020.8186,-0.08994500000000005,-0.05178100000000002,-0.004874000000000003
2020.8214,-0.09128400000000003,-0.05323499999999998,0.0015910000000000021
2020.8241,-0.09319800000000006,-0.053588000000000025,-0.007877000000000002
2020.8268,-0.09076100000000004,-0.05212699999999998,-0.006322000000000001
2020.8296,-0.09027600000000002,-0.051427,0.0005199999999999996
2020.8323,-0.08893900000000005,-0.05175400000000002,0.0012679999999999983
2020.835,-0.08953700000000003,-0.05058699999999999,-0.004336
2020.8378,-0.09299600000000002,-0.05259900000000001,-0.001462999999999999
2020.8405,-0.09110600000000002,-0.052537,-0.0006210000000000035
2020.8433,-0.08998900000000004,-0.056174999999999975,0.003979999999999997
2020.846,-0.09215500000000004,-0.05308600000000002,-0.0008589999999999987
2020.8487,-0.09076400000000001,-0.05163899999999999,0.0017189999999999983
2020.8515,-0.09124300000000002,-0.05185400000000001,0.0011719999999999994
2020.8542,-0.09151400000000004,-0.049541999999999975,-0.001579999999999998
2020.8569,-0.09081800000000001,-0.05326500000000001,0.0072419999999999984
2020.8597,-0.09071500000000005,-0.052952,0.0011050000000000018
2020.8624,-0.08953200000000006,-0.05508099999999999,0.007644999999999999
2020.8652,-0.09144200000000002,-0.05458099999999999,0.003707999999999996
2020.8679,-0.09217100000000006,-0.05568200000000001,0.010820999999999997
2020.8706,-0.09191200000000005,-0.050673000000000024,0.002256000000000001
2020.8734,-0.09475500000000003,-0.05415500000000001,0.012185000000000001
2020.8761,-0.08977700000000005,-0.054257,0.008258000000000001
2020.8789,-0.08957800000000005,-0.05525200000000002,0.009161000000000002
2020.8816,-0.09291400000000005,-0.05529600000000001,0.007675000000000001
2020.8843,-0.08951900000000002,-0.05255199999999999,0.0013789999999999983
2020.8871,-0.08870100000000003,-0.052244999999999986,-0.002140999999999997
2020.8898,-0.08859500000000003,-0.05249199999999998,-0.0036520000000000025
2020.8925,-0.08955100000000005,-0.05218699999999998,-0.0060180000000000025
2020.8953,-0.08917100000000006,-0.05240800000000001,0.007987000000000001
2020.898,-0.09017900000000001,-0.052811,-0.0006600000000000009
2020.9008,-0.08876700000000004,-0.05309799999999998,0.009424000000000002
2020.9035,-0.09098900000000004,-0.050485999999999975,0.0022210000000000008
2020.9062,-0.08816800000000002,-0.05207299999999998,-0.0004019999999999996
2020.909,-0.08913400000000005,-0.052252999999999994,0.0007010000000000002
2020.9117,-0.08818600000000004,-0.051190999999999987,-0.005176
2020.9144,-0.08862200000000003,-0.05187900000000001,-0.000453000000000002
2020.9172,-0.08903300000000003,-0.051304000000000016,-0.0028699999999999976
2020.9199,-0.08836600000000006,-0.04920599999999997,-0.003708000000000003
2020.9227,-0.08913500000000002,-0.05330499999999999,-0.0003239999999999979
2020.9254,-0.08813000000000004,-0.050254999999999994,-0.008211999999999997
2020.9281,-0.09001400000000004,-0.051271999999999984,-0.004871
2020.9309,-0.09070000000000006,-0.05119400000000002,-0.008907000000000002
2020.9336,-0.08783700000000005,-0.05032700000000001,-0.015079000000000002
2020.9363,-0.09108600000000006,-0.051562,-0.001127999999999997
2020.9391,-0.09068800000000005,-0.051530999999999993,-0.004616000000000002
2020.9418,-0.09212400000000004,-0.050317999999999974,-0.0028429999999999983
2020.9446,-0.09042300000000003,-0.050319999999999976,0.001904000000000003
2020.9473,-0.08899200000000002,-0.049190999999999985,-0.005881999999999998
2020.95,-0.08985300000000002,-0.05163099999999998,0.0028730000000000006
2020.9528,-0.09137600000000001,-0.051709000000000005,-0.0068020000000000025
2020.9555,-0.09114600000000006,-0.051883999999999986,0.00017199999999999854
2020.9582,-0.09094400000000002,-0.051109000000000016,-0.005801000000000001
2020.961,-0.09055600000000003,-0.051205999999999974,0.004859999999999996
2020.9637,-0.09081800000000001,-0.052207,0.00016999999999999654
2020.9665,-0.09064600000000006,-0.05373699999999998,0.00019000000000000267
2020.9692,-0.08891900000000003,-0.052012999999999976,-0.0015350000000000016
2020.9719,-0.08885500000000002,-0.05457200000000001,-0.000787000000000003
2020.9747,-0.09225300000000003,-0.05139899999999997,-0.010331
2020.9774,-0.09015600000000001,-0.05227900000000002,-0.007494000000000001
2020.9802,-0.09167100000000006,-0.052979,-0.006661
2020.9829,-0.09060600000000002,-0.053190000000000015,-0.008364
2020.9856,-0.09166100000000005,-0.052981999999999974,0.00015099999999999836
2020.9884,-0.09119600000000005,-0.05215399999999998,-0.0029630000000000004
2020.9911,-0.09156200000000003,-0.051902000000000004,-0.0009370000000000003
2020.9938,-0.09060400000000002,-0.05251499999999998,-0.004061000000000002
2020.9966,-0.09219700000000003,-0.05374699999999999,-0.005860999999999998
2020.9993,-0.09114300000000003,-0.052080000000000015,-0.007167
2021.0021,-0.09006200000000003,-0.05396699999999999,-0.003592999999999999
2021.0048,-0.09121500000000005,-0.053510999999999975,-0.009044
2021.0075,-0.09022200000000002,-0.052080000000000015,-0.0011660000000000004
2021.0103,-0.09175300000000003,-0.052981,-0.007375
2021.013,-0.08905500000000005,-0.05285899999999999,-0.00988
2021.0157,-0.08904500000000004,-0.05285699999999999,-0.008569
2021.0185,-0.08999700000000005,-0.052593,-0.007094999999999997
2021.0212,-0.09073600000000004,-0.051232,-0.009923000000000001
2021.024,-0.09012800000000004,-0.05058400000000002,-0.008767
2021.0294,-0.09001700000000001,-0.054927000000000004,-0.006261000000000003
2021.0322,-0.08996100000000001,-0.054972999999999994,0.0019430000000000003
2021.0349,-0.09225900000000004,-0.05061100000000002,-0.0021650000000000003
2021.0376,-0.08962200000000003,-0.049167000000000016,-0.013375000000000001
2021.0404,-0.08960400000000002,-0.050327999999999984,-0.009795000000000002
2021.0431,-0.08843900000000005,-0.04914099999999999,-0.017175
2021.0459,-0.09090700000000002,-0.051968000000000014,-0.006630000000000004
2021.0486,-0.08765100000000003,-0.050877000000000006,-0.015411000000000001
2021.0513,-0.08936500000000003,-0.04914099999999999,-0.008226999999999998
2021.0541,-0.09014400000000006,-0.050781999999999994,-0.007356000000000001
2021.0568,-0.09196500000000002,-0.05243500000000001,-0.003483
2021.0595,-0.08978500000000006,-0.05008699999999999,-0.006054000000000004
2021.0623,-0.09024200000000004,-0.05232500000000001,-0.004410999999999998
2021.065,-0.09139100000000006,-0.050229000000000024,-0.006745000000000001
2021.0678,-0.09137200000000001,-0.05163699999999999,-0.017289
2021.0705,-0.09008300000000002,-0.05028199999999999,0.0021100000000000008
2021.0732,-0.08870900000000004,-0.05107800000000001,-0.011970999999999999
2021.076,-0.09137300000000004,-0.052941000000000016,-0.009250999999999999
2021.0787,-0.09205700000000006,-0.05212499999999998,-0.003844
2021.0815,-0.09134800000000004,-0.05402600000000002,-0.0030830000000000024
2021.0842,-0.09065900000000005,-0.05451600000000001,-0.010131000000000001
2021.0869,-0.09075100000000003,-0.055711999999999984,-0.0002360000000000001
2021.0897,-0.09175200000000006,-0.05340800000000001,-0.005729999999999999
2021.0924,-0.09021700000000005,-0.052124000000000004,-0.008527
2021.0951,-0.09177900000000005,-0.05162699999999998,-0.011974000000000002
2021.0979,-0.09276400000000001,-0.051578999999999986,-0.013388
2021.1006,-0.09141200000000005,-0.053514000000000006,-0.006544000000000001
2021.1034,-0.09230100000000002,-0.049810999999999994,-0.009936
2021.1061,-0.09210200000000002,-0.052008,-0.0055699999999999986
2021.1088,-0.09095100000000006,-0.051485,-0.008362999999999999
2021.1116,-0.09171700000000005,-0.04992099999999999,-0.014709
2021.1143,-0.09117500000000006,-0.05121700000000001,-0.004872000000000001
2021.117,-0.09259200000000001,-0.050870000000000026,-0.006834
2021.1198,-0.09175700000000003,-0.051765000000000005,-0.006088999999999997
2021.1225,-0.09306400000000004,-0.051329000000000014,-0.010799
2021.1253,-0.09269800000000006,-0.05188999999999999,-0.0048839999999999995
2021.128,-0.09290000000000004,-0.051281999999999994,-0.010699
2021.1307,-0.09223900000000002,-0.05113800000000002,-0.0036269999999999983
2021.1335,-0.09255800000000003,-0.053429000000000004,-0.003707000000000002
2021.1362,-0.09228100000000006,-0.052854999999999985,-0.004319000000000003
2021.1389,-0.09154500000000004,-0.053964999999999985,-0.009143000000000002
2021.1417,-0.09228500000000006,-0.05380499999999999,-0.011702
2021.1444,-0.09244800000000003,-0.052769999999999984,-0.016185
2021.1472,-0.09338600000000002,-0.05297299999999999,-0.007663000000000003
2021.1499,-0.09324900000000003,-0.051261,-0.011838999999999999
2021.1526,-0.09364200000000006,-0.05257400000000001,-0.0155
2021.1554,-0.09399900000000005,-0.05158600000000002,-0.010227
2021.1581,-0.09520900000000004,-0.051701,-0.008373000000000002
2021.1608,-0.09364500000000003,-0.051929999999999976,-0.006476000000000003
2021.1636,-0.09588100000000005,-0.05358099999999999,-0.008013
2021.1663,-0.09319800000000006,-0.05184299999999997,-0.005860999999999998
2021.1691,-0.09416000000000002,-0.05341400000000002,-0.0010550000000000004
2021.1718,-0.09516200000000002,-0.05556699999999998,-0.009694000000000001
2021.1745,-0.09223500000000001,-0.05620900000000001,-0.0052289999999999975
2021.1773,-0.09269300000000003,-0.05135000000000001,-0.011702
2021.18,-0.09395100000000006,-0.054037999999999975,-0.010176000000000001
2021.1828,-0.09405100000000005,-0.053302000000000016,-0.011994000000000001
2021.1855,-0.09556500000000001,-0.056230999999999975,-0.012841000000000002
2021.1882,-0.09401100000000001,-0.051896,-0.004735999999999997
2021.191,-0.09436600000000006,-0.052576999999999985,-0.0075930000000000025
2021.1937,-0.09258500000000003,-0.053964999999999985,-0.011899
2021.1964,-0.09234100000000006,-0.054232,-0.008655
2021.1992,-0.09525800000000001,-0.05287599999999998,-0.0045550000000000035
2021.2019,-0.09331600000000001,-0.049236999999999975,-0.011779000000000001
2021.2047,-0.09298300000000004,-0.05185400000000001,-0.006386000000000003
2021.2074,-0.09350300000000006,-0.052298999999999984,-0.004118000000000004
2021.2101,-0.09452800000000006,-0.05344500000000002,-0.001919999999999998
2021.2129,-0.09284700000000001,-0.058140000000000025,-0.009195000000000002
2021.2156,-0.09535800000000005,-0.052534000000000025,-0.014341
2021.2183,-0.09346100000000002,-0.052109000000000016,-0.009365000000000002
2021.2211,-0.09432500000000005,-0.04976599999999998,-0.0069079999999999975
2021.2238,-0.09470300000000004,-0.05066999999999999,-0.011227000000000001
2021.2266,-0.09512100000000001,-0.052317999999999976,-0.007884000000000002
2021.2293,-0.09414100000000003,-0.05315399999999998,-0.0012759999999999994
2021.232,-0.09511400000000003,-0.05012699999999998,-0.011437
2021.2348,-0.09469900000000003,-0.051035,-0.008862000000000002
2021.2375,-0.09434600000000004,-0.05262499999999998,-0.010222000000000002
2021.2402,-0.09487900000000005,-0.050931000000000004,-0.007094999999999997
2021.243,-0.09446800000000005,-0.051568,-0.008024000000000003
2021.2457,-0.09470100000000004,-0.05205599999999999,-0.007882
2021.2485,-0.09474900000000003,-0.052454,-0.009127
2021.2512,-0.09514900000000004,-0.051707,-0.006224
2021.2539,-0.09442800000000001,-0.04972500000000002,-0.009371
2021.2567,-0.09360400000000002,-0.04967899999999997,-0.010084
2021.2594,-0.09499400000000002,-0.051508,-0.007970999999999999
2021.2621,-0.09480600000000006,-0.051661999999999986,-0.006502000000000001
2021.2649,-0.09616600000000003,-0.05104900000000001,-0.004334999999999999
2021.2676,-0.09587400000000001,-0.048507999999999996,-0.0055650000000000005
2021.2704,-0.09543600000000002,-0.049016000000000004,-0.007074999999999998
2021.2731,-0.09672000000000003,-0.049555000000000016,-0.0057929999999999995
2021.2758,-0.09608100000000003,-0.048794000000000004,-0.010055000000000001
2021.2786,-0.09453300000000003,-0.05014200000000002,-0.0059029999999999985
2021.2813,-0.09477900000000006,-0.047539,-0.014494
2021.2841,-0.09492500000000004,-0.04986499999999999,-0.007955999999999998
2021.2868,-0.09308900000000003,-0.04986400000000002,-0.011038
2021.2895,-0.09433000000000002,-0.047916000000000014,-0.012254000000000001
2021.2923,-0.09772900000000001,-0.04763600000000001,-0.006901999999999998
2021.295,-0.09743800000000002,-0.049323000000000006,-0.004954
2021.2977,-0.09726300000000004,-0.04665399999999997,0.0007349999999999995
2021.3005,-0.09612000000000004,-0.048082000000000014,-0.001792000000000002
2021.3032,-0.09739800000000004,-0.048806000000000016,-0.006184000000000002
2021.306,-0.09954300000000005,-0.04877900000000002,-6.899999999999962e-05
2021.3087,-0.10016700000000006,-0.049321000000000004,0.005144999999999997
2021.3114,-0.09990000000000004,-0.050286,0.0047740000000000005
2021.3142,-0.09929100000000002,-0.051288999999999974,0.0011699999999999974
2021.3169,-0.09998700000000005,-0.049804000000000015,0.002451000000000002
2021.3196,-0.09916500000000006,-0.048833000000000015,-0.002138000000000001
2021.3224,-0.09995900000000002,-0.04894799999999999,-0.0044510000000000036
2021.3251,-0.09880900000000004,-0.05038100000000001,-0.0045620000000000036
2021.3279,-0.09935300000000002,-0.049480000000000024,-0.0018089999999999981
2021.3306,-0.09973100000000001,-0.049122,-0.0018579999999999985
2021.3333,-0.10015200000000002,-0.049339999999999995,0.0009660000000000016
2021.3361,-0.10034700000000002,-0.04833900000000002,-0.0011839999999999976
2021.3388,-0.10020000000000001,-0.04998799999999998,-0.009094000000000001
2021.3415,-0.09993000000000002,-0.050203,-0.0076989999999999975
2021.3443,-0.10066200000000003,-0.051468000000000014,-0.0009460000000000024
2021.347,-0.09874300000000003,-0.048209,-0.002457000000000001
2021.3498,-0.09863700000000003,-0.048746999999999985,-0.0028369999999999992
2021.3525,-0.10065400000000002,-0.048431999999999975,-0.007072000000000002
2021.3552,-0.10059100000000004,-0.050092000000000025,-0.0031020000000000006
2021.358,-0.09907800000000005,-0.049758000000000024,-0.006024000000000002
2021.3607,-0.09966200000000003,-0.04868499999999998,-0.006095000000000003
2021.3634,-0.10106500000000002,-0.05042200000000002,-0.010862
2021.3662,-0.10001300000000002,-0.050485999999999975,-0.0017039999999999972
2021.3689,-0.10074600000000006,-0.05068400000000001,-0.007712999999999998
2021.3717,-0.10009100000000004,-0.049856999999999985,0.005523
2021.3744,-0.10022800000000004,-0.05093700000000001,-0.0013169999999999987
2021.3771,-0.10216400000000003,-0.05037199999999997,0.001361000000000001
2021.3799,-0.10147100000000003,-0.050045000000000006,-0.0033159999999999995
2021.3826,-0.10256600000000005,-0.049121000000000026,-0.0062369999999999995
2021.3854,-0.10207400000000005,-0.05052000000000001,-0.007892999999999997
2021.3881,-0.10123500000000002,-0.049261,-0.005832000000000004
2021.3908,-0.09828500000000001,-0.047451999999999994,-0.0030799999999999994
2021.3936,-0.10103700000000004,-0.04941400000000001,-1.1999999999998123e-05
2021.3963,-0.10098800000000002,-0.04889300000000002,-0.002158
2021.399,-0.10103600000000001,-0.050495999999999985,-0.0036839999999999998
2021.4018,-0.10405900000000001,-0.04900500000000002,-0.004001999999999999
2021.4045,-0.10169200000000006,-0.047904,-0.0019559999999999994
2021.4073,-0.10013900000000003,-0.048084000000000016,-0.0033270000000000036
2021.41,-0.09948800000000002,-0.048092000000000024,0.0036759999999999987
2021.4127,-0.09990500000000002,-0.04897400000000002,-0.0030900000000000025
2021.4155,-0.09971500000000005,-0.05051099999999997,0.006101000000000002
2021.4182,-0.09978900000000002,-0.049514999999999976,0.003960999999999999
2021.4209,-0.10026500000000005,-0.04749999999999999,0.0004330000000000028
2021.4237,-0.10028800000000004,-0.04853400000000002,0.002715000000000002
2021.4264,-0.10202900000000004,-0.048802999999999985,0.002256000000000001
2021.4292,-0.10050200000000004,-0.04859999999999998,0.00046299999999999814
2021.4319,-0.10368500000000003,-0.04896600000000001,-0.0008019999999999972
2021.4346,-0.10119300000000003,-0.04805100000000001,-0.006164000000000003
2021.4374,-0.10100000000000003,-0.04860399999999998,-0.0005039999999999975
2021.4401,-0.10017600000000004,-0.047594000000000025,-0.0007349999999999995
2021.4428,-0.10142800000000002,-0.050180999999999976,0.008690999999999997
2021.4456,-0.10201300000000002,-0.04822500000000002,0.007051000000000002
2021.4483,-0.10186500000000004,-0.05065700000000001,0.0028950000000000017
2021.4511,-0.10375900000000005,-0.04800199999999999,0.002354000000000002
2021.4538,-0.10110700000000006,-0.048509000000000024,-0.0015370000000000036
2021.4565,-0.10074500000000003,-0.047707,-0.0008060000000000012
2021.4593,-0.10091600000000006,-0.04846499999999998,0.001344999999999999
2021.462,-0.10329000000000005,-0.04810399999999998,0.003985000000000002
2021.4648,-0.10230000000000006,-0.047323000000000004,-0.001578000000000003
2021.4675,-0.10281900000000005,-0.04863899999999999,-0.0005479999999999999
2021.4702,-0.10411900000000002,-0.047103000000000006,0.0035209999999999964
2021.473,-0.10289800000000004,-0.048985999999999974,0.009651
2021.4757,-0.10262700000000002,-0.046318000000000026,-0.0010410000000000003
2021.4784,-0.10032000000000002,-0.04877900000000002,0.0022949999999999984
2021.4812,-0.10351800000000005,-0.04685,0.006851999999999997
2021.4839,-0.10340100000000002,-0.049478999999999995,0.009326000000000001
2021.4867,-0.10102500000000003,-0.04690899999999998,-0.0003820000000000004
2021.4894,-0.10051200000000005,-0.04568899999999998,0.001240999999999999
2021.4921,-0.10259100000000004,-0.050178,0.003380000000000001
2021.4949,-0.10372600000000004,-0.04814400000000002,0.010445000000000003
2021.4976,-0.10299800000000003,-0.04841099999999998,0.004649
2021.5003,-0.10136200000000001,-0.048860000000000015,0.006102999999999997
2021.5031,-0.10147700000000004,-0.04764299999999999,0.008224999999999996
2021.5058,-0.10191100000000003,-0.04763600000000001,0.006057
2021.5086,-0.10016900000000001,-0.047599,0.005579000000000001
2021.5113,-0.10165900000000005,-0.04830000000000001,0.008385999999999998
2021.514,-0.10136500000000004,-0.04828300000000002,0.004200999999999996
2021.5168,-0.10183300000000006,-0.05002400000000001,0.008553999999999999
2021.5195,-0.10120000000000001,-0.04682700000000001,0.006358999999999997
2021.5222,-0.10162700000000002,-0.04787399999999997,0.004624999999999997
2021.525,-0.10062400000000005,-0.04669099999999998,0.004410999999999998
2021.5277,-0.10084700000000002,-0.04768499999999998,0.006676000000000001
2021.5305,-0.09933100000000006,-0.04772199999999999,0.004517
2021.5332,-0.10089600000000004,-0.04735600000000001,0.0074789999999999995
2021.5359,-0.10286000000000006,-0.046619999999999995,0.0012659999999999963
2021.5387,-0.09980700000000003,-0.04688500000000001,0.00809
2021.5414,-0.10062400000000005,-0.047711,0.00682
2021.5441,-0.09932100000000005,-0.048150000000000026,0.004068000000000002
2021.5469,-0.09842500000000004,-0.048958999999999975,-0.004152000000000003
2021.5496,-0.10072500000000001,-0.047395999999999994,0.0026329999999999965
2021.5524,-0.10035800000000006,-0.048792,-0.0018229999999999982
2021.5551,-0.09991200000000006,-0.048916000000000015,0.0021950000000000025
2021.5578,-0.10042500000000004,-0.05074699999999999,0.002134999999999998
2021.5606,-0.10070000000000001,-0.05011399999999999,0.004978999999999997
2021.5633,-0.09939700000000001,-0.048680999999999974,0.004966999999999999
2021.5661,-0.09814300000000004,-0.04885499999999998,0.006365999999999997
2021.5688,-0.09779000000000004,-0.04889399999999999,-0.0016359999999999986
2021.5715,-0.09731100000000004,-0.04663099999999998,-0.002903000000000003
2021.5743,-0.09913900000000003,-0.047584000000000015,0.012128
2021.577,-0.09910300000000005,-0.04771700000000001,0.007969999999999998
2021.5797,-0.09938600000000003,-0.04835299999999998,0.004283999999999996
2021.5825,-0.09849300000000005,-0.04827199999999998,-0.0010340000000000002
2021.5852,-0.09875300000000004,-0.048067000000000026,0.005013999999999998
2021.588,-0.09883500000000006,-0.048426000000000025,-0.0031860000000000013
2021.5907,-0.09925900000000004,-0.04813400000000001,0.0010010000000000019
2021.5934,-0.09763300000000003,-0.04727100000000001,-0.0013929999999999984
2021.5962,-0.09814000000000006,-0.049536000000000024,0.0005269999999999997
2021.5989,-0.09940700000000002,-0.046889000000000014,0.0017490000000000006
2021.6016,-0.10030700000000004,-0.047985,0.005753000000000001
2021.6044,-0.09872000000000003,-0.048736999999999975,0.0007599999999999968
2021.6071,-0.09901200000000004,-0.048329999999999984,0.0017350000000000004
2021.6099,-0.09680700000000003,-0.047736999999999974,0.0008859999999999979
2021.6126,-0.09829900000000003,-0.04833500000000002,0.0002909999999999996
2021.6153,-0.09722500000000006,-0.049821000000000004,-0.0005930000000000032
2021.6181,-0.09762900000000002,-0.04976799999999998,0.001358999999999999
2021.6208,-0.09873200000000004,-0.04906699999999997,0.0013839999999999963
2021.6235,-0.10029500000000002,-0.04921700000000001,0.001582
2021.6263,-0.09869600000000006,-0.04911300000000002,0.006955000000000003
2021.629,-0.09683700000000006,-0.050229000000000024,0.00011699999999999905
2021.6318,-0.09874200000000005,-0.049481,0.004611999999999998
2021.6345,-0.09865300000000005,-0.04910599999999998,0.005988
2021.6372,-0.09766000000000002,-0.04952400000000001,0.0033100000000000004
2021.64,-0.09904500000000005,-0.048572000000000004,0.009926999999999998
2021.6427,-0.09877000000000002,-0.048927,-0.000892999999999998
2021.6454,-0.09780500000000003,-0.049283999999999994,-0.0013080000000000036
2021.6482,-0.09850900000000001,-0.04972399999999999,0.0007409999999999986
2021.6509,-0.09781400000000001,-0.04936800000000002,0.006340999999999999
2021.6537,-0.09800600000000004,-0.050204000000000026,0.004845000000000002
2021.6564,-0.09821800000000003,-0.04989100000000002,-0.0027809999999999988
2021.6591,-0.09888300000000005,-0.049229999999999996,0.003018
2021.6619,-0.10018900000000003,-0.05175999999999997,0.0016069999999999973
2021.6646,-0.09983700000000001,-0.050258000000000025,0.004012000000000002
2021.6674,-0.09891000000000005,-0.049985999999999975,0.008660000000000001
2021.6701,-0.09747900000000004,-0.04930699999999999,0.003132000000000003
2021.6728,-0.09760500000000005,-0.051059999999999994,-0.0019870000000000027
2021.6756,-0.09697500000000003,-0.05083700000000002,0.003616000000000001
2021.6783,-0.09885900000000003,-0.052039,0.005276000000000003
2021.681,-0.09965500000000005,-0.050775000000000015,0.007573999999999997
2021.6838,-0.09987300000000005,-0.04979800000000001,0.004182999999999999
2021.6865,-0.09898500000000005,-0.04985400000000001,0.010771999999999997
2021.6893,-0.10002100000000003,-0.051329000000000014,0.012288
2021.692,-0.10035800000000006,-0.05213000000000001,0.0038670000000000024
2021.6947,-0.09835300000000002,-0.05183199999999999,0.003484000000000001
2021.6975,-0.09842500000000004,-0.04994500000000002,0.0024010000000000004
2021.7002,-0.09936600000000001,-0.050597999999999976,-0.0002710000000000004
2021.7029,-0.09836800000000001,-0.051761,0.005970999999999997
2021.7057,-0.09997600000000001,-0.04962,0.0066799999999999984
2021.7084,-0.09701900000000002,-0.049472000000000016,0.003603999999999996
2021.7112,-0.09787300000000004,-0.05249999999999999,0.008324999999999999
2021.7139,-0.09966300000000006,-0.054835999999999996,0.010826999999999996
2021.7166,-0.09845500000000001,-0.05403000000000002,0.003976
2021.7194,-0.09767300000000001,-0.05119600000000002,0.007775999999999998
2021.7221,-0.09792800000000002,-0.05113699999999999,-0.0010860000000000036
2021.7248,-0.09882900000000006,-0.05215399999999998,0.0014289999999999997
2021.7276,-0.09835700000000003,-0.05377900000000002,-0.0023149999999999976
2021.7303,-0.09710300000000005,-0.04832900000000001,-0.004992000000000003
2021.7331,-0.09889900000000001,-0.05220999999999998,0.004304999999999996
2021.7358,-0.10222200000000004,-0.054541000000000006,0.012242000000000003
2021.7385,-0.10162900000000002,-0.05714399999999997,0.005049999999999999
2021.7413,-0.09784800000000005,-0.052367,0.0017080000000000012
2021.744,-0.09987600000000002,-0.05372300000000002,0.0019510000000000013
2021.7467,-0.09859100000000004,-0.05000500000000002,-0.0009330000000000033
2021.7495,-0.09690700000000002,-0.05153000000000002,0.0037980000000000028
2021.7522,-0.09768000000000004,-0.05532300000000001,0.002048000000000001
2021.755,-0.09889700000000001,-0.05344199999999999,-0.0010869999999999977
2021.7577,-0.09953000000000001,-0.053929000000000005,0.004457999999999997
2021.7604,-0.09792800000000002,-0.05616700000000002,0.0006979999999999972
2021.7632,-0.09949000000000002,-0.053927,0.011820999999999998
2021.7659,-0.09934100000000001,-0.053207000000000004,0.0015319999999999986
2021.7687,-0.09862800000000005,-0.05457099999999998,-0.0017500000000000016
2021.7714,-0.10025500000000004,-0.05398799999999998,0.0015919999999999962
2021.7741,-0.09831500000000004,-0.053344999999999976,0.012534999999999998
2021.7769,-0.10058000000000006,-0.05471199999999998,0.0029510000000000022
2021.7796,-0.09864400000000001,-0.055921,0.009677999999999999
2021.7823,-0.10044700000000001,-0.05410900000000002,0.010817
2021.7851,-0.09881800000000002,-0.054891999999999996,0.015128000000000003
2021.7878,-0.09763600000000006,-0.057053999999999994,0.0038979999999999987
2021.7906,-0.09999200000000003,-0.056012000000000006,0.006540999999999998
2021.7933,-0.09869100000000003,-0.057331999999999994,0.008259000000000002
2021.796,-0.10090700000000002,-0.055255,0.011636
2021.7988,-0.09986300000000004,-0.05621100000000001,0.006406000000000002
2021.8015,-0.09920500000000004,-0.06036799999999998,0.010361999999999996
2021.8042,-0.09912900000000002,-0.058394999999999975,0.0018690000000000026
2021.807,-0.09938100000000005,-0.056111999999999995,0.008780999999999997
2021.8097,-0.10123200000000004,-0.05715199999999998,0.005717
2021.8125,-0.10071400000000003,-0.059362000000000026,0.012901000000000003
2021.8152,-0.09962400000000005,-0.05661699999999997,0.0021909999999999985
2021.8179,-0.09923900000000002,-0.05758000000000002,0.00639
2021.8207,-0.09932800000000003,-0.055804999999999993,0.003459999999999998
2021.8234,-0.09909700000000005,-0.057203000000000004,0.004526000000000002
2021.8261,-0.09782600000000002,-0.054458000000000006,0.004180999999999997
2021.8289,-0.10045400000000004,-0.054103999999999985,0.005829000000000001
2021.8316,-0.09890800000000005,-0.05460100000000001,0.011654999999999999
2021.8344,-0.09715900000000005,-0.054437999999999986,0.011091999999999998
2021.8371,-0.09849400000000003,-0.056335000000000024,0.007549
2021.8398,-0.09668300000000002,-0.05823400000000001,0.0042089999999999975
2021.8426,-0.09761300000000006,-0.06015100000000001,0.007266000000000002
2021.8453,-0.09783700000000001,-0.05827500000000002,0.008465
2021.848,-0.09926900000000005,-0.059089,0.011041000000000002
2021.8508,-0.09720500000000004,-0.061301999999999995,0.011097999999999997
2021.8535,-0.09747000000000006,-0.055420000000000025,0.003908000000000002
2021.8563,-0.09824800000000006,-0.057425000000000004,0.011709999999999998
2021.859,-0.09770300000000004,-0.053437999999999986,-0.003252999999999999
2021.8617,-0.09725200000000006,-0.055734000000000006,0.003141999999999999
2021.8645,-0.09590400000000004,-0.05720399999999998,-0.0020610000000000003
2021.8672,-0.09673100000000001,-0.05629899999999999,-0.0012529999999999972
2021.87,-0.09985400000000005,-0.05483900000000003,-0.00035099999999999715
2021.8727,-0.09995700000000002,-0.058352000000000015,0.008591000000000001
2021.8754,-0.09739900000000001,-0.05498399999999998,0.002699
2021.8782,-0.09703100000000003,-0.05324000000000001,-0.00033500000000000196
2021.8809,-0.09860500000000005,-0.05541499999999999,-0.0010589999999999974
2021.8836,-0.09794900000000001,-0.056203999999999976,0.006423999999999999
2021.8864,-0.09774100000000002,-0.054902000000000006,-0.0065699999999999995
2021.8891,-0.09797800000000001,-0.055854000000000015,-0.005935000000000003
2021.8919,-0.09751700000000002,-0.05703999999999998,0.0027739999999999987
2021.8946,-0.09689400000000004,-0.05755900000000003,0.004070999999999998
2021.8973,-0.09923000000000004,-0.05805899999999997,0.0009209999999999982
2021.9001,-0.09710900000000006,-0.055952,-0.0048950000000000035
2021.9028,-0.09786900000000004,-0.055972999999999995,-0.0005520000000000039
2021.9055,-0.09975800000000001,-0.056808000000000025,0.0026180000000000023
2021.9083,-0.09839300000000001,-0.05971700000000002,0.006087999999999996
2021.911,-0.09902700000000003,-0.054174,-0.003273999999999999
2021.9138,-0.09967800000000004,-0.05789899999999998,-0.000898000000000003
2021.9165,-0.09898400000000002,-0.05648799999999998,-0.004651000000000002
2021.9192,-0.09857300000000002,-0.056254000000000026,-0.003845000000000001
2021.922,-0.10125900000000004,-0.05503399999999997,-0.012451
2021.9247,-0.10029900000000003,-0.05465399999999998,-0.004963000000000002
2021.9274,-0.10052300000000003,-0.05421300000000001,-0.005157000000000002
2021.9302,-0.10134200000000004,-0.054732999999999976,-0.006554999999999998
2021.9329,-0.10052500000000003,-0.05591800000000002,0.0054560000000000025
2021.9357,-0.09985600000000006,-0.05673800000000001,0.010341999999999997
2021.9384,-0.09961600000000004,-0.055093,0.0056809999999999986
2021.9411,-0.09964800000000001,-0.05626999999999999,-0.0002930000000000016
2021.9439,-0.09923000000000004,-0.058981000000000006,0.003007999999999997
2021.9466,-0.10284400000000005,-0.05863200000000002,0.004409999999999997
2021.9493,-0.09795900000000002,-0.05835600000000002,0.005811999999999998
2021.9521,-0.09858600000000006,-0.05581999999999998,0.005200999999999997
2021.9548,-0.09906500000000001,-0.05658099999999999,0.0008739999999999998
2021.9576,-0.09805500000000006,-0.054730999999999974,-0.0020910000000000026
2021.9603,-0.09850000000000003,-0.054962999999999984,-0.0018670000000000006
2021.963,-0.09494300000000006,-0.05624800000000002,-0.0020700000000000024
2021.9658,-0.09761500000000001,-0.055095000000000005,0.0020779999999999965
2021.9685,-0.09827400000000003,-0.05505199999999999,0.006897
2021.9713,-0.09896000000000005,-0.055174,-0.002585000000000004
2021.974,-0.09929100000000002,-0.058784,0.0078089999999999965
2021.9767,-0.09958100000000003,-0.055688000000000015,0.004943999999999997
2021.9795,-0.09882500000000005,-0.05674499999999999,0.010279999999999997
2021.9822,-0.09731100000000004,-0.057184999999999986,-0.005018000000000002
2021.9849,-0.09668400000000005,-0.054806999999999995,-0.012905
2021.9877,-0.09710200000000002,-0.056456000000000006,-0.008469
2021.9904,-0.09870900000000005,-0.05224200000000001,-0.002245999999999998
2021.9932,-0.09805000000000003,-0.053968000000000016,0.0019640000000000005
2021.9959,-0.10100700000000001,-0.053761999999999976,-1.7999999999997185e-05
2021.9986,-0.09845500000000001,-0.050781999999999994,-0.0014349999999999988
2022.0014,-0.09782300000000005,-0.052680000000000005,-0.0008070000000000022
2022.0041,-0.09663300000000002,-0.056659000000000015,0.003810000000000001
2022.0068,-0.09556800000000004,-0.057562999999999975,9.20000000000018e-05
2022.0096,-0.10176000000000002,-0.05894300000000002,-0.016036
2022.0205,-0.09719600000000006,-0.05444700000000002,-0.0027790000000000037
2022.0233,-0.09616600000000003,-0.05483300000000002,-0.008812
2022.026,-0.09592100000000003,-0.056999999999999995,-0.004685000000000002
2022.0287,-0.09622700000000006,-0.05619299999999999,-0.008628
2022.0315,-0.09646500000000002,-0.05447200000000002,-0.0029529999999999973
2022.0342,-0.09636200000000006,-0.05680400000000002,-0.005436999999999997
2022.037,-0.09416300000000005,-0.05433100000000002,-0.004742000000000003
2022.0397,-0.09685800000000006,-0.05571300000000001,-0.010721000000000001
2022.0424,-0.09599500000000005,-0.055101999999999984,-0.016152
2022.0452,-0.09847300000000003,-0.05362499999999998,-0.010128000000000002
2022.0479,-0.09993300000000005,-0.05188999999999999,-0.009565
2022.0507,-0.09806700000000002,-0.052427999999999975,-0.009288000000000001
2022.0534,-0.09672600000000003,-0.05457200000000001,-0.005516
2022.0561,-0.09716500000000006,-0.05454700000000001,-0.009940000000000001
2022.0589,-0.09445400000000004,-0.04972900000000002,-0.020788
2022.0616,-0.09801900000000002,-0.05360999999999999,-0.011244
2022.0643,-0.09807100000000002,-0.05550500000000003,-0.0018789999999999987
2022.0671,-0.09921500000000005,-0.05516500000000002,-0.006595999999999998
2022.0698,-0.09862000000000004,-0.056844000000000006,-0.0004740000000000022
2022.0726,-0.09757400000000005,-0.052757,-0.006740000000000003
2022.0753,-0.09907800000000005,-0.05505500000000002,-0.007006999999999999
2022.078,-0.09977700000000006,-0.054366000000000025,-0.005214000000000003
2022.0808,-0.09954400000000002,-0.055230999999999975,-0.0022100000000000036
2022.0835,-0.09979300000000002,-0.05535699999999999,0.0010290000000000021
2022.0862,-0.09813500000000003,-0.054593,-0.005657000000000002
2022.089,-0.09907700000000003,-0.054856000000000016,-0.012171999999999999
2022.0917,-0.09962500000000002,-0.05485200000000001,-0.009183
2022.0945,-0.09744400000000003,-0.055425999999999975,-0.010716
2022.0972,-0.09892100000000004,-0.05612699999999998,-0.009268000000000002
2022.0999,-0.09693800000000002,-0.053852999999999984,-0.011859000000000001
2022.1027,-0.09890800000000005,-0.05667299999999997,-0.010655000000000001
2022.1054,-0.09936600000000001,-0.05764999999999998,-0.012442000000000002
2022.1081,-0.09826300000000004,-0.055315999999999976,-0.012842
2022.1109,-0.09963000000000005,-0.054948,-0.009888000000000001
2022.1136,-0.09841200000000005,-0.052773000000000014,-0.012121
2022.1164,-0.09922700000000001,-0.053875000000000006,-0.011399
2022.1191,-0.10037100000000004,-0.054732,-0.0012679999999999983
2022.1218,-0.10000100000000006,-0.053302000000000016,-0.0028880000000000017
2022.1246,-0.10180700000000004,-0.054530999999999996,-0.006551000000000001
2022.1273,-0.09983400000000003,-0.054557999999999995,-0.0032949999999999993
2022.13,-0.09931100000000004,-0.053454999999999975,-0.007238000000000001
2022.1328,-0.10150300000000001,-0.054896,-0.01157
2022.1355,-0.10005300000000006,-0.052732,-0.0056819999999999996
2022.1383,-0.10073000000000004,-0.053396,-0.003727000000000001
2022.141,-0.10048600000000002,-0.054734000000000005,-0.001915
2022.1437,-0.09912700000000002,-0.05237799999999998,-0.007163000000000003
2022.1465,-0.09889700000000001,-0.05083500000000002,-0.011521
2022.1492,-0.09968800000000005,-0.052732,-0.00859
2022.152,-0.09842300000000004,-0.054445999999999994,-0.0034409999999999996
2022.1547,-0.10042100000000004,-0.054284,-0.003140000000000004
2022.1574,-0.09908300000000003,-0.05882599999999999,-0.005127
2022.1602,-0.10035200000000005,-0.05582599999999999,-0.002457000000000001
2022.1629,-0.09952000000000005,-0.054864000000000024,-0.005267000000000001
2022.1656,-0.09881200000000001,-0.05324899999999999,-0.004297000000000002
2022.1684,-0.09902600000000006,-0.05312699999999998,-0.007412000000000002
2022.1711,-0.10005200000000003,-0.052781999999999996,-0.005185000000000002
2022.1739,-0.10201300000000002,-0.05270399999999997,-0.004756000000000003
2022.1766,-0.10129500000000002,-0.05280699999999999,-0.006721999999999999
2022.1793,-0.10197300000000004,-0.05346899999999999,-0.010679000000000001
2022.1821,-0.10099800000000003,-0.053030999999999995,-0.009167000000000002
2022.1848,-0.09993100000000005,-0.05439699999999997,-0.004596000000000003
2022.1875,-0.09998700000000005,-0.053781999999999996,-0.0017780000000000018
2022.1903,-0.10073500000000002,-0.052368000000000026,-0.005840999999999999
2022.193,-0.10153800000000002,-0.055754000000000026,0.00012099999999999611
2022.1958,-0.10312500000000002,-0.05505500000000002,0.002123
2022.1985,-0.10138300000000006,-0.053228,-0.005110000000000003
2022.2012,-0.10272300000000001,-0.05533500000000002,-0.006427000000000002
2022.204,-0.10247700000000004,-0.05236400000000002,-0.006034999999999999
2022.2067,-0.10161400000000004,-0.05307099999999998,-0.01092
2022.2094,-0.10088800000000003,-0.05412499999999998,-0.005701999999999999
2022.2122,-0.10164700000000004,-0.05236099999999999,-0.0006219999999999976
2022.2149,-0.10159000000000001,-0.05419200000000002,0.00025999999999999635
2022.2177,-0.10088100000000005,-0.05349799999999999,-0.002605999999999997
2022.2204,-0.10049900000000006,-0.052095,-0.008013
2022.2231,-0.10139700000000001,-0.051887000000000016,-0.0066939999999999986
2022.2259,-0.10126100000000005,-0.05201699999999998,-0.003944000000000003
2022.2286,-0.10199000000000003,-0.052447999999999995,-0.003806000000000004
2022.2313,-0.10229200000000005,-0.05263499999999999,-0.00442
2022.2341,-0.10232600000000003,-0.052315,-0.0013159999999999977
2022.2368,-0.10388600000000003,-0.05232500000000001,0.0013639999999999972
2022.2396,-0.10165000000000002,-0.05280299999999999,0.00019000000000000267
2022.2423,-0.10305900000000001,-0.05135200000000001,-0.0027379999999999974
2022.245,-0.10390400000000005,-0.05416300000000002,-0.00503
2022.2478,-0.10233300000000001,-0.054559000000000024,0.0010690000000000005
2022.2505,-0.10129200000000005,-0.05309799999999998,-0.008963000000000002
2022.2533,-0.10139100000000001,-0.052866000000000024,-0.0008900000000000019
2022.256,-0.10148300000000005,-0.055844000000000005,0.0009839999999999988
2022.2587,-0.10221900000000006,-0.051868000000000025,0.004269000000000002
2022.2615,-0.10220400000000002,-0.05215599999999998,-0.0037920000000000037
2022.2642,-0.10234500000000002,-0.05425200000000002,-0.005998999999999997
2022.2669,-0.10454900000000006,-0.05290400000000001,-0.004937000000000004
2022.2697,-0.10148500000000005,-0.05177999999999999,0.0010700000000000015
2022.2724,-0.10359700000000005,-0.05271399999999998,-0.0007530000000000037
2022.2752,-0.10157700000000003,-0.051673000000000024,-0.0034430000000000016
2022.2779,-0.10401700000000003,-0.051273999999999986,-0.003389000000000003
2022.2806,-0.10243600000000003,-0.051470000000000016,-0.011722
2022.2834,-0.10320800000000002,-0.05057400000000001,-0.0041059999999999985
2022.2861,-0.10281600000000002,-0.051292000000000004,-0.0012969999999999995
2022.2888,-0.10301700000000003,-0.05132399999999998,-0.003160000000000003
2022.2916,-0.10194600000000004,-0.050707,-0.001568
2022.2943,-0.10222400000000004,-0.05477799999999999,-0.009051
2022.2971,-0.10355900000000001,-0.05394500000000002,-0.0026149999999999993
2022.2998,-0.10570200000000002,-0.05501400000000001,-0.008143999999999998
2022.3025,-0.10377900000000001,-0.052151999999999976,-0.005847999999999999
2022.3053,-0.10442600000000002,-0.05205900000000002,-0.003502999999999999
2022.308,-0.10406200000000004,-0.052626000000000006,-0.010243000000000002
2022.3107,-0.10332900000000006,-0.05258200000000002,-0.011814999999999999
2022.3135,-0.10353600000000002,-0.051312000000000024,-0.004019000000000002
2022.3162,-0.10319800000000001,-0.05169299999999999,-0.007461000000000002
2022.319,-0.10400900000000002,-0.05166399999999999,-0.007375
2022.3217,-0.10379700000000003,-0.05292400000000003,-0.003469
2022.3244,-0.10313500000000003,-0.05163099999999998,0.0009269999999999973
2022.3272,-0.10362100000000002,-0.052717000000000014,-0.004067000000000001
2022.3299,-0.10429400000000005,-0.051261,-0.002473000000000003
2022.3326,-0.10328500000000002,-0.050958,-0.006086000000000001
2022.3354,-0.10208100000000003,-0.05453599999999997,-0.0017609999999999987
2022.3381,-0.10342400000000002,-0.051966999999999985,-0.008974
2022.3409,-0.10400000000000004,-0.05237900000000001,-0.007789999999999998
2022.3436,-0.10626900000000006,-0.053690000000000015,0.001233999999999999
2022.3463,-0.10673400000000005,-0.051175000000000026,-0.004354999999999998
2022.3491,-0.10384900000000002,-0.049462000000000006,-0.0016200000000000034
2022.3518,-0.10462200000000005,-0.05182500000000001,-0.0052280000000000035
2022.3546,-0.10620600000000002,-0.05057299999999998,-0.007965
2022.3573,-0.10592400000000002,-0.050539999999999974,-0.007956999999999999
2022.36,-0.10514100000000004,-0.052734999999999976,-0.008149999999999998
2022.3628,-0.10524200000000006,-0.050398,-0.008972
2022.3655,-0.10450200000000004,-0.053495000000000015,-0.008211000000000003
2022.3682,-0.10432100000000005,-0.049956999999999974,-0.0027449999999999974
2022.371,-0.10436400000000001,-0.051207999999999976,-0.007920999999999997
2022.3737,-0.10594400000000004,-0.048711000000000004,-0.014041000000000001
2022.3765,-0.10586300000000004,-0.050286,-0.005513999999999998
2022.3792,-0.10809300000000005,-0.050609000000000015,-0.00862
2022.3819,-0.10579900000000003,-0.04775200000000002,-0.014567
2022.3847,-0.10419200000000006,-0.048887000000000014,-0.009552000000000001
2022.3874,-0.10328700000000002,-0.049368999999999996,-0.010393
2022.3901,-0.10570400000000002,-0.048028000000000015,-0.011465
2022.3929,-0.10641700000000004,-0.04939399999999999,-0.005301
2022.3956,-0.10539700000000002,-0.04828100000000002,-0.007163000000000003
2022.3984,-0.10627400000000004,-0.04965599999999998,-0.005429999999999997
2022.4011,-0.10509300000000005,-0.050943000000000016,-0.004207000000000002
2022.4038,-0.10720500000000005,-0.05052200000000001,-0.005492000000000004
2022.4066,-0.10874700000000004,-0.049709,-0.0031829999999999983
2022.4093,-0.10549900000000001,-0.05197499999999999,-0.00022400000000000198
2022.412,-0.10549200000000003,-0.048362000000000016,-0.008650000000000001
2022.4148,-0.10690200000000005,-0.049344,-0.0015929999999999972
2022.4175,-0.10666500000000001,-0.05010100000000001,-0.006440000000000001
2022.4203,-0.10683900000000002,-0.05001800000000001,0.0006629999999999969
2022.423,-0.10713500000000004,-0.049136999999999986,-0.004923000000000004
2022.4257,-0.10824400000000006,-0.05160300000000001,-0.005167999999999999
2022.4285,-0.10670300000000005,-0.05026000000000003,-0.0019600000000000034
2022.4312,-0.10705900000000002,-0.04999300000000001,-0.012337
2022.4339,-0.10624700000000004,-0.048528000000000016,-0.005845000000000003
2022.4367,-0.10660700000000001,-0.04874200000000001,-0.0037439999999999973
2022.4394,-0.10631200000000002,-0.049568999999999974,0.0018519999999999995
2022.4422,-0.10715000000000002,-0.04761399999999999,-0.008497000000000001
2022.4449,-0.10697700000000004,-0.05003800000000003,-0.0017819999999999989
2022.4476,-0.10681800000000002,-0.050636000000000014,-0.0012199999999999989
2022.4504,-0.10692700000000005,-0.049375999999999975,-0.0022220000000000018
2022.4531,-0.10839300000000002,-0.049707,-0.00605
2022.4559,-0.10588400000000003,-0.049563000000000024,-0.0020840000000000025
2022.4586,-0.10834400000000005,-0.04928899999999997,0.0014780000000000001
2022.4613,-0.10730100000000004,-0.04967700000000003,-0.0001260000000000011
2022.4641,-0.10585300000000003,-0.05097600000000002,-0.005520999999999998
2022.4668,-0.10487600000000002,-0.050153999999999976,-0.0032920000000000033
2022.4695,-0.10470300000000005,-0.05212499999999998,-0.002340000000000002
2022.4723,-0.10639200000000004,-0.05076599999999998,-0.004693000000000003
2022.475,-0.10648300000000005,-0.048370000000000024,-0.008421999999999999
2022.4778,-0.10537500000000005,-0.05073899999999998,-0.005930999999999999
2022.4805,-0.10603900000000005,-0.046802999999999984,-0.002570000000000003
2022.4832,-0.10667600000000005,-0.04627199999999998,-0.0060059999999999975
2022.486,-0.10573800000000005,-0.05053099999999999,-0.005415000000000003
2022.4887,-0.10258100000000003,-0.049787000000000026,-0.0053329999999999975
2022.4914,-0.10465100000000005,-0.04987900000000001,-0.0008000000000000021
2022.4942,-0.10667400000000005,-0.050976999999999995,-0.003474999999999999
2022.4969,-0.10748900000000006,-0.051008,-0.008442000000000002
2022.4997,-0.10577100000000006,-0.04953099999999999,-0.001225999999999998
2022.5024,-0.10539900000000002,-0.04929899999999998,0.0006400000000000017
2022.5051,-0.10562500000000002,-0.04999399999999998,0.005165000000000003
2022.5079,-0.10579900000000003,-0.050551999999999986,0.00020699999999999885
2022.5106,-0.10634400000000005,-0.051476999999999995,-0.008184999999999998
2022.5133,-0.10507900000000003,-0.05064000000000002,-0.005178000000000002
2022.5161,-0.10522300000000001,-0.05006699999999997,-0.002127999999999998
2022.5188,-0.10508600000000001,-0.04938300000000001,-0.005089000000000003
2022.5216,-0.10426300000000005,-0.050705,-0.0030740000000000003
2022.5243,-0.10517100000000001,-0.049234,-0.006266000000000001
2022.527,-0.10618900000000003,-0.05087900000000001,-0.001467999999999997
2022.5298,-0.10507200000000005,-0.05174699999999999,0.0002380000000000021
2022.5325,-0.10434500000000002,-0.05053000000000002,-0.0030980000000000035
2022.5352,-0.10481400000000002,-0.050441000000000014,0.003153999999999997
2022.538,-0.10622000000000004,-0.04938500000000001,-0.002116
2022.5407,-0.10440100000000002,-0.049528000000000016,-0.003463000000000001
2022.5435,-0.10572400000000004,-0.051211000000000007,-0.005351000000000002
2022.5462,-0.10626100000000005,-0.05233300000000002,-0.0064589999999999995
2022.5489,-0.10543100000000005,-0.05157600000000001,-0.0014129999999999976
2022.5517,-0.10506400000000005,-0.052061000000000024,0.0023289999999999977
2022.5544,-0.10462600000000005,-0.051539,0.00047699999999999826
2022.5572,-0.10342800000000002,-0.04830099999999998,-0.004548000000000003
2022.5599,-0.10459200000000002,-0.050980000000000025,-0.009303000000000002
2022.5626,-0.10477000000000003,-0.05149999999999999,-0.002227
2022.5654,-0.10346300000000003,-0.051207999999999976,-0.005713000000000003
2022.5681,-0.10316300000000006,-0.05207800000000001,0.0024389999999999967
2022.5708,-0.10400200000000004,-0.051690000000000014,-0.0028540000000000024
2022.5736,-0.10345400000000005,-0.05061100000000002,-0.006161
2022.5763,-0.10320900000000005,-0.050188999999999984,-0.006505999999999998
2022.5791,-0.10304500000000005,-0.05186000000000002,-0.0010620000000000004
2022.5818,-0.10312800000000005,-0.052773000000000014,0.0006509999999999988
2022.5845,-0.10286200000000001,-0.05162899999999998,0.0013960000000000014
2022.5873,-0.10319300000000003,-0.05080699999999999,0.0010340000000000002
2022.59,-0.10302400000000006,-0.05102800000000002,-0.005055999999999998
2022.5927,-0.10367200000000004,-0.049702000000000024,-0.006617999999999999
2022.5955,-0.10360100000000005,-0.05335400000000001,-0.0009750000000000036
2022.5982,-0.10298300000000005,-0.051653000000000004,-0.0020890000000000006
2022.601,-0.10182800000000003,-0.05283100000000002,0.005047000000000003
2022.6037,-0.10406200000000004,-0.05166900000000002,-0.0024959999999999982
2022.6064,-0.10479200000000005,-0.050904000000000005,-0.0035200000000000023
2022.6092,-0.10505700000000001,-0.05388399999999999,-0.002381000000000001
2022.6119,-0.10509700000000005,-0.05384,0.0031199999999999978
2022.6146,-0.10338200000000003,-0.05257200000000001,0.001571999999999997
2022.6174,-0.10388500000000006,-0.05238999999999999,-0.006585000000000001
2022.6201,-0.10391000000000006,-0.050321000000000005,-0.002704999999999999
2022.6229,-0.10442600000000002,-0.05167100000000002,0.0008410000000000015
2022.6256,-0.10423900000000003,-0.05272500000000002,-0.0021730000000000013
2022.6283,-0.10455900000000001,-0.05265700000000001,0.007672999999999999
2022.6311,-0.10326000000000002,-0.05358099999999999,-0.0013150000000000037
2022.6338,-0.10350400000000004,-0.05143700000000001,-0.0026489999999999986
2022.6366,-0.10292700000000005,-0.05363000000000001,0.0031920000000000004
2022.6393,-0.10357400000000005,-0.05190699999999998,0.001361000000000001
2022.642,-0.10308300000000004,-0.05213499999999999,-0.003812000000000003
2022.6448,-0.10265600000000003,-0.05325200000000002,0.002699
2022.6475,-0.10222600000000004,-0.05371999999999999,0.005282999999999996
2022.6502,-0.10360300000000006,-0.05383199999999999,0.002116
2022.653,-0.10554000000000002,-0.05069400000000002,0.002119999999999997
2022.6557,-0.10419400000000001,-0.05241699999999999,0.003698
2022.6585,-0.10237000000000002,-0.053827000000000014,0.003348999999999998
2022.6612,-0.10303900000000005,-0.05429600000000001,0.0033390000000000017
2022.6639,-0.10254300000000005,-0.05234,0.0046609999999999985
2022.6667,-0.10364400000000001,-0.053485000000000005,0.007204999999999996
2022.6694,-0.10263500000000003,-0.05424899999999999,0.0073599999999999985
2022.6721,-0.10419000000000006,-0.05374200000000001,0.0008639999999999967
2022.6749,-0.10074900000000003,-0.053958000000000006,0.0027239999999999973
2022.6776,-0.10386300000000004,-0.052543000000000006,-0.0003249999999999989
2022.6804,-0.10255100000000006,-0.053562,0.0008540000000000006
2022.6831,-0.10439500000000002,-0.05354500000000001,0.010882000000000003
2022.6858,-0.10424400000000006,-0.052757,0.0027589999999999976
2022.6886,-0.10405900000000001,-0.05154599999999998,0.007060999999999998
2022.6913,-0.10486800000000002,-0.05354900000000001,0.010827999999999997
2022.694,-0.10595100000000002,-0.056769000000000014,0.014051000000000001
2022.6968,-0.10395400000000005,-0.05380400000000002,0.002488999999999998
2022.6995,-0.10545200000000005,-0.054476000000000024,0.0011670000000000014
2022.7023,-0.10349100000000006,-0.05651600000000001,0.007713999999999999
2022.705,-0.10456200000000004,-0.05474499999999999,0.002925999999999998
2022.7077,-0.10502400000000006,-0.05481199999999997,0.0012069999999999997
2022.7105,-0.10439200000000004,-0.05543799999999999,0.0043240000000000015
2022.7132,-0.10515400000000003,-0.053620999999999974,0.008479
2022.7159,-0.10264900000000005,-0.055452999999999975,0.004845000000000002
2022.7187,-0.10374200000000006,-0.056983000000000006,0.0058969999999999995
2022.7214,-0.10424900000000004,-0.05494100000000002,0.0029920000000000016
2022.7242,-0.10529700000000003,-0.05533500000000002,0.005648
2022.7269,-0.10479500000000003,-0.05725999999999998,0.002259999999999998
2022.7296,-0.10375500000000004,-0.056003000000000025,0.0016289999999999985
2022.7324,-0.10442200000000001,-0.05495899999999998,-0.0010290000000000021
2022.7351,-0.10407700000000003,-0.05718000000000001,0.003262000000000001
2022.7379,-0.10464700000000005,-0.056761000000000006,0.006307
2022.7406,-0.10364400000000001,-0.05781999999999998,0.011976
2022.7433,-0.10433000000000003,-0.056252000000000024,0.005578
2022.7461,-0.10280000000000006,-0.057091,0.001461999999999998
2022.7488,-0.10296200000000005,-0.05334,0.015319
2022.7515,-0.10505000000000003,-0.055694999999999995,0.006976999999999997
2022.7543,-0.10472700000000001,-0.056979,0.003245999999999999
2022.757,-0.10450100000000001,-0.056647999999999976,0.0031100000000000017
2022.7598,-0.10440900000000003,-0.054991999999999985,0.002034000000000001
2022.7625,-0.10443000000000002,-0.05734899999999998,0.0066890000000000005
2022.7652,-0.10536300000000004,-0.057730000000000004,0.005650000000000002
2022.768,-0.10591600000000001,-0.058101000000000014,0.0014460000000000028
2022.7707,-0.10778100000000002,-0.05863299999999999,0.0037779999999999966
2022.7734,-0.10642800000000002,-0.05990099999999998,0.007608999999999998
2022.7762,-0.10758000000000001,-0.05674800000000002,0.006844999999999997
2022.7789,-0.10820000000000002,-0.06037300000000001,0.004522999999999999
2022.7817,-0.10789900000000002,-0.05685899999999999,0.004048999999999997
2022.7844,-0.10933700000000002,-0.055976000000000026,0.006985999999999999
2022.7871,-0.10953400000000002,-0.05621300000000001,0.011279999999999998
2022.7899,-0.10929500000000003,-0.05841099999999999,0.012891
2022.7926,-0.10749300000000006,-0.05932900000000002,0.015960999999999996
2022.7953,-0.10623500000000002,-0.059284,0.006532999999999997
2022.7981,-0.10876700000000006,-0.059533999999999976,0.006414999999999997
2022.8008,-0.11075300000000005,-0.05773299999999998,0.008650999999999999
2022.8036,-0.11025400000000002,-0.060721,0.011480999999999998
2022.8063,-0.11286900000000005,-0.05965599999999999,0.022676
2022.809,-0.10883800000000005,-0.05904799999999999,0.014109999999999998
2022.8118,-0.10955600000000004,-0.059639,0.013198000000000001
2022.8145,-0.10931800000000003,-0.059170999999999974,0.007924
2022.8172,-0.11012100000000002,-0.06077199999999999,0.008981999999999997
2022.82,-0.10900300000000002,-0.058460999999999985,0.005624999999999998
2022.8227,-0.10851800000000006,-0.057724,0.016944
2022.8255,-0.10844300000000001,-0.05838199999999999,0.007461999999999996
2022.8282,-0.10900300000000002,-0.05874800000000002,0.011346000000000002
2022.8309,-0.10871400000000003,-0.058277999999999996,0.011818000000000002
2022.8337,-0.11006900000000003,-0.06078700000000001,0.01541
2022.8364,-0.10961000000000004,-0.06114700000000001,0.012405
2022.8392,-0.10885400000000006,-0.061335,0.014086000000000001
2022.8419,-0.10973100000000002,-0.05935400000000002,0.013488
2022.8446,-0.11003800000000002,-0.057140000000000024,0.010611000000000002
2022.8474,-0.10943100000000006,-0.058338999999999974,0.012463000000000002
2022.8501,-0.10798800000000003,-0.05910199999999999,0.009446999999999997
2022.8528,-0.10817300000000002,-0.05735800000000002,0.005467
2022.8556,-0.10766200000000004,-0.058531,0.010236999999999996
2022.8583,-0.10737900000000006,-0.05777399999999999,0.006283999999999998
2022.8611,-0.10703100000000004,-0.056564,1.7999999999997185e-05
2022.8638,-0.10741700000000004,-0.056336,0.0051189999999999986
2022.8665,-0.10749900000000001,-0.05809199999999998,0.0029589999999999964
2022.8693,-0.10665600000000003,-0.05823400000000001,0.005215999999999998
2022.872,-0.10709400000000002,-0.055588000000000026,8.600000000000274e-05
2022.8747,-0.10645000000000004,-0.056481,-0.0015640000000000029
2022.8775,-0.10710800000000004,-0.056427000000000005,-0.0011019999999999988
2022.8802,-0.10814100000000004,-0.054398,-0.0024990000000000012
2022.883,-0.10704100000000005,-0.05763299999999999,0.0037820000000000006
2022.8857,-0.10627700000000001,-0.059867000000000004,0.0027340000000000003
2022.8884,-0.10627600000000004,-0.05951899999999999,0.0066799999999999984
2022.8912,-0.10906800000000005,-0.058923,0.0028479999999999964
2022.8939,-0.10902600000000001,-0.059995999999999994,0.0038720000000000004
2022.8966,-0.10834400000000005,-0.059421999999999975,-0.0018589999999999995
2022.8994,-0.10694200000000004,-0.060617000000000004,0.001239999999999998
2022.9021,-0.10817300000000002,-0.05910599999999999,0.00021000000000000185
2022.9049,-0.10888400000000004,-0.05884699999999998,0.002253999999999999
2022.9076,-0.10842500000000005,-0.057669000000000026,0.003818000000000002
2022.9103,-0.10650600000000005,-0.05813099999999999,0.008314000000000002
2022.9131,-0.10649500000000006,-0.06058400000000003,0.018026
2022.9158,-0.10823900000000003,-0.05963200000000002,0.0015200000000000005
2022.9185,-0.10847600000000002,-0.060638,0.002803
2022.9213,-0.10884400000000005,-0.062743,0.0033110000000000014
2022.924,-0.10928600000000005,-0.056686000000000014,0.008765000000000002
2022.9268,-0.10772900000000002,-0.05902400000000002,0.012491000000000002
2022.9295,-0.10681300000000005,-0.060820999999999986,0.010125000000000002
2022.9322,-0.10732500000000006,-0.06042399999999998,0.008954999999999998
2022.935,-0.10655600000000004,-0.06112699999999999,0.005657000000000002
2022.9377,-0.10563900000000004,-0.06165499999999999,0.013358000000000002
2022.9405,-0.10768800000000006,-0.06390399999999999,0.014158999999999998
2022.9432,-0.10985600000000001,-0.06060199999999999,0.006287000000000001
2022.9459,-0.10836500000000004,-0.061273999999999995,0.006335
2022.9487,-0.10753800000000002,-0.06005300000000002,0.005499999999999998
2022.9514,-0.10778100000000002,-0.056786,-0.0001830000000000026
2022.9541,-0.10672500000000001,-0.05713299999999999,0.0002720000000000014
2022.9569,-0.10534800000000005,-0.05820399999999998,0.004251999999999999
2022.9596,-0.10696800000000001,-0.05821700000000002,0.005325999999999997
2022.9624,-0.10759700000000005,-0.058114,0.007882
2022.9651,-0.10641600000000001,-0.05731799999999998,0.0028369999999999992
2022.9678,-0.10357500000000003,-0.057927000000000006,0.0008210000000000023
2022.9706,-0.10389900000000002,-0.05635499999999999,0.005310000000000002
2022.9733,-0.10350000000000004,-0.055477,-0.0047750000000000015
2022.976,-0.10649400000000003,-0.05349799999999999,-0.014923000000000002
2022.9788,-0.10360800000000003,-0.047777000000000014,-0.003707000000000002
2022.9815,-0.10618300000000003,-0.058804999999999996,0.002700000000000001
2022.9843,-0.10540900000000003,-0.061501,0.0026580000000000006
2022.987,-0.10747200000000001,-0.06256,0.010252999999999998
2022.9897,-0.10721500000000006,-0.060485999999999984,0.008458
2022.9925,-0.10941100000000004,-0.06070500000000001,0.008653000000000001
2022.9952,-0.10758500000000004,-0.061418,0.0029910000000000006
2022.9979,-0.10861500000000002,-0.05822100000000002,0.006048999999999999
2023.0007,-0.10657400000000006,-0.059240000000000015,0.002798000000000002
2023.0034,-0.10768700000000003,-0.058086000000000026,0.004111999999999998
2023.0062,-0.10788200000000003,-0.059398000000000006,0.003842999999999999
2023.0089,-0.10923600000000006,-0.05851299999999998,0.009093999999999998
2023.0116,-0.10479700000000003,-0.06254699999999999,0.005414999999999996
2023.0144,-0.10708500000000004,-0.062696,0.009699
2023.0171,-0.10704300000000005,-0.06076100000000001,-0.0024020000000000014
2023.0198,-0.10805900000000002,-0.06176100000000001,0.005919000000000001
2023.0226,-0.10925900000000005,-0.060114,0.003353000000000002
2023.0253,-0.10764000000000001,-0.059616999999999976,0.003251999999999998
2023.0281,-0.10894700000000002,-0.06174099999999999,0.0022729999999999972
2023.0308,-0.10634100000000002,-0.065352,-0.00013099999999999917
2023.0335,-0.10674300000000003,-0.062031,-0.0047719999999999985
2023.0363,-0.10718800000000006,-0.062664,-0.001696000000000003
2023.039,-0.10844300000000001,-0.06477,0.010293999999999998
2023.0418,-0.10841300000000004,-0.05977500000000002,0.007212999999999997
2023.0445,-0.10845900000000003,-0.059655000000000014,0.0037859999999999977
2023.0472,-0.10782200000000003,-0.05985299999999999,0.0047719999999999985
2023.05,-0.10738900000000001,-0.059421,0.004970000000000002
2023.0527,-0.10675700000000005,-0.05854999999999999,-0.0042169999999999985
2023.0554,-0.10858000000000001,-0.058396,-0.006738000000000001
2023.0582,-0.10925400000000002,-0.056613000000000024,-0.0033219999999999986
2023.0609,-0.10952600000000001,-0.05753900000000001,0.0005910000000000012
2023.0637,-0.10794800000000004,-0.05881399999999998,-0.0039920000000000025
2023.0664,-0.10829600000000006,-0.057582999999999995,-0.006936999999999999
2023.0691,-0.10779800000000006,-0.058742000000000016,-0.007344000000000003
2023.0719,-0.10941300000000004,-0.054881999999999986,-0.0015980000000000022
2023.0746,-0.10831800000000003,-0.058116999999999974,0.0010579999999999964
2023.0773,-0.10830300000000004,-0.05661100000000002,-0.0063510000000000025
2023.0801,-0.10803400000000002,-0.05507099999999998,-0.0006700000000000039
2023.0828,-0.10763200000000006,-0.05769799999999997,0.0015299999999999966
2023.0856,-0.10969900000000005,-0.05738199999999999,0.003840999999999997
2023.0883,-0.10887500000000006,-0.05795299999999998,0.0018289999999999973
2023.091,-0.10675200000000001,-0.057221999999999995,0.004042999999999998
2023.0938,-0.11101900000000003,-0.05976100000000001,-0.0005840000000000012
2023.0965,-0.11030900000000005,-0.05913099999999999,0.005580000000000002
2023.0992,-0.10892900000000005,-0.058497999999999994,0.007052000000000003
2023.102,-0.10802300000000004,-0.05901899999999999,0.0022090000000000026
2023.1047,-0.11015900000000006,-0.057091,-0.0024980000000000002
2023.1075,-0.11014700000000005,-0.059180999999999984,-0.0038839999999999986
2023.1102,-0.10943900000000001,-0.05884699999999998,0.006469999999999997
2023.1129,-0.10926600000000003,-0.05910399999999999,-2.6999999999999247e-05
2023.1157,-0.10893500000000006,-0.058784,0.004628
2023.1184,-0.11319600000000002,-0.058755999999999975,0.0002529999999999963
2023.1211,-0.11258800000000002,-0.057603000000000015,0.0017500000000000016
2023.1239,-0.11165500000000006,-0.057242000000000015,-0.0013680000000000012
2023.1266,-0.11074600000000001,-0.056558,3.999999999999837e-05
2023.1294,-0.10955200000000004,-0.05946600000000002,0.0003049999999999997
2023.1321,-0.11017300000000002,-0.05804300000000001,0.0016989999999999991
2023.1348,-0.11194800000000005,-0.05779200000000001,-0.004306999999999998
2023.1376,-0.11061300000000002,-0.05758200000000002,0.0008750000000000008
2023.1403,-0.11260200000000004,-0.05662699999999998,-0.001121999999999998
2023.1431,-0.11145800000000006,-0.059361,-0.021936
2023.1458,-0.10994100000000001,-0.05449799999999999,0.004747000000000001
2023.1485,-0.11334900000000003,-0.05542399999999997,0.0010539999999999994
2023.1513,-0.11137900000000006,-0.05910500000000002,-0.0020610000000000003
2023.154,-0.11040500000000003,-0.058315000000000006,-0.0015500000000000028
2023.1567,-0.11235000000000006,-0.06136,0.007879999999999998
2023.1595,-0.11073200000000005,-0.05840299999999998,0.0032859999999999973
2023.1622,-0.10982200000000003,-0.058838,0.0034420000000000006
2023.165,-0.11208100000000004,-0.06115599999999999,0.007635999999999997
2023.1677,-0.11116200000000004,-0.061166,0.006106
2023.1704,-0.11213000000000001,-0.059278,0.007106000000000001
2023.1732,-0.11255400000000004,-0.057796000000000014,-0.0037910000000000027
2023.1759,-0.11019200000000001,-0.057367999999999975,-0.0036810000000000037
2023.1786,-0.11111400000000005,-0.05693799999999999,-0.003382999999999997
2023.1814,-0.11151100000000003,-0.05851899999999999,-0.0044329999999999994
2023.1841,-0.11058600000000002,-0.062614,-0.010891000000000001
2023.1869,-0.10949400000000004,-0.05876100000000001,0.00028700000000000253
2023.1896,-0.11261000000000004,-0.05939699999999998,-0.003950000000000002
2023.1923,-0.11135700000000004,-0.05874400000000002,-0.0013010000000000035
2023.1951,-0.10968900000000004,-0.05916899999999997,-0.00042700000000000377
2023.1978,-0.10994900000000002,-0.05984099999999998,-0.0007269999999999985
2023.2005,-0.11072300000000002,-0.058489999999999986,0.002799000000000003
2023.2033,-0.11064500000000005,-0.05654500000000001,-0.007199999999999998
2023.2088,-0.11169100000000004,-0.059782,-0.0012980000000000005
2023.2115,-0.10990900000000003,-0.058504,-0.0007189999999999974
2023.2142,-0.11035300000000003,-0.058728,0.004205
2023.217,-0.11243500000000006,-0.05835600000000002,-0.0015389999999999987
2023.2197,-0.11239600000000005,-0.05806899999999998,0.00047900000000000026
2023.2225,-0.11138700000000001,-0.059861,0.0027710000000000026
2023.2252,-0.11073800000000006,-0.058311,-0.003840000000000003
2023.2279,-0.11185800000000001,-0.06027899999999997,-0.009414000000000002
2023.2307,-0.10983500000000002,-0.059834,-0.004852000000000002
2023.2334,-0.10980300000000004,-0.057128999999999985,-0.005149000000000001
2023.2361,-0.11166600000000004,-0.059026999999999996,-0.007661000000000001
2023.2389,-0.10821200000000003,-0.057599999999999985,-0.005407000000000002
2023.2416,-0.11082900000000001,-0.060663999999999996,-0.001343000000000004
2023.2444,-0.11077400000000004,-0.06014000000000003,-0.004805999999999998
2023.2471,-0.11194700000000002,-0.05880800000000003,-0.00015199999999999936
2023.2498,-0.11249600000000004,-0.058381000000000016,0.003377999999999999
2023.2526,-0.11212100000000003,-0.05870500000000001,-0.0023040000000000005
2023.2553,-0.11159100000000005,-0.059331999999999996,-0.0027280000000000013
2023.258,-0.11193100000000006,-0.058418000000000025,-0.004507999999999998
2023.2608,-0.11086700000000005,-0.06135299999999999,-0.004179000000000002
2023.2635,-0.11061200000000004,-0.05826100000000001,-0.004124000000000003
2023.2663,-0.11176000000000003,-0.06018699999999999,0.003594
2023.269,-0.11079100000000003,-0.059626999999999986,-0.003588000000000001
2023.2717,-0.11023100000000002,-0.060392,-0.003138000000000002
2023.2745,-0.11254400000000003,-0.05914900000000001,-0.005176
2023.2772,-0.11053900000000005,-0.06001200000000001,-0.005145000000000004
2023.2799,-0.11316300000000001,-0.05959500000000001,-0.005429999999999997
2023.2827,-0.11369600000000002,-0.059174000000000004,-0.0063500000000000015
2023.2854,-0.11190500000000003,-0.05887700000000001,-0.007613000000000002
2023.2882,-0.11355900000000002,-0.05941000000000002,-0.003606999999999999
2023.2909,-0.11551900000000004,-0.06034099999999998,-0.001117
2023.2936,-0.11503600000000003,-0.05776999999999999,-0.010824
2023.2964,-0.11433100000000002,-0.05762200000000001,-0.009385000000000001
2023.2991,-0.11405700000000002,-0.056759000000000004,-0.0032200000000000006
2023.3018,-0.11388900000000002,-0.056742000000000015,-0.012149
2023.3046,-0.11328700000000003,-0.057418000000000025,-0.011773000000000002
2023.3073,-0.11221900000000001,-0.05823800000000001,0.00047499999999999626
2023.3101,-0.11424300000000004,-0.05904199999999998,-0.007459
2023.3128,-0.11154700000000006,-0.05815300000000001,-0.002700000000000001
2023.3155,-0.11252900000000005,-0.058111000000000024,-0.014254
2023.3183,-0.11152300000000004,-0.05798599999999998,-0.008655
2023.321,-0.11303300000000005,-0.05593799999999999,-0.005303000000000002
2023.3238,-0.11258400000000002,-0.05635800000000002,-0.009958999999999999
2023.3265,-0.11368200000000006,-0.05735800000000002,-0.006567000000000003
2023.3292,-0.11533700000000002,-0.05767899999999998,-0.005145999999999998
2023.332,-0.11476900000000001,-0.057447000000000026,-0.0011750000000000024
2023.3347,-0.11603800000000003,-0.05729099999999998,-0.006516000000000001
2023.3374,-0.11637400000000003,-0.05689499999999997,0.0006050000000000014
2023.3402,-0.11394400000000005,-0.05667699999999998,-0.002135999999999999
2023.3429,-0.11559500000000006,-0.055674999999999975,-0.006082999999999998
2023.3457,-0.11514600000000003,-0.056489999999999985,-0.008128999999999997
2023.3484,-0.11629200000000006,-0.055900000000000005,-0.0027780000000000027
2023.3511,-0.11409400000000003,-0.05644199999999999,-0.0026180000000000023
2023.3539,-0.11470100000000005,-0.05471100000000001,-0.005151000000000003
2023.3566,-0.11504100000000006,-0.05617899999999998,-0.006206000000000003
2023.3593,-0.11393700000000001,-0.05691400000000002,-0.0063580000000000025
2023.3621,-0.11588600000000004,-0.054250999999999994,-0.008475
2023.3648,-0.11515000000000003,-0.053898999999999975,-0.018185
2023.3676,-0.11387400000000003,-0.05537500000000001,-0.016843
2023.3703,-0.11480600000000002,-0.05605300000000002,-0.008947
2023.373,-0.11559300000000006,-0.05573899999999998,-0.007612000000000001
2023.3758,-0.11381800000000003,-0.05544399999999999,-0.0027350000000000013
2023.3785,-0.11627100000000001,-0.05402499999999999,-0.005662
2023.3812,-0.11508300000000005,-0.05477599999999999,-0.007289000000000004
2023.384,-0.11480000000000001,-0.05577599999999999,-0.0033480000000000038
2023.3867,-0.11613500000000004,-0.05411100000000002,-0.0027860000000000038
2023.3895,-0.11753000000000002,-0.05472899999999997,-0.005863
2023.3922,-0.11766400000000005,-0.055591,-0.007352999999999998
2023.3949,-0.11581500000000006,-0.056045999999999985,-0.002923000000000002
2023.3977,-0.11589100000000002,-0.05515500000000001,0.0004349999999999979
2023.4004,-0.11601600000000001,-0.05384899999999998,-0.001245000000000003
2023.4031,-0.11630000000000001,-0.05789299999999997,0.0022059999999999996
2023.4059,-0.11509200000000003,-0.056033,-0.0017339999999999994
2023.4086,-0.11744400000000005,-0.053622,-0.003934
2023.4114,-0.11715300000000006,-0.05486200000000002,0.001695000000000002
2023.4141,-0.11667900000000003,-0.054883000000000015,-0.006954000000000002
2023.4168,-0.11577400000000004,-0.05627399999999999,-0.0057890000000000025
2023.4196,-0.11421500000000001,-0.05402600000000002,-0.002715000000000002
2023.4223,-0.11368800000000001,-0.055711999999999984,-0.002152000000000001
2023.4251,-0.11310200000000004,-0.05449399999999999,-0.0025519999999999987
2023.4278,-0.11517600000000006,-0.055742000000000014,-0.0019489999999999993
2023.4305,-0.11546900000000004,-0.056613000000000024,0.002124000000000001
2023.4333,-0.11531300000000005,-0.05769200000000002,-0.00017500000000000154
2023.436,-0.11626500000000006,-0.05441800000000002,0.0030919999999999975
2023.4387,-0.11579600000000001,-0.05709900000000001,0.004767
2023.4415,-0.11488200000000004,-0.05371500000000001,-0.0008490000000000025
2023.4442,-0.11604400000000004,-0.05614000000000002,0.0015029999999999974
2023.447,-0.11618300000000004,-0.056892,-0.006151999999999998
2023.4497,-0.11544600000000005,-0.05483100000000002,3.899999999999737e-05
2023.4524,-0.11414600000000003,-0.054835999999999996,0.00031599999999999684
2023.4552,-0.11266400000000004,-0.053613999999999995,-0.0028849999999999987
2023.4579,-0.11466600000000005,-0.052744999999999986,0.0016629999999999978
2023.4606,-0.11542600000000003,-0.05407000000000001,0.00011699999999999905
2023.4634,-0.11641700000000005,-0.055186999999999986,0.003692000000000001
2023.4661,-0.11501700000000004,-0.05624000000000001,0.0036220000000000002
2023.4689,-0.11501900000000004,-0.053981999999999974,-0.0022189999999999988
2023.4716,-0.11397000000000002,-0.053869,-0.009808
2023.4743,-0.11540300000000003,-0.05641499999999999,0.0005459999999999979
2023.4771,-0.11341200000000001,-0.055981999999999976,-0.0015329999999999996
2023.4798,-0.11383200000000004,-0.054252999999999996,-0.001131
2023.4825,-0.11325800000000003,-0.056072999999999984,-0.0022090000000000026
2023.4853,-0.11457600000000001,-0.055149000000000004,0.007614999999999997
2023.488,-0.11595300000000003,-0.05599700000000002,-0.0011989999999999987
2023.4908,-0.11324700000000004,-0.054541000000000006,-0.001473000000000002
2023.4935,-0.11363000000000001,-0.055261000000000005,8.99999999999998e-05
2023.4962,-0.11360300000000001,-0.055867,-0.007622999999999998
2023.499,-0.11393500000000001,-0.055111999999999994,-0.000896000000000001
2023.5017,-0.11242200000000002,-0.055313999999999974,-0.005061000000000003
2023.5044,-0.11199600000000004,-0.05502400000000002,-0.004298000000000003
2023.5072,-0.11288000000000004,-0.055418999999999996,-0.0015480000000000008
2023.5099,-0.11411700000000002,-0.05600100000000002,-0.0021909999999999985
2023.5127,-0.11430800000000002,-0.053661000000000014,-0.003909000000000003
2023.5154,-0.11381300000000005,-0.055018999999999985,0.0010290000000000021
2023.5181,-0.11271900000000001,-0.055333999999999994,0.002924999999999997
2023.5209,-0.11288100000000001,-0.05457400000000001,0.0033460000000000018
2023.5236,-0.11259500000000006,-0.05540800000000001,-0.0009559999999999985
2023.5264,-0.11305600000000005,-0.056089,0.0008179999999999993
2023.5291,-0.11355800000000005,-0.053313,-0.0002030000000000018
2023.5318,-0.11368000000000006,-0.056408000000000014,0.005798999999999999
2023.5346,-0.11401300000000003,-0.056919,-0.001233999999999999
2023.5373,-0.11294900000000002,-0.055145,-0.007858999999999998
2023.54,-0.11485400000000001,-0.05625000000000002,0.004071999999999999
2023.5428,-0.11217800000000006,-0.05535899999999999,0.0016740000000000019
2023.5455,-0.11388300000000001,-0.05487700000000001,-0.0019479999999999983
2023.5483,-0.11387700000000006,-0.054118,0.0024189999999999975
2023.551,-0.11414300000000005,-0.05537500000000001,0.00013099999999999917
2023.5537,-0.11274700000000004,-0.05620700000000001,0.0032119999999999996
2023.5565,-0.11500400000000005,-0.056203999999999976,-0.00044700000000000295
2023.5592,-0.11367200000000005,-0.055825000000000014,-0.0009310000000000013
2023.5619,-0.11316000000000004,-0.05501499999999998,0.004479999999999998
2023.5647,-0.11428500000000003,-0.05516599999999999,-0.0008830000000000018
2023.5674,-0.11480200000000002,-0.053649,0.0018139999999999962
2023.5702,-0.11253900000000006,-0.054030999999999996,0.005255000000000003
2023.5729,-0.11322600000000005,-0.05566399999999999,-0.0012220000000000009
2023.5756,-0.11251100000000003,-0.05397200000000002,0.00047499999999999626
2023.5784,-0.11235100000000003,-0.055586000000000024,0.0008009999999999962
2023.5811,-0.11206300000000002,-0.05588599999999999,0.003168999999999998
2023.5838,-0.11285500000000004,-0.05634899999999998,0.0022729999999999972
2023.5866,-0.11397900000000005,-0.055611999999999995,0.00033400000000000096
2023.5893,-0.11174200000000001,-0.055418999999999996,-0.004145000000000003
2023.5921,-0.11145200000000005,-0.05498900000000001,-0.0015999999999999973
2023.5948,-0.11162000000000005,-0.05638900000000002,0.004804000000000003
2023.5975,-0.11168700000000004,-0.058116,0.006365999999999997
2023.6003,-0.11308300000000004,-0.057786000000000004,0.005581000000000003
2023.603,-0.11383300000000002,-0.05715799999999999,-0.004584999999999999
2023.6057,-0.11289800000000005,-0.057016999999999984,0.004339000000000003
2023.6085,-0.11310200000000004,-0.055253,0.0022910000000000014
2023.6112,-0.11391700000000005,-0.05554399999999998,0.009917000000000002
2023.614,-0.11182200000000003,-0.05679099999999998,0.0004190000000000027
2023.6167,-0.11074100000000003,-0.05507699999999999,0.0062380000000000005
2023.6194,-0.11222100000000002,-0.05740600000000001,0.006476000000000003
2023.6222,-0.11041600000000001,-0.056539000000000006,-0.0008490000000000025
2023.6249,-0.11119300000000004,-0.05761100000000002,0.0012910000000000005
2023.6277,-0.11253500000000005,-0.05542200000000003,0.008261999999999999
2023.6304,-0.11291900000000005,-0.05630200000000002,-0.0006690000000000029
2023.6331,-0.11201800000000006,-0.057475,-0.006178000000000003
2023.6359,-0.11264500000000005,-0.05452699999999999,0.0020960000000000006
2023.6386,-0.11219500000000004,-0.05729899999999999,0.000897999999999996
2023.6413,-0.11285700000000004,-0.05694300000000002,0.0034420000000000006
2023.6441,-0.11229700000000004,-0.05787599999999998,0.0016520000000000007
2023.6468,-0.11159900000000006,-0.05676300000000001,0.010132000000000002
2023.6496,-0.11282700000000001,-0.056559000000000026,0.008530999999999997
2023.6523,-0.11100100000000002,-0.05890299999999998,0.005921999999999997
2023.655,-0.11228300000000002,-0.05627599999999999,0.004075999999999996
2023.6578,-0.11243500000000006,-0.05707499999999999,0.008105000000000001
2023.6605,-0.11230200000000001,-0.06078900000000001,0.004284999999999997
2023.6632,-0.11316000000000004,-0.058616,0.004282000000000001
2023.666,-0.11330400000000002,-0.059307,0.007066999999999997
2023.6687,-0.11352900000000005,-0.058989000000000014,0.011838000000000001
2023.6715,-0.11208100000000004,-0.05822500000000003,0.004860999999999997
2023.6742,-0.11294900000000002,-0.059282,0.006365999999999997
2023.6769,-0.11227400000000004,-0.05893700000000002,0.007165999999999999
2023.6797,-0.11374400000000001,-0.05862600000000001,0.006474000000000001
2023.6824,-0.11341000000000001,-0.05849199999999999,0.007967000000000002
2023.6851,-0.11182200000000003,-0.058313000000000004,0.005689
2023.6879,-0.11191600000000002,-0.059975,0.007315999999999996
2023.6906,-0.11037300000000005,-0.05975999999999998,0.003481999999999999
2023.6934,-0.11333600000000005,-0.060958999999999985,0.004588000000000002
2023.6961,-0.11087900000000006,-0.062055,0.002146999999999996
2023.6988,-0.11187800000000003,-0.05885600000000002,0.007849000000000002
2023.7016,-0.10950800000000005,-0.058711999999999986,-0.002152000000000001
2023.7043,-0.11319100000000004,-0.05876399999999998,0.008232999999999997
2023.707,-0.11340800000000001,-0.05945299999999998,0.0062400000000000025
2023.7098,-0.11294800000000005,-0.060165000000000024,-0.0010259999999999991
2023.7125,-0.11058700000000005,-0.06092500000000001,0.014702
2023.7153,-0.11368400000000006,-0.05958599999999997,0.005087000000000001
2023.718,-0.11323000000000005,-0.058479999999999976,0.004812999999999998
2023.7207,-0.11231700000000006,-0.06060500000000002,0.003913
2023.7235,-0.11046700000000004,-0.058778,0.010680999999999996
2023.7262,-0.11208400000000002,-0.059711000000000014,0.014108000000000002
2023.729,-0.11348400000000003,-0.06002400000000002,0.006490999999999997
2023.7317,-0.11021500000000001,-0.064774,0.013321
2023.7344,-0.11159500000000006,-0.06193799999999999,0.006661
2023.7372,-0.11229200000000006,-0.06140999999999999,0.000677999999999998
2023.7399,-0.11246200000000006,-0.06117800000000001,0.0035180000000000003
2023.7426,-0.11216900000000002,-0.059763999999999984,0.011853000000000002
2023.7454,-0.11230400000000001,-0.061474,0.013470999999999997
2023.7481,-0.11149600000000004,-0.061143,0.0035120000000000012
2023.7509,-0.11187300000000006,-0.06010399999999999,0.004089000000000002
2023.7536,-0.11462700000000003,-0.05950699999999998,0.008939000000000002
2023.7563,-0.11045600000000005,-0.060416000000000025,0.001124
2023.7591,-0.10723700000000003,-0.05620999999999998,-0.002338
2023.7618,-0.11285300000000004,-0.05836599999999997,0.0038699999999999984
2023.7645,-0.11147400000000002,-0.06062200000000001,0.008666
2023.7673,-0.11083200000000004,-0.061228000000000005,0.009710999999999997
2023.77,-0.11282700000000001,-0.06409799999999999,0.013026999999999997
2023.7728,-0.11135600000000001,-0.064991,0.014811999999999999
2023.7755,-0.11485300000000004,-0.060777,0.010631000000000002
2023.7782,-0.11171500000000001,-0.06137500000000001,0.010874000000000002
2023.781,-0.11332400000000004,-0.061579999999999996,0.010132000000000002
2023.7837,-0.11235200000000001,-0.063941,0.006756999999999999
2023.7864,-0.11187000000000002,-0.05997000000000002,0.0031969999999999985
2023.7892,-0.11335600000000001,-0.06254799999999999,0.0027329999999999993
2023.7919,-0.11251500000000003,-0.06151300000000001,0.008267999999999998
2023.7947,-0.11200200000000005,-0.061486999999999986,0.008580999999999998
2023.7974,-0.11311600000000005,-0.060839000000000004,0.005250999999999999
2023.8001,-0.11301900000000004,-0.062085,-0.0010840000000000016
2023.8029,-0.11316600000000004,-0.061440999999999996,0.005816000000000002
2023.8056,-0.11210400000000004,-0.06359100000000001,0.001577999999999996
2023.8084,-0.11362000000000005,-0.06063399999999999,0.008619000000000002
2023.8111,-0.11283500000000002,-0.060800999999999994,0.009196999999999997
2023.8138,-0.11327500000000001,-0.06081,0.008607999999999998
2023.8166,-0.11231400000000002,-0.061189999999999994,0.0010980000000000018
2023.8193,-0.11313000000000001,-0.06013600000000002,-0.005809000000000002
2023.822,-0.11031500000000005,-0.06013400000000002,0.0015109999999999985
2023.8248,-0.10924400000000001,-0.05925399999999997,-0.000454000000000003
2023.8275,-0.11038400000000004,-0.06034499999999998,0.0006379999999999997
2023.8303,-0.11095800000000006,-0.06185499999999999,0.003237999999999998
2023.833,-0.10931700000000005,-0.05842599999999998,0.0006859999999999991
2023.8357,-0.11135100000000003,-0.06329599999999999,0.005191000000000001
2023.8385,-0.11112200000000005,-0.06200700000000001,0.0031769999999999993
2023.8412,-0.11169200000000001,-0.064998,0.005653999999999999
2023.8439,-0.11086400000000002,-0.06237300000000001,0.001115999999999999
2023.8467,-0.11167800000000006,-0.062916,0.0057839999999999975
2023.8494,-0.11147500000000005,-0.06267600000000001,0.010072999999999999
2023.8522,-0.11069000000000001,-0.061754,-0.0009930000000000008
2023.8549,-0.10955700000000002,-0.06403500000000001,0.0034469999999999987
2023.8576,-0.11064900000000005,-0.063641,0.001799000000000002
2023.8604,-0.11157700000000004,-0.064362,0.010012
2023.8631,-0.11269900000000005,-0.06260399999999999,0.0004159999999999997
2023.8658,-0.11225500000000005,-0.061993999999999994,0.0034090000000000023
2023.8686,-0.11334100000000003,-0.06198200000000001,0.004011000000000001
2023.8713,-0.11085100000000003,-0.065194,0.0066840000000000024
2023.8741,-0.11215000000000003,-0.063808,-0.0001989999999999978
2023.8768,-0.11164200000000002,-0.05968600000000002,0.0005770000000000011
2023.8795,-0.11222000000000004,-0.063558,0.0028950000000000017
2023.8823,-0.11164300000000005,-0.06345600000000001,0.011314999999999999
2023.885,-0.11135100000000003,-0.060971,0.0020519999999999983
2023.8877,-0.10980700000000004,-0.06253600000000001,-0.002814999999999998
2023.8905,-0.11138600000000004,-0.060737999999999986,-0.0028730000000000006
2023.8932,-0.10912100000000002,-0.06225700000000001,-0.003256000000000002
2023.896,-0.11030400000000001,-0.06084300000000001,0.0028689999999999966
2023.8987,-0.10973300000000002,-0.060696,0.00021100000000000285
2023.9014,-0.11102900000000004,-0.060918,-0.0007549999999999987
2023.9042,-0.11066300000000001,-0.06290100000000001,0.0013729999999999992
2023.9069,-0.11172600000000005,-0.063726,0.0023040000000000005
2023.9097,-0.11233600000000005,-0.062358,0.007567999999999998
2023.9124,-0.11303500000000005,-0.06460099999999999,0.008696000000000002
2023.9151,-0.11302600000000002,-0.06420899999999999,0.003250999999999997
2023.9179,-0.11326600000000003,-0.064273,0.010407
2023.9206,-0.11105000000000004,-0.06300800000000001,0.006421999999999997
2023.9233,-0.10865300000000006,-0.065417,0.005471999999999998
2023.9261,-0.11058700000000005,-0.068219,0.005590999999999999
2023.9288,-0.11138100000000001,-0.06523999999999999,0.002676999999999999
2023.9316,-0.11086300000000004,-0.06334999999999999,0.0005510000000000029
2023.9343,-0.11092000000000002,-0.063339,0.0030909999999999965
2023.937,-0.11004400000000003,-0.06289,0.00016299999999999648
2023.9398,-0.10932800000000004,-0.06189700000000001,0.0025359999999999966
2023.9425,-0.11032300000000006,-0.062034000000000006,0.0001460000000000003
2023.9452,-0.11023500000000003,-0.06015300000000001,-0.00017299999999999954
2023.948,-0.10940100000000003,-0.061695,0.01337
2023.9507,-0.10919300000000004,-0.062746,0.0030729999999999993
2023.9535,-0.11139500000000002,-0.061998,-0.004841999999999999
2023.9562,-0.11240500000000003,-0.06259,-0.006359999999999998
2023.9589,-0.11265700000000006,-0.06470699999999999,0.008004999999999998
2023.9617,-0.11289700000000003,-0.061501,0.0010449999999999973
2023.9644,-0.11225600000000002,-0.06354099999999999,0.004561999999999997
2023.9671,-0.11276000000000003,-0.06256800000000001,0.002038999999999999
2023.9699,-0.11108600000000002,-0.063469,-0.0031930000000000014
2023.9726,-0.11272400000000005,-0.06315599999999999,0.0016040000000000013
2023.9754,-0.11302100000000004,-0.060772999999999994,-0.0006859999999999991
2023.9781,-0.11139100000000002,-0.062041999999999986,0.002135999999999999
2023.9808,-0.11128300000000002,-0.062027,-0.0013869999999999993
2023.9836,-0.11150700000000002,-0.06554499999999999,0.004243999999999998
2023.9863,-0.11108200000000001,-0.06597900000000001,0.0028779999999999986
2023.989,-0.11189400000000005,-0.06503300000000001,0.0006400000000000017
2023.9918,-0.11376600000000003,-0.064141,-0.004139999999999998
2023.9945,-0.11143300000000006,-0.06559499999999999,0.006427999999999996
2023.9973,-0.11252300000000004,-0.060360000000000025,-0.004715999999999998
2024.0,-0.11258800000000002,-0.06331999999999999,-0.0017590000000000036
2024.0027,-0.11404200000000003,-0.06523899999999999,-0.002126000000000003
2024.0055,-0.11193600000000004,-0.06431700000000001,-0.003375000000000003
2024.0082,-0.11217700000000003,-0.06268099999999999,0.0005399999999999988
2024.011,-0.11340800000000001,-0.062559,-0.0016670000000000018
2024.0137,-0.11563100000000004,-0.06276000000000001,0.0012490000000000001
2024.0164,-0.11563400000000001,-0.060238000000000014,0.002016999999999998
2024.0192,-0.11111600000000005,-0.061333,0.004522999999999999
2024.0219,-0.11358600000000002,-0.06298799999999999,0.007487000000000001
2024.0246,-0.11402500000000004,-0.06195300000000001,0.004742999999999997
2024.0274,-0.11531400000000003,-0.06095700000000001,0.0016489999999999977
2024.0301,-0.11355200000000004,-0.058923,0.00036699999999999927
2024.0329,-0.11410400000000004,-0.057835000000000025,0.002800999999999998
2024.0356,-0.11530600000000002,-0.047624,-0.005254000000000002
2024.0383,-0.11899000000000004,-0.05094500000000002,-0.0038590000000000013
2024.0411,-0.11752600000000002,-0.05680000000000002,0.0021720000000000003
2024.0438,-0.11438900000000002,-0.057452999999999976,0.0017440000000000025
2024.0465,-0.11076700000000006,-0.06267500000000001,-0.0072470000000000034
2024.0493,-0.11238900000000002,-0.06112500000000001,-0.0018359999999999974
2024.052,-0.11231500000000005,-0.059180999999999984,-0.0028600000000000014
2024.0548,-0.11349100000000001,-0.06420100000000001,0.004985999999999997
2024.0575,-0.11346800000000001,-0.06526399999999999,0.002146000000000002
2024.0602,-0.11078600000000005,-0.06348899999999999,0.007712999999999998
2024.063,-0.11374200000000001,-0.063302,-0.0035540000000000016
2024.0657,-0.11279600000000001,-0.06276999999999999,-0.00043400000000000383
2024.0684,-0.11179800000000001,-0.060867000000000004,-0.0007720000000000019
2024.0712,-0.11246600000000001,-0.063388,-0.004257000000000004
2024.0739,-0.11251200000000006,-0.065087,-0.004297000000000002
2024.0767,-0.11289900000000003,-0.06539500000000001,-0.0026349999999999985
2024.0794,-0.11405900000000002,-0.064135,0.000560999999999999
2024.0821,-0.11258200000000002,-0.065139,0.0026699999999999988
2024.0849,-0.11070100000000005,-0.06745699999999999,0.0001999999999999988
2024.0876,-0.11582400000000004,-0.06503600000000001,0.005576999999999999
2024.0903,-0.11549800000000005,-0.06281899999999999,-0.001117
2024.0931,-0.11581000000000002,-0.058143,0.001118000000000001
2024.0958,-0.11451300000000003,-0.059101000000000015,-0.0004989999999999994
2024.0986,-0.11429800000000001,-0.061894000000000005,9.699999999999986e-05
2024.1013,-0.11402500000000004,-0.061531,0.006871000000000002
2024.104,-0.11520600000000003,-0.06125,9.20000000000018e-05
2024.1068,-0.11451500000000003,-0.06146199999999999,0.0014940000000000023
2024.1095,-0.11384200000000005,-0.061285000000000006,-0.006213000000000003
2024.1123,-0.11462200000000006,-0.062585,-0.010263999999999999
2024.115,-0.11334100000000003,-0.061586,-0.002716999999999997
2024.1177,-0.11426400000000003,-0.060841000000000006,-0.001228
2024.1205,-0.11357400000000001,-0.061578999999999995,-0.0051170000000000035
2024.1232,-0.11443300000000006,-0.06329399999999999,-0.0035369999999999985
2024.1259,-0.11397400000000002,-0.05984299999999998,-0.007407999999999998
2024.1287,-0.11587100000000006,-0.063029,-0.0002129999999999979
2024.1314,-0.11494100000000002,-0.063136,0.004633999999999999
2024.1342,-0.11579600000000001,-0.062090000000000006,-0.0007240000000000024
2024.1369,-0.11701800000000001,-0.06573999999999999,-0.0012790000000000024
2024.1396,-0.11382500000000001,-0.063448,-0.0055750000000000036
2024.1424,-0.11538900000000002,-0.060249,-0.0013830000000000023
2024.1451,-0.11433100000000002,-0.06112899999999999,-0.011158000000000001
2024.1478,-0.11508700000000005,-0.06028,-0.004172000000000002
2024.1506,-0.11603000000000002,-0.06207199999999999,0.0010630000000000014
2024.1533,-0.11740600000000001,-0.061807,0.005832999999999998
2024.1561,-0.11629100000000003,-0.062087,-0.008140000000000001
2024.1588,-0.11353900000000006,-0.064075,-0.00392
2024.1615,-0.11568700000000004,-0.06265899999999999,0.0029570000000000013
2024.1643,-0.11536800000000003,-0.06265899999999999,-0.0017269999999999994
2024.167,-0.11580300000000004,-0.06298599999999999,0.004969000000000001
2024.1697,-0.11353000000000002,-0.06544,0.003935000000000001
2024.1725,-0.11491800000000002,-0.062944,-0.009127
2024.1752,-0.11329700000000004,-0.06253600000000001,-0.0053409999999999985
2024.178,-0.11331100000000005,-0.061506000000000005,0.0021790000000000004
2024.1807,-0.11406400000000005,-0.061366000000000004,-0.0035600000000000007
2024.1834,-0.11381300000000005,-0.06254499999999999,-0.0029560000000000003
2024.1862,-0.11299700000000001,-0.063633,-0.0051
2024.1889,-0.11475100000000005,-0.06697600000000001,-0.004764999999999998
2024.1916,-0.11414200000000002,-0.06295100000000001,0.0005869999999999972
2024.1944,-0.11638100000000001,-0.063776,-0.003941
2024.1971,-0.11372600000000005,-0.06201300000000001,-0.0024059999999999984
2024.1999,-0.11265200000000003,-0.061708999999999986,-0.010938
2024.2026,-0.11511300000000002,-0.059925000000000006,-0.006394000000000004
2024.2053,-0.11357800000000001,-0.058917,-0.006551000000000001
2024.2081,-0.11364200000000002,-0.062773,-0.009160000000000001
2024.2108,-0.11428000000000005,-0.06354099999999999,-0.005641
2024.2136,-0.11507100000000003,-0.061836,-0.0016740000000000019
2024.2163,-0.11443000000000003,-0.06251599999999999,0.002376999999999997
2024.219,-0.11517100000000002,-0.062771,-0.005596000000000004
2024.2218,-0.11463900000000005,-0.063608,-0.007672999999999999
2024.2245,-0.11455800000000005,-0.067721,0.0018880000000000008
2024.2272,-0.11634100000000003,-0.062866,0.0002899999999999986
2024.23,-0.11567900000000003,-0.06190100000000001,-7.300000000000362e-05
2024.2327,-0.11545500000000003,-0.06126799999999999,-0.004645999999999997
2024.2355,-0.11492900000000006,-0.06357099999999999,-0.003388000000000002
2024.2382,-0.11353700000000005,-0.065441,-5.100000000000243e-05
2024.2409,-0.11651100000000003,-0.062222,-0.002575000000000001
2024.2437,-0.11489000000000005,-0.05959199999999998,-0.008465
2024.2464,-0.11520300000000006,-0.06151200000000001,-0.010815000000000002
2024.2491,-0.11459000000000003,-0.06359599999999999,-0.002805000000000002
2024.2519,-0.11603600000000003,-0.06197,-0.007351000000000003
2024.2546,-0.11598100000000006,-0.06034200000000001,-0.018151
2024.2574,-0.11794700000000002,-0.059101000000000015,-0.010269
2024.2601,-0.11831500000000006,-0.06176599999999999,-0.005739000000000001
2024.2628,-0.11646600000000001,-0.060533000000000003,-0.008736
2024.2656,-0.11671800000000004,-0.06039800000000001,-0.008319
2024.2683,-0.11756500000000003,-0.060745999999999994,-0.009226000000000002
2024.271,-0.11741300000000005,-0.060145000000000004,-0.016483
2024.2738,-0.11651800000000001,-0.059057000000000026,-0.01126
2024.2765,-0.11730000000000002,-0.060217999999999994,-0.010394
2024.2793,-0.11570100000000005,-0.05971900000000002,-0.008412
2024.282,-0.11711000000000005,-0.060835,-0.010281000000000002
2024.2847,-0.11870600000000003,-0.059638000000000024,-0.013405
2024.2875,-0.11931000000000003,-0.05735600000000002,-0.014963
2024.2902,-0.11524100000000004,-0.05787700000000001,-0.014831
2024.293,-0.11581800000000003,-0.05782999999999999,-0.017101
2024.2957,-0.11697200000000002,-0.057336,-0.01465
2024.2984,-0.11622300000000002,-0.05757800000000002,-0.010554000000000001
2024.3012,-0.11651100000000003,-0.06167900000000001,-0.010420000000000002
2024.3039,-0.11756500000000003,-0.059460999999999986,-0.013253000000000001
2024.3066,-0.11794100000000002,-0.059240000000000015,-0.009327000000000002
2024.3094,-0.11698800000000004,-0.05906800000000001,-0.005023
2024.3121,-0.11907700000000004,-0.059690999999999994,-0.011539
2024.3149,-0.11854500000000001,-0.06024600000000002,-0.010229000000000002
2024.3176,-0.11865200000000004,-0.05903000000000003,-0.011174
2024.3203,-0.11827000000000004,-0.05875399999999997,-0.009529
2024.3231,-0.11681600000000003,-0.06054399999999999,-0.0051160000000000025
2024.3258,-0.11863500000000005,-0.05793599999999999,-0.010979
2024.3285,-0.11643800000000004,-0.05679000000000001,-0.0034220000000000014
2024.3313,-0.11710000000000004,-0.05876100000000001,-0.007232000000000002
2024.334,-0.12035400000000002,-0.05760100000000001,-0.011663
2024.3368,-0.11915600000000004,-0.058792999999999984,-0.005094000000000001
2024.3395,-0.12021500000000002,-0.06009300000000001,-0.003702000000000004
2024.3422,-0.12056900000000004,-0.059640000000000026,-0.003689999999999999
2024.345,-0.12177600000000005,-0.059746999999999995,-0.005693000000000004
2024.3477,-0.12103200000000003,-0.05665700000000001,-0.0017420000000000005
2024.3504,-0.11992000000000003,-0.058858999999999995,-0.0016989999999999991
2024.3532,-0.11868400000000001,-0.05887700000000001,-0.007782999999999998
2024.3559,-0.12007800000000002,-0.055240999999999985,-0.009908
2024.3587,-0.11898500000000001,-0.059999000000000025,0.003145000000000002
2024.3614,-0.11938600000000005,-0.05848199999999998,-3.500000000000031e-05
2024.3641,-0.11955400000000005,-0.05907600000000002,-0.0033139999999999975
2024.3669,-0.12047000000000002,-0.05988300000000002,-0.0010340000000000002
2024.3696,-0.12182000000000004,-0.05704100000000001,-0.0030970000000000025
2024.3723,-0.12116400000000005,-0.058315000000000006,-0.006408000000000004
2024.3751,-0.12220000000000003,-0.05613299999999999,-0.0022049999999999986
2024.3778,-0.12176800000000004,-0.056684999999999985,-0.002123
2024.3806,-0.12158300000000005,-0.05596000000000001,-0.0014390000000000028
2024.3833,-0.12148600000000004,-0.05684,-0.007618
2024.386,-0.12117800000000001,-0.055808000000000024,-0.0023060000000000025
2024.3888,-0.12123600000000001,-0.05663499999999999,-0.0026370000000000005
2024.3915,-0.12128200000000006,-0.05781799999999998,-0.006069999999999999
2024.3943,-0.12128300000000003,-0.058199,-5.000000000000143e-05
2024.397,-0.12101100000000004,-0.05890299999999998,0.005590999999999999
2024.3997,-0.11988700000000002,-0.058999000000000024,0.0017319999999999974
2024.4025,-0.11966300000000002,-0.05713400000000002,-0.0024069999999999994
2024.4052,-0.12052500000000005,-0.05810900000000002,-0.0022760000000000002
2024.4079,-0.12091400000000002,-0.057311,-0.005781000000000001
2024.4107,-0.12094800000000006,-0.054954,-0.0017790000000000028
2024.4134,-0.12109300000000006,-0.05804300000000001,-0.0024360000000000007
2024.4162,-0.12075500000000006,-0.05712400000000001,-0.005194999999999998
2024.4189,-0.12226500000000001,-0.05823400000000001,0.001915
2024.4216,-0.12242500000000006,-0.05816300000000002,-0.0026160000000000003
2024.4244,-0.11869100000000005,-0.056030000000000024,-0.0006950000000000012
2024.4271,-0.11960800000000005,-0.057585,0.0009670000000000026
2024.4298,-0.11856400000000006,-0.055064,-0.0012780000000000014
2024.4326,-0.11864900000000006,-0.05693199999999998,0.005728999999999998
2024.4353,-0.11886400000000003,-0.05818699999999999,0.0008569999999999967
2024.4381,-0.12076100000000006,-0.056161000000000016,-0.0031790000000000013
2024.4408,-0.12124500000000005,-0.056203,-0.0012110000000000037
2024.4435,-0.12028000000000005,-0.05640099999999998,-0.009073000000000001
2024.4463,-0.12115000000000004,-0.05815199999999998,-0.005817000000000003
2024.449,-0.12102300000000005,-0.05663699999999999,-0.005916999999999999
2024.4517,-0.12019800000000003,-0.05762200000000001,-0.00047599999999999726
2024.4545,-0.12204900000000002,-0.05560999999999999,0.002569000000000002
2024.4572,-0.12139300000000003,-0.05910500000000002,-0.00022300000000000098
2024.46,-0.12150000000000005,-0.057833999999999997,-0.0023040000000000005
2024.4627,-0.11971400000000004,-0.056831999999999994,-0.003500000000000003
2024.4654,-0.11931500000000006,-0.05690600000000001,-0.009622000000000002
2024.4682,-0.12004000000000004,-0.057937000000000016,-0.004459999999999999
2024.4709,-0.12086700000000006,-0.05910199999999999,-0.0028369999999999992
2024.4736,-0.12052400000000002,-0.05963600000000002,0.007209
2024.4764,-0.12065400000000004,-0.05699900000000002,0.0011520000000000002
2024.4791,-0.12077000000000004,-0.05856,-0.004191
2024.4819,-0.12017800000000006,-0.057120000000000004,-0.004697
2024.4846,-0.12044400000000005,-0.058831999999999995,-0.0033170000000000005
2024.4873,-0.11987200000000003,-0.057147,-0.004937000000000004
2024.4901,-0.11983900000000003,-0.05668400000000001,-0.0023960000000000023
2024.4928,-0.11909000000000003,-0.058502,0.0042130000000000015
2024.4956,-0.11911800000000006,-0.05549100000000001,-0.004749999999999997
2024.4983,-0.11767000000000005,-0.05652200000000002,-0.006755999999999998
2024.501,-0.11887600000000004,-0.055632000000000015,0.003034999999999996
2024.5038,-0.11991500000000005,-0.05709900000000001,-0.002928
2024.5065,-0.12063100000000004,-0.05646099999999998,-0.007211000000000002
2024.5092,-0.11802900000000005,-0.057825000000000015,-0.005858000000000002
2024.512,-0.11925400000000003,-0.055833999999999995,-0.004539000000000001
2024.5147,-0.12010300000000002,-0.057450999999999974,0.000785000000000001
2024.5175,-0.11857400000000001,-0.05502299999999999,0.0037509999999999974
2024.5202,-0.11830200000000002,-0.058836,-0.004413
2024.5229,-0.11918300000000004,-0.05646200000000001,5.8000000000002494e-05
2024.5257,-0.11870200000000003,-0.05541800000000002,0.00018399999999999667
2024.5284,-0.11928200000000005,-0.05668899999999999,-0.002023000000000004
2024.5311,-0.12017900000000004,-0.05710500000000002,-0.0036600000000000035
2024.5339,-0.11941700000000005,-0.058284999999999976,-0.0017640000000000017
2024.5366,-0.12003300000000006,-0.057377999999999985,5.7000000000001494e-05
2024.5394,-0.12074500000000005,-0.05593100000000001,-0.0035589999999999997
2024.5421,-0.12064000000000002,-0.05773600000000001,0.0023279999999999967
2024.5448,-0.12027400000000005,-0.058255,0.0046700000000000005
2024.5476,-0.12059000000000003,-0.05753199999999997,0.00030100000000000265
2024.5503,-0.12065200000000004,-0.05592199999999997,-0.0009269999999999973
2024.553,-0.11888000000000004,-0.05689300000000003,-0.007077
2024.5558,-0.11916000000000004,-0.05799399999999999,-9.699999999999986e-05
2024.5585,-0.12017600000000006,-0.057118,-0.002140999999999997
2024.5613,-0.11953800000000003,-0.05893799999999999,0.003701999999999997
2024.564,-0.12102600000000002,-0.05684800000000001,-0.00037800000000000333
2024.5667,-0.12075600000000003,-0.058616999999999975,-0.0035410000000000025
2024.5695,-0.11981600000000003,-0.058643999999999974,-0.0036660000000000026
2024.5722,-0.11970700000000001,-0.05851899999999999,0.0063539999999999985
2024.5749,-0.12057700000000005,-0.058580999999999994,0.0027399999999999994
2024.5777,-0.12062500000000004,-0.059145999999999976,0.003805999999999997
2024.5804,-0.11911400000000005,-0.05724800000000002,-0.0011439999999999992
2024.5832,-0.11961800000000006,-0.05836599999999997,-0.0011820000000000025
2024.5859,-0.11944800000000005,-0.06064800000000001,0.0025610000000000008
2024.5886,-0.12079600000000001,-0.058031,-0.004723999999999999
2024.5914,-0.11876900000000001,-0.056850999999999985,0.004397999999999999
2024.5941,-0.11852900000000005,-0.058197,0.002126000000000003
2024.5969,-0.11856700000000003,-0.05962099999999998,0.004496
2024.5996,-0.11874700000000005,-0.05842700000000001,-0.0025579999999999978
2024.6023,-0.11910600000000005,-0.058055999999999996,0.001466000000000002
2024.6051,-0.11913800000000002,-0.05969200000000002,0.0006289999999999976
2024.6078,-0.11894800000000005,-0.059197,0.0037470000000000003
2024.6105,-0.11984200000000006,-0.05697799999999997,0.000449999999999999
2024.6133,-0.11950400000000005,-0.05866900000000003,0.008464
2024.616,-0.12043500000000001,-0.05996000000000001,0.005276999999999997
2024.6188,-0.12023800000000001,-0.06150800000000001,-0.0024409999999999987
2024.6215,-0.11877100000000002,-0.059433000000000014,-0.002160000000000002
2024.6242,-0.12081400000000003,-0.05968499999999999,0.007415999999999999
2024.627,-0.11881800000000003,-0.05776100000000001,0.007318999999999999
2024.6297,-0.11954300000000001,-0.06018499999999999,0.004740000000000001
2024.6324,-0.11749600000000004,-0.05894699999999997,-0.0015090000000000034
2024.6352,-0.11654700000000001,-0.05915199999999998,0.0026329999999999965
2024.6379,-0.11987000000000003,-0.059292999999999985,0.0035079999999999972
2024.6407,-0.12184600000000001,-0.060304000000000024,0.010157
2024.6434,-0.11995500000000003,-0.06142500000000001,0.002674999999999997
2024.6461,-0.11967200000000006,-0.060485999999999984,0.006872999999999997
2024.6489,-0.11815200000000003,-0.05978099999999997,0.003705
2024.6516,-0.11699200000000004,-0.05839899999999998,0.002582000000000001
2024.6543,-0.12002400000000002,-0.05774699999999999,0.006190000000000001
2024.6571,-0.11915800000000004,-0.05973600000000001,0.0015099999999999975
2024.6598,-0.11756100000000003,-0.05831599999999998,0.001021000000000001
2024.6626,-0.11771700000000002,-0.05896299999999999,0.0017409999999999995
2024.6653,-0.11783500000000002,-0.060653999999999986,0.0052209999999999965
2024.668,-0.11849400000000004,-0.05891999999999997,0.005291999999999998
2024.6708,-0.11916800000000005,-0.05965999999999999,0.004191
2024.6735,-0.11801400000000001,-0.05975199999999997,0.0049919999999999964
2024.6762,-0.11671700000000002,-0.057863,-0.0022889999999999994
2024.679,-0.11919500000000005,-0.058738999999999986,0.002346000000000001
2024.6817,-0.11858100000000005,-0.06173000000000001,0.006777999999999999
2024.6845,-0.11902200000000002,-0.06173100000000001,0.011057999999999998
2024.6872,-0.11821100000000001,-0.059616,0.005157000000000002
2024.6899,-0.11804900000000002,-0.060526000000000024,0.011893
2024.6927,-0.11847200000000002,-0.06018499999999999,0.006371000000000002
2024.6954,-0.11804800000000004,-0.06076300000000001,0.01328
2024.6982,-0.11727300000000002,-0.060334,0.004302
2024.7009,-0.11781500000000006,-0.06090100000000001,0.005129000000000002
2024.7036,-0.11757700000000004,-0.062106999999999996,0.010949
2024.7064,-0.11740400000000001,-0.060958999999999985,0.006536
2024.7091,-0.11688400000000004,-0.061673000000000006,0.007384000000000002
2024.7118,-0.12040200000000001,-0.059018000000000015,-0.0005590000000000039
2024.7146,-0.11899200000000004,-0.060709999999999986,0.010345
2024.7173,-0.11976200000000004,-0.060165000000000024,0.0073659999999999975
2024.7201,-0.11508400000000002,-0.06251699999999999,0.001457
2024.7228,-0.11865500000000001,-0.059958999999999985,0.005194999999999998
2024.7255,-0.11843800000000004,-0.060460000000000014,0.0035239999999999994
2024.7283,-0.11719500000000005,-0.06132299999999999,0.006600000000000002
2024.731,-0.11769700000000005,-0.060661999999999994,0.005629999999999996
2024.7337,-0.11828200000000005,-0.06260099999999999,0.010937999999999996
2024.7365,-0.11859300000000006,-0.060195,0.009535000000000002
2024.7392,-0.11769000000000002,-0.06149199999999999,0.008502999999999997
2024.742,-0.11946200000000001,-0.06052999999999997,0.006831999999999998
2024.7447,-0.11950300000000003,-0.060690999999999995,0.0051099999999999965
2024.7474,-0.11654200000000003,-0.060389000000000026,-0.008841000000000002
2024.7502,-0.11844700000000002,-0.062689,0.0009930000000000008
2024.7529,-0.11848000000000003,-0.061418,0.004614
2024.7556,-0.11583900000000003,-0.060643,0.0014349999999999988
2024.7584,-0.11779300000000004,-0.060585,0.0008809999999999998
2024.7611,-0.11779300000000004,-0.06098200000000001,0.00037600000000000133
2024.7639,-0.11845900000000004,-0.06417800000000001,0.001899999999999999
2024.7666,-0.11832400000000004,-0.06312699999999999,0.004052
2024.7693,-0.11830700000000005,-0.06089,0.0010570000000000024
2024.7721,-0.11726700000000001,-0.05976900000000002,0.004983000000000001
2024.7748,-0.11846700000000004,-0.060674000000000006,-0.0012570000000000012
2024.7775,-0.11911100000000002,-0.06420300000000001,0.008924000000000001
2024.7803,-0.11702600000000002,-0.060836,0.003601
2024.8077,-0.11792100000000005,-0.06128900000000001,-0.0021709999999999993
2024.8104,-0.11952600000000002,-0.06189800000000001,-0.004468
2024.8131,-0.11953300000000006,-0.060893,-0.006559000000000002
2024.8159,-0.11710900000000002,-0.06093299999999999,-0.005972999999999999
2024.8186,-0.11948100000000006,-0.06540299999999999,-0.003986000000000003
2024.8214,-0.11933200000000005,-0.063641,0.007864000000000003
2024.8241,-0.11951700000000004,-0.063389,0.0023289999999999977
2024.8268,-0.12073300000000003,-0.061971,-0.0007139999999999994
2024.8296,-0.11905500000000002,-0.062744,0.0034409999999999996
2024.8323,-0.11890500000000004,-0.06381999999999999,-0.0015090000000000034
2024.835,-0.12015800000000004,-0.064249,-0.0045540000000000025
2024.8378,-0.11882700000000002,-0.06117800000000001,0.0026479999999999976
2024.8405,-0.11901700000000004,-0.05998399999999998,-0.006359999999999998
2024.8433,-0.11784700000000004,-0.06462599999999999,0.00016200000000000242
2024.846,-0.11668600000000001,-0.065996,-0.0036539999999999975
2024.8487,-0.11778500000000003,-0.063663,0.0007939999999999961
2024.8515,-0.11945700000000004,-0.062839,-0.0008579999999999977
2024.8542,-0.11691100000000004,-0.06367300000000001,0.0004689999999999972
2024.8569,-0.11925300000000005,-0.06340199999999999,0.0031839999999999993
2024.8597,-0.11770100000000006,-0.063753,0.006439
2024.8624,-0.11687500000000006,-0.06797800000000001,0.0014390000000000028
2024.8652,-0.11605500000000002,-0.065333,-0.0008169999999999983
2024.8679,-0.11809600000000003,-0.06634799999999999,0.0022199999999999998
2024.8706,-0.11884100000000003,-0.06612399999999999,0.0024059999999999984
2024.8734,-0.11954000000000004,-0.06395999999999999,-0.000678999999999999
2024.8761,-0.11985300000000004,-0.06409599999999999,-0.00015300000000000036
2024.8789,-0.11857600000000001,-0.06464,0.0033419999999999978
2024.8816,-0.11977500000000002,-0.065476,0.0017080000000000012
2024.8843,-0.11744500000000002,-0.065463,-0.0017450000000000035
2024.8871,-0.11710600000000004,-0.067546,0.006737
2024.8898,-0.11719000000000002,-0.06603,-0.00033400000000000096
2024.8925,-0.11824900000000005,-0.06663,0.004471000000000003
2024.8953,-0.11678300000000003,-0.06300700000000001,0.0005809999999999982
2024.898,-0.11732300000000001,-0.06839200000000001,0.0029669999999999974
2024.9008,-0.11793100000000001,-0.06489600000000001,0.001804
2024.9035,-0.11719400000000002,-0.06320500000000001,0.00031599999999999684
2024.9062,-0.11691500000000005,-0.06232499999999999,0.0008410000000000015
2024.909,-0.11557700000000004,-0.06312000000000001,-0.002938000000000003
2024.9117,-0.11561300000000002,-0.06218199999999999,-0.003715000000000003
2024.9144,-0.11680400000000002,-0.06453,-0.006255000000000004
2024.9172,-0.11732600000000004,-0.06473100000000001,-0.005083999999999998
2024.9199,-0.11594700000000002,-0.06459000000000001,0.0002909999999999996
2024.9227,-0.11594700000000002,-0.064193,0.0016639999999999988
2024.9254,-0.11511200000000005,-0.063498,-0.003162999999999999
2024.9281,-0.11668700000000004,-0.061978000000000005,-0.0041110000000000035
2024.9309,-0.11623600000000006,-0.06189800000000001,0.0002030000000000018
2024.9336,-0.11845700000000003,-0.06331600000000001,-0.0046619999999999995
2024.9363,-0.11725400000000002,-0.065556,-0.0011009999999999978
2024.9391,-0.11659500000000006,-0.06276899999999999,-0.0005830000000000002
2024.9418,-0.11345500000000003,-0.059585,-0.010276
2024.9446,-0.11761200000000005,-0.06373999999999999,-0.002047
2024.9473,-0.11858400000000002,-0.06178800000000001,0.0004129999999999967
2024.95,-0.11671300000000001,-0.064698,0.0002129999999999979
2024.9528,-0.11825200000000002,-0.06404499999999999,0.009473999999999996
2024.9555,-0.11886700000000006,-0.06384999999999999,-0.005986999999999999
2024.9582,-0.11600600000000005,-0.06418599999999999,-0.0019720000000000015
2024.961,-0.11743800000000004,-0.06374099999999999,-0.006644999999999998
2024.9637,-0.11796700000000004,-0.067024,-0.007297999999999999
2024.9665,-0.11829000000000006,-0.063694,-0.008666
2024.9692,-0.11581000000000002,-0.065409,-0.0021120000000000028
2024.9719,-0.11779000000000006,-0.065386,-0.008572
2024.9747,-0.11721000000000004,-0.065254,0.001676999999999998
2024.9774,-0.11704000000000003,-0.063973,-0.003164
2024.9802,-0.11708200000000002,-0.06503500000000001,-0.0004330000000000028
2024.9829,-0.11849100000000001,-0.066392,0.0056799999999999976
2024.9856,-0.11880800000000002,-0.063495,0.00018800000000000067
2024.9884,-0.12005200000000005,-0.063913,0.0028929999999999997
2024.9911,-0.11716400000000005,-0.06672600000000001,-0.009358000000000002
2024.9938,-0.11852900000000005,-0.062997,0.00017600000000000254
2024.9966,-0.11812900000000004,-0.065609,0.0010939999999999978
2024.9993,-0.11834600000000006,-0.063163,-0.0057900000000000035
2025.0021,-0.11946800000000002,-0.06546099999999999,-0.004574000000000002
2025.0048,-0.11627000000000004,-0.06345899999999999,-0.004794
2025.0075,-0.11579200000000006,-0.06204299999999999,-0.006921999999999998
2025.0103,-0.11698700000000001,-0.063949,-0.0034280000000000005
2025.013,-0.11825900000000006,-0.063339,-0.005214999999999997
2025.0157,-0.11684000000000005,-0.06079399999999999,-0.00843
2025.0185,-0.11464800000000003,-0.06076799999999999,-0.011798
2025.0212,-0.11624700000000004,-0.063886,-0.011967000000000002
2025.024,-0.11577400000000004,-0.060290999999999983,-0.017587000000000002
2025.0267,-0.11812800000000001,-0.063495,-0.006319999999999999
2025.0294,-0.11755600000000005,-0.062716,-0.0019959999999999978
2025.0322,-0.11843900000000002,-0.06101400000000001,-0.002805000000000002
2025.0349,-0.11647400000000002,-0.06199099999999999,-0.007967000000000002
2025.0376,-0.11743500000000001,-0.06223200000000001,-0.008927000000000001
2025.0404,-0.11690700000000004,-0.06496199999999999,-0.009868000000000002
2025.0431,-0.11813400000000002,-0.062386,-0.0030620000000000022
2025.0459,-0.11843800000000004,-0.063523,-0.006864000000000002
2025.0486,-0.11592500000000006,-0.059834,-0.006387000000000004
2025.0513,-0.11677600000000005,-0.06227099999999999,-0.008795
2025.0541,-0.11697800000000003,-0.060921,-0.013851000000000002
2025.0568,-0.11763100000000004,-0.064661,-0.004097000000000003
2025.0595,-0.11807500000000004,-0.06334200000000001,-0.00884
2025.0623,-0.11836100000000005,-0.06301599999999999,-0.007297999999999999
2025.065,-0.12162400000000001,-0.064088,-0.003054000000000001
2025.0678,-0.12107000000000001,-0.06209200000000001,2.6999999999999247e-05
2025.0705,-0.11823400000000006,-0.062882,-0.00041100000000000164
2025.0732,-0.12009300000000006,-0.064499,-0.0023000000000000034
2025.076,-0.12134300000000003,-0.06684699999999999,-0.0016719999999999999
2025.0787,-0.12095300000000003,-0.06645499999999999,-0.0002580000000000013
2025.0815,-0.12050200000000005,-0.06581200000000001,0.0056819999999999996
2025.0842,-0.12058000000000002,-0.067778,-0.004139000000000004
2025.0869,-0.12335500000000005,-0.06659999999999999,0.007286000000000001
2025.0897,-0.12371700000000002,-0.06650500000000001,0.003278999999999997
2025.0924,-0.12216300000000002,-0.06862499999999999,-0.0019390000000000032
2025.0951,-0.12160100000000001,-0.064975,-0.0012500000000000011
2025.0979,-0.12380000000000002,-0.066779,-0.0023250000000000007
2025.1006,-0.12092800000000004,-0.06664300000000001,-0.0013169999999999987
2025.1034,-0.12053200000000003,-0.06564400000000001,0.0011470000000000022
2025.1061,-0.12070000000000003,-0.066934,-0.0037830000000000016
2025.1088,-0.11968100000000004,-0.064998,-0.0036759999999999987
2025.1116,-0.11949300000000002,-0.066752,-0.0008509999999999976
2025.117,-0.11803200000000003,-0.063811,-0.004136000000000001
2025.1198,-0.12126000000000003,-0.062449000000000005,0.0037519999999999984
2025.1225,-0.12174000000000001,-0.06586900000000001,0.003726
2025.1253,-0.12126700000000001,-0.06487200000000001,-0.004680000000000004
2025.128,-0.12117300000000003,-0.06722900000000001,-0.004763000000000003
2025.1307,-0.12090600000000001,-0.065697,-0.005889999999999999
2025.1335,-0.11948400000000003,-0.06523799999999999,-0.004062000000000003
2025.1362,-0.11949900000000002,-0.06736,-0.005940000000000001
2025.1389,-0.12086300000000005,-0.06603899999999999,-0.00016700000000000048
2025.1417,-0.12025600000000003,-0.063469,-0.005815000000000001
2025.1444,-0.12031900000000001,-0.06839100000000001,-0.0007740000000000039
2025.1472,-0.12089700000000003,-0.06892799999999999,0.004050999999999999
2025.1499,-0.12060400000000004,-0.06778100000000001,0.0009959999999999969
2025.1526,-0.11936400000000003,-0.067161,-0.002465000000000002
2025.1554,-0.11967300000000003,-0.06520000000000001,-0.007373999999999999
2025.1581,-0.12071600000000005,-0.06706100000000001,-0.005046000000000002
2025.1608,-0.12019100000000005,-0.06583,-0.007335000000000001
2025.1636,-0.11979400000000001,-0.066774,0.00044299999999999895
2025.1663,-0.12241600000000002,-0.06848699999999999,-0.0009989999999999999
2025.1691,-0.12239400000000006,-0.06697800000000001,-0.0019549999999999984
2025.1718,-0.12195400000000006,-0.067053,-0.0011040000000000008
2025.1745,-0.12203700000000006,-0.06644,-0.007077
2025.1773,-0.12132800000000005,-0.067907,-0.002682999999999998
2025.18,-0.12147100000000005,-0.06733900000000001,-0.003585999999999999
2025.1828,-0.12118600000000002,-0.066001,-0.003159000000000002
2025.1855,-0.12141000000000002,-0.06844,-0.0040979999999999975
2025.1882,-0.12253300000000006,-0.06583800000000001,-0.00048100000000000226
2025.191,-0.12225700000000006,-0.06609100000000001,-0.0018099999999999991
2025.1937,-0.12257300000000004,-0.06939899999999999,0.006995000000000001
2025.1964,-0.12347500000000006,-0.06739500000000001,0.009459000000000002
2025.1992,-0.12425200000000003,-0.06545100000000001,0.0048909999999999995
2025.2019,-0.12422600000000006,-0.06645000000000001,-0.0037809999999999996
2025.2047,-0.12313000000000002,-0.065495,0.0010539999999999994
2025.2074,-0.12152500000000005,-0.064825,-0.000904000000000002
2025.2101,-0.12173800000000001,-0.065472,-0.002036999999999997
2025.2129,-0.12194100000000002,-0.06756499999999999,-0.009697
2025.2156,-0.12225300000000006,-0.06749,-0.0070269999999999985
2025.2183,-0.12212600000000001,-0.066462,-0.003245999999999999
2025.2211,-0.12220400000000003,-0.06693099999999999,-0.0014370000000000008
2025.2238,-0.12184500000000004,-0.065476,-0.011485000000000002
2025.2266,-0.12211000000000005,-0.06514800000000001,-0.008045000000000004
2025.2293,-0.12203600000000003,-0.065225,-0.010204999999999999
2025.232,-0.12168600000000002,-0.06422900000000001,-0.014342
2025.2348,-0.12286700000000006,-0.067529,-0.008016000000000002
2025.2375,-0.12332200000000004,-0.06692000000000001,-0.0023210000000000036
2025.2402,-0.12295500000000004,-0.06409300000000001,-0.0038769999999999985
2025.243,-0.12342500000000006,-0.06312399999999999,-0.008698000000000001
2025.2457,-0.12383300000000003,-0.066323,-0.006095000000000003
2025.2485,-0.12387000000000004,-0.064888,-0.004506999999999997
2025.2512,-0.12409600000000004,-0.06470300000000001,-0.007064000000000001
2025.2539,-0.12426800000000005,-0.06571099999999999,-0.009973
2025.2567,-0.12257700000000005,-0.06353600000000001,-0.012310999999999999
2025.2594,-0.12298200000000004,-0.06428,-0.014602
2025.2621,-0.12237500000000001,-0.06570200000000001,-0.005651999999999997
2025.2649,-0.12280700000000006,-0.06561600000000001,-0.012183
2025.2676,-0.12502000000000002,-0.06689999999999999,-0.010027000000000001
2025.2704,-0.12377000000000005,-0.06398000000000001,-0.011165000000000001
2025.2731,-0.12350200000000006,-0.06464,-0.020161000000000002
2025.2758,-0.12244900000000003,-0.06426100000000001,-0.012874
2025.2786,-0.12410300000000002,-0.06217,-0.012246
2025.2813,-0.12278800000000001,-0.06290799999999999,-0.018062
2025.2841,-0.12324200000000002,-0.06170600000000001,-0.012428999999999999
2025.2868,-0.12355900000000003,-0.063409,-0.016331000000000002
2025.2895,-0.12453200000000003,-0.06420500000000001,-0.008669
2025.2923,-0.12269600000000003,-0.06306600000000001,-0.006866999999999998
2025.295,-0.12462600000000001,-0.062688,-0.012394000000000002
2025.2977,-0.12305300000000002,-0.061917,-0.009881000000000001
2025.3005,-0.12355200000000005,-0.06239600000000001,-0.012938000000000002
2025.3032,-0.12514400000000003,-0.06415399999999999,-0.006634000000000001
2025.306,-0.12417800000000001,-0.063521,-0.0037980000000000028
2025.3087,-0.12348700000000001,-0.06384599999999999,-0.006401999999999998
2025.3114,-0.12354100000000001,-0.063473,-0.009291
2025.3142,-0.12457900000000005,-0.063105,-0.007178000000000004
2025.3169,-0.12468300000000004,-0.06439700000000001,-0.002118000000000002
2025.3498,-0.12608400000000003,-0.06314,-0.007124999999999999
2025.3525,-0.12584100000000004,-0.063611,-0.008829
2025.3552,-0.12483500000000003,-0.06387699999999999,-0.003616000000000001
2025.358,-0.12571900000000003,-0.06385099999999999,-0.006380999999999998
2025.3607,-0.12724400000000002,-0.062641,-0.007620000000000002
2025.3634,-0.12709400000000004,-0.062752,-0.011411000000000001
2025.3662,-0.12590100000000004,-0.062805,-0.004208000000000003
2025.3689,-0.12561000000000005,-0.06442500000000001,-0.005804999999999998
2025.3717,-0.12696000000000002,-0.06429699999999999,-0.009352
2025.3744,-0.125346,-0.061556,-0.008232000000000003
2025.3771,-0.12635600000000002,-0.06228800000000001,-0.007681
2025.3799,-0.12605900000000003,-0.06223400000000001,-0.007181
2025.3826,-0.12746300000000005,-0.06367999999999999,-0.015370000000000002
2025.3854,-0.12539500000000003,-0.06289900000000001,-0.009669
2025.3881,-0.12505800000000006,-0.062022999999999995,-0.008990000000000001
2025.3908,-0.12584700000000004,-0.06226699999999999,-0.0061179999999999984
2025.3936,-0.12649800000000005,-0.06378800000000001,-0.013955000000000002
2025.3963,-0.12535100000000005,-0.06313099999999999,-0.007011000000000003
2025.399,-0.12486600000000003,-0.06300800000000001,-0.014388000000000001
2025.4018,-0.12457600000000002,-0.062139,-0.01049
2025.4045,-0.12372100000000003,-0.06309899999999999,-0.006179999999999998
2025.4073,-0.12527700000000003,-0.062412999999999996,0.002919999999999999
2025.41,-0.12388700000000002,-0.06406799999999999,-0.004861999999999998
2025.4127,-0.12399500000000002,-0.06275900000000001,-0.012827999999999999
2025.4155,-0.12465400000000004,-0.061884999999999996,-0.006296999999999997
2025.4182,-0.12458900000000006,-0.061668,-0.008163999999999998
2025.4209,-0.12363800000000003,-0.061639,-0.012095000000000002
2025.4237,-0.12431400000000004,-0.064166,-0.004798000000000004
2025.4264,-0.12400900000000004,-0.06370799999999999,-0.003138000000000002
2025.4292,-0.12336500000000006,-0.062965,-0.007144999999999999
2025.4319,-0.12439700000000004,-0.06256500000000001,-0.009516
2025.4346,-0.12307800000000002,-0.063021,-0.006711000000000002
2025.4374,-0.12447700000000006,-0.062363,-0.003041000000000002
2025.4401,-0.12244100000000002,-0.06389500000000001,-0.0007240000000000024
2025.4428,-0.12287900000000002,-0.06193599999999999,-0.0063490000000000005
2025.4456,-0.125566,-0.06176100000000001,-0.0035610000000000017
2025.4483,-0.12349300000000002,-0.062114,-0.001355000000000002
2025.4511,-0.12411100000000003,-0.06137799999999999,-0.0055650000000000005
2025.4538,-0.12281000000000003,-0.06370999999999999,-0.0015920000000000031
2025.4565,-0.12399100000000002,-0.062923,-0.0021730000000000013
2025.4593,-0.12398600000000004,-0.062528,-0.0020649999999999974
2025.462,-0.12463900000000006,-0.062993,-0.0011970000000000036
2025.4648,-0.12480200000000002,-0.061281,-0.0023940000000000003
2025.4675,-0.12615700000000002,-0.06032900000000002,0.0030659999999999993
2025.4702,-0.12582200000000004,-0.062812,-0.0004559999999999981
2025.473,-0.12470000000000003,-0.062419,-0.008178999999999999
2025.4757,-0.12489600000000006,-0.062531,-0.0030019999999999977
2025.4784,-0.12531100000000006,-0.06225900000000001,-0.007288000000000003
2025.4812,-0.12396200000000002,-0.060194000000000025,-0.005956000000000003
2025.4839,-0.12397500000000006,-0.06242800000000001,0.002119999999999997
2025.4867,-0.12453400000000003,-0.060725,-0.006495000000000001
2025.4894,-0.12471100000000002,-0.06125900000000001,-0.003051999999999999
2025.4921,-0.12454600000000005,-0.06189700000000001,-0.0031120000000000037
2025.4949,-0.12438100000000002,-0.061755000000000004,-0.0027290000000000023
2025.4976,-0.12470600000000004,-0.061281,-0.004725
2025.5003,-0.12391400000000002,-0.061365,-0.0016130000000000033
2025.5031,-0.12547300000000006,-0.06081800000000001,0.0013939999999999994
2025.5058,-0.12542600000000004,-0.06307099999999999,0.0011989999999999987
2025.5086,-0.12441500000000005,-0.062689,-0.005865000000000002
2025.5113,-0.12449100000000002,-0.061607999999999996,-0.0029490000000000002
2025.514,-0.12448200000000004,-0.06250800000000001,0.0031110000000000027
2025.5168,-0.12487500000000001,-0.06109999999999999,-0.008413
2025.5195,-0.12427500000000002,-0.06223699999999999,0.0003579999999999972
2025.5222,-0.12700300000000003,-0.06114,-0.0031180000000000027
2025.525,-0.12677800000000006,-0.063804,-0.006532999999999997
2025.5277,-0.12606000000000006,-0.06285199999999999,0.005481
2025.5305,-0.12450900000000004,-0.060867000000000004,-0.0024360000000000007
2025.5332,-0.12400700000000003,-0.059804000000000024,-0.005386000000000002
2025.5359,-0.12464200000000003,-0.06112100000000001,-0.0005729999999999971
2025.5387,-0.12471800000000005,-0.05926199999999998,-0.006304999999999998
2025.5414,-0.12538900000000003,-0.06195700000000001,-0.0018099999999999991
2025.5441,-0.12386200000000003,-0.06134999999999999,-0.004361000000000004
2025.5469,-0.12455600000000006,-0.06242900000000001,0.001126999999999996
2025.5496,-0.12712600000000002,-0.060296000000000016,-0.0010720000000000035
2025.5524,-0.126205,-0.059452000000000005,-0.00026199999999999835
2025.5551,-0.12639200000000006,-0.06087300000000001,0.0019739999999999966
2025.5578,-0.12691800000000003,-0.06240000000000001,0.0004930000000000004
2025.5606,-0.12695900000000004,-0.06295600000000001,0.0007580000000000017
2025.5633,-0.12583800000000006,-0.06139800000000001,0.0039980000000000016
2025.5661,-0.12739000000000006,-0.060589000000000004,0.007635000000000003
2025.5688,-0.126479,-0.061364,0.0014979999999999993
2025.5715,-0.12584500000000004,-0.060921,0.0005070000000000005
2025.5743,-0.127205,-0.061135999999999996,-0.0011600000000000013
2025.577,-0.127035,-0.06126799999999999,0.004189999999999999
2025.5797,-0.12669400000000003,-0.06279599999999999,0.0060139999999999985
2025.5825,-0.125425,-0.060974,0.0035149999999999973
2025.5852,-0.12606300000000004,-0.05969000000000002,-0.001232000000000004
2025.588,-0.12723900000000005,-0.06103,0.0031759999999999983
2025.5907,-0.12729900000000005,-0.060721,0.0033359999999999987
2025.5934,-0.12610400000000005,-0.061828999999999995,0.0018950000000000009
2025.5962,-0.12701900000000005,-0.061661999999999995,0.008543000000000002
2025.5989,-0.12690500000000005,-0.060004999999999975,0.003831000000000001
2025.6016,-0.12542200000000003,-0.06186900000000001,0.005857000000000001
2025.6044,-0.125539,-0.062467999999999996,0.0047810000000000005
2025.6071,-0.12542200000000003,-0.06237899999999999,0.0045569999999999986
2025.6099,-0.12782400000000005,-0.06236900000000001,0.010752999999999999
2025.6126,-0.12746000000000002,-0.05996000000000001,0.007207999999999999
2025.6153,-0.12867700000000004,-0.062499,0.012299999999999998
2025.6181,-0.127562,-0.060783000000000004,0.0037449999999999983
2025.6208,-0.12667300000000004,-0.061781,0.007953000000000002
2025.6235,-0.12737300000000001,-0.060773999999999995,0.003393
2025.6263,-0.12780900000000006,-0.062772,0.004737999999999999
2025.629,-0.12515800000000005,-0.06231700000000001,0.007454000000000002
2025.6318,-0.12838100000000002,-0.061029,0.005713000000000003
2025.6345,-0.12611100000000003,-0.06212999999999999,-0.0016740000000000019
2025.6372,-0.12540400000000002,-0.063055,0.0015579999999999969
2025.64,-0.12622600000000006,-0.06420300000000001,0.004511000000000001
2025.6427,-0.12746400000000002,-0.06323400000000001,0.00017500000000000154
2025.6454,-0.12599600000000005,-0.06523399999999999,0.0019300000000000012
2025.6482,-0.12662300000000004,-0.06470599999999999,0.007611
2025.6509,-0.12877400000000006,-0.06204599999999999,0.0005690000000000001
2025.6537,-0.12800900000000004,-0.06523499999999999,0.0051129999999999995
2025.6564,-0.12644900000000003,-0.06620799999999999,0.010675999999999998
2025.6591,-0.12778300000000004,-0.06503700000000001,0.003978999999999996
2025.6619,-0.12617100000000003,-0.06378500000000001,0.0075
2025.6646,-0.12519200000000003,-0.06425700000000001,0.009638
2025.6674,-0.12688100000000002,-0.062561,-0.0006029999999999994
2025.6701,-0.12563500000000005,-0.06267400000000001,0.008709000000000001
2025.6728,-0.12585900000000005,-0.06399099999999999,0.009521000000000002
2025.6756,-0.12611400000000006,-0.06167,0.006794000000000001
2025.6783,-0.12546600000000002,-0.063773,0.009085000000000003
2025.681,-0.12657400000000002,-0.06426399999999999,0.012401000000000002
2025.6838,-0.12525100000000006,-0.06436800000000001,0.007123999999999998
2025.6865,-0.127234,-0.06483,0.008111
2025.6893,-0.126118,-0.06456200000000001,0.009685
2025.692,-0.12624200000000002,-0.06307199999999999,0.012781
2025.6947,-0.12579400000000002,-0.06561,0.010820999999999997
2025.6975,-0.12618700000000005,-0.06547700000000001,0.011659999999999997
2025.7002,-0.12818300000000005,-0.065158,0.010437000000000002
2025.7029,-0.125981,-0.064521,0.011008999999999998
2025.7057,-0.12627200000000005,-0.061701000000000006,0.0015459999999999988
2025.7084,-0.12452300000000005,-0.061340000000000006,0.007046999999999998
2025.7112,-0.12690600000000002,-0.065439,0.008530999999999997
2025.7139,-0.126535,-0.063663,0.0003929999999999975
2025.7166,-0.127456,-0.06223000000000001,0.005417999999999999
2025.7194,-0.12600400000000006,-0.06201999999999999,0.009857999999999999
2025.7221,-0.12691400000000003,-0.066158,0.008369000000000001
2025.7248,-0.12637800000000005,-0.064079,0.004276999999999996
2025.7276,-0.12682700000000002,-0.06376899999999999,0.007501000000000001
2025.7303,-0.1274,-0.065836,0.008670999999999998
2025.7331,-0.12819800000000003,-0.064437,0.007623999999999999
2025.7358,-0.12691000000000002,-0.066609,0.010098000000000003
2025.7385,-0.12676300000000001,-0.064885,0.010877999999999999
2025.7413,-0.126786,-0.06528,0.006371000000000002
2025.744,-0.12610300000000002,-0.066752,0.012648
2025.7467,-0.12575600000000003,-0.07181000000000001,0.014743
2025.7495,-0.12601400000000001,-0.06686600000000001,-0.0046710000000000015
2025.7522,-0.12606700000000004,-0.06634599999999999,0.0009079999999999991
2025.755,-0.12643300000000002,-0.065241,0.006291999999999999
2025.7577,-0.126456,-0.066641,0.006663000000000002
2025.7604,-0.12535000000000002,-0.065386,-0.004305999999999997
2025.7632,-0.126452,-0.065725,0.007080999999999997
2025.7659,-0.126039,-0.063889,0.0026689999999999978
2025.7687,-0.12652500000000005,-0.067244,0.01088
2025.7714,-0.12463000000000002,-0.06809899999999999,0.005138999999999998
2025.7741,-0.126622,-0.06797500000000001,0.012614
2025.7769,-0.12532900000000002,-0.066806,0.007872999999999998
2025.7796,-0.12843500000000002,-0.06356600000000001,0.012745
2025.7823,-0.12583200000000005,-0.06439500000000001,0.0030740000000000003
2025.7851,-0.12655900000000003,-0.06523000000000001,0.009155999999999997
2025.7878,-0.12554800000000005,-0.06695200000000001,0.007668000000000001
2025.7906,-0.125508,-0.066498,0.006075999999999998
2025.7933,-0.12529900000000005,-0.067471,0.005506999999999998
2025.796,-0.12518100000000004,-0.06698100000000001,0.007422999999999999
2025.7988,-0.12763700000000006,-0.06767200000000001,-0.002348000000000003
2025.8015,-0.12675500000000006,-0.067359,0.0035219999999999974
2025.8042,-0.12568700000000005,-0.068362,0.003917999999999998
2025.807,-0.12455000000000005,-0.06697800000000001,0.010120999999999998
2025.8097,-0.126508,-0.06703,0.014392000000000002
2025.8125,-0.125066,-0.070631,0.012091999999999999
2025.8152,-0.12569800000000003,-0.071657,0.010472000000000002
2025.8179,-0.12537900000000002,-0.071886,0.011000999999999997
2025.8207,-0.12516900000000003,-0.06903100000000001,0.003354999999999997
2025.8234,-0.12546100000000004,-0.06717500000000001,0.0031780000000000003
2025.8261,-0.12193200000000004,-0.071776,0.0031160000000000007
2025.8289,-0.12378800000000001,-0.06620499999999999,-0.0018890000000000018
2025.8316,-0.12392900000000001,-0.06762199999999999,0.0038699999999999984
2025.8344,-0.12431500000000001,-0.07126099999999999,0.0025359999999999966
2025.8371,-0.12610800000000005,-0.069745,0.006551000000000001
2025.8398,-0.12589900000000004,-0.06493199999999999,0.011263000000000002
2025.8426,-0.12582800000000005,-0.067656,0.0041020000000000015
2025.8453,-0.12321000000000004,-0.074132,0.008065999999999997
2025.848,-0.12458500000000006,-0.07275399999999999,-0.0010640000000000024
2025.8508,-0.12576200000000004,-0.06970299999999999,0.006432
2025.8535,-0.12290100000000004,-0.06620400000000001,0.0017259999999999984
2025.8563,-0.12319300000000005,-0.06751399999999999,0.005173999999999998
2025.859,-0.12430900000000006,-0.06892400000000001,0.0022189999999999988
2025.8617,-0.12611700000000003,-0.06880800000000001,0.0013859999999999983
2025.8645,-0.12610400000000005,-0.07239999999999999,0.008052999999999998
2025.8672,-0.12509800000000004,-0.069971,0.006781000000000002
2025.87,-0.12677400000000005,-0.07065099999999999,0.009107999999999998
2025.8727,-0.12597200000000003,-0.06936300000000001,0.0025499999999999967
2025.8754,-0.12780800000000003,-0.068828,0.010678
2025.8782,-0.127205,-0.069269,0.007035
2025.8809,-0.12526800000000005,-0.069076,0.0023040000000000005
2025.8836,-0.12649000000000005,-0.06800300000000001,0.005871000000000001
2025.8864,-0.12671400000000005,-0.069931,0.006545000000000002
2025.8891,-0.12722000000000006,-0.070488,0.005599
2025.8919,-0.12774800000000003,-0.07117899999999999,0.0018799999999999997
2025.8946,-0.12679500000000005,-0.06856699999999999,0.0018359999999999974
2025.8973,-0.12601500000000004,-0.069491,-0.0002600000000000033
2025.9001,-0.126201,-0.06906799999999999,-0.004923999999999998
2025.9028,-0.12535400000000002,-0.0673,0.0031759999999999983
2025.9055,-0.12586400000000003,-0.070357,-0.0017049999999999982
2025.9083,-0.12590300000000004,-0.068361,-0.0010630000000000014
2025.911,-0.12428600000000001,-0.068135,0.002230999999999997
2025.9138,-0.12452700000000005,-0.06736,-0.0002160000000000009
2025.9165,-0.12455100000000002,-0.06786999999999999,0.0014370000000000008
2025.9192,-0.12537700000000002,-0.068028,0.0035589999999999997
2025.922,-0.12717900000000004,-0.06953799999999999,0.0010599999999999984
2025.9247,-0.12568100000000004,-0.06769800000000001,-0.0011400000000000021
2025.9274,-0.12527300000000002,-0.068221,0.002487999999999997
2025.9302,-0.12765900000000002,-0.070137,-5.2999999999997494e-05
2025.9329,-0.12462200000000001,-0.069049,0.006298999999999999
2025.9357,-0.12562,-0.069771,0.0007790000000000019
2025.9384,-0.12672900000000004,-0.06847800000000001,-0.006393000000000003
2025.9411,-0.12914100000000006,-0.06947400000000001,0.002798000000000002
2025.9439,-0.12737500000000002,-0.06694,-0.0012570000000000012
2025.9466,-0.126346,-0.06834399999999999,-0.0003999999999999976
2025.9493,-0.12531400000000004,-0.06894600000000001,0.0005080000000000015
2025.9521,-0.12449400000000005,-0.06875300000000001,0.0017739999999999978
2025.9548,-0.12461700000000003,-0.071965,0.006938
2025.9576,-0.12771900000000003,-0.069682,0.007054999999999999
2025.9603,-0.12713200000000002,-0.06986300000000001,6.599999999999662e-05
2025.963,-0.12649700000000003,-0.06773199999999999,0.0021940000000000015
2025.9658,-0.12655900000000003,-0.06811400000000001,0.0042179999999999995
2025.9822,-0.11865100000000006,-0.064658,-0.017198
2025.9904,-0.12319200000000002,-0.06619900000000001,-0.006885000000000002
2025.9932,-0.12241200000000002,-0.065918,-0.005048000000000004
2025.9959,-0.12270300000000006,-0.065392,-0.0047830000000000025
2025.9986,-0.12619300000000006,-0.066437,-0.0006509999999999988
2026.0014,-0.127645,-0.06661700000000001,-0.0008169999999999983
2026.0041,-0.125618,-0.068442,0.005471999999999998
2026.0068,-0.12634100000000004,-0.07166800000000001,0.0006110000000000004
2026.0096,-0.12705800000000006,-0.07153000000000001,0.008596
2026.0123,-0.12693600000000005,-0.07066700000000001,0.007383000000000001
2026.0151,-0.12756300000000004,-0.06984199999999999,-0.0001270000000000021
2026.0178,-0.12836800000000004,-0.0703,0.0018960000000000019
2026.0205,-0.128867,-0.070383,0.004094
2026.0233,-0.12560000000000004,-0.06908600000000001,-0.0015360000000000026
2026.026,-0.12570400000000004,-0.06925400000000001,-0.006374999999999999
2026.0287,-0.12541100000000005,-0.067601,9.900000000000186e-05
2026.0315,-0.12739900000000004,-0.06779299999999999,-0.006517000000000002
2026.0342,-0.12735800000000003,-0.06695300000000001,-0.004479000000000004
2026.037,-0.12530200000000002,-0.06925700000000001,0.00022499999999999604
2026.0397,-0.12720400000000004,-0.06501799999999999,-0.0066970000000000016
2026.0424,-0.127757,-0.06375800000000001,-0.004394000000000002
2026.0452,-0.12639100000000003,-0.065158,-0.0033289999999999986
2026.0479,-0.12654200000000004,-0.06656999999999999,0.0006299999999999986
2026.0507,-0.126205,-0.064604,-0.006423999999999999
2026.0534,-0.12762,-0.067883,0.001126999999999996
2026.0561,-0.12777500000000003,-0.06848699999999999,0.0039000000000000007
2026.0589,-0.126091,-0.06648000000000001,0.0033180000000000015
2026.0616,-0.12751300000000004,-0.06487399999999999,0.0021889999999999965
2026.0643,-0.12346500000000005,-0.06443499999999999,-0.0002349999999999991
2026.0671,-0.12680900000000006,-0.06925400000000001,0.006545999999999996
2026.0698,-0.12655300000000003,-0.068805,0.003842999999999999
2026.0726,-0.12419300000000005,-0.06803999999999999,-0.0006870000000000001
2026.0753,-0.12623900000000005,-0.070185,-0.0007590000000000027
2026.078,-0.12439700000000004,-0.07000999999999999,-0.003722999999999997
2026.0808,-0.12464600000000003,-0.06977,-0.004358000000000001
2026.0835,-0.12645100000000004,-0.06681799999999999,-0.0017529999999999976
2026.0862,-0.12824400000000002,-0.06958700000000001,0.0010249999999999981
2026.089,-0.12740100000000004,-0.06798399999999999,0.0010020000000000029
2026.0917,-0.12605100000000002,-0.06854199999999999,-0.008570000000000001
2026.0945,-0.126423,-0.068242,-0.0015910000000000021
2026.0972,-0.12698700000000002,-0.06690099999999999,-0.007331999999999998
2026.0999,-0.12692100000000006,-0.06723799999999999,-0.004014000000000004
2026.1027,-0.12691400000000003,-0.071248,0.004726000000000001
2026.1054,-0.128757,-0.06604399999999999,-0.006149000000000002
2026.1081,-0.12616800000000006,-0.068434,-0.0037719999999999976
2026.1109,-0.12654000000000004,-0.06764700000000001,-0.0052350000000000035
2026.1136,-0.12601700000000005,-0.067162,-0.007212000000000003
2026.1164,-0.12605900000000003,-0.06909099999999999,-0.006381999999999999
2026.1191,-0.127479,-0.06753,-0.0038639999999999994
2026.1218,-0.12916300000000003,-0.06961899999999999,0.002460999999999998
2026.1246,-0.12728500000000004,-0.06856100000000001,0.0035589999999999997
2026.1273,-0.12854500000000002,-0.067382,0.0035400000000000015
2026.13,-0.12981000000000004,-0.069995,0.012936999999999997
2026.1328,-0.12863000000000002,-0.06987499999999999,0.008479
2026.1355,-0.13018000000000002,-0.067657,-0.0007129999999999984
2026.1383,-0.12777800000000006,-0.067128,0.0022080000000000016
2026.141,-0.12807500000000005,-0.07044700000000001,0.0028769999999999976
2026.1437,-0.12353700000000001,-0.072662,0.0008099999999999982
2026.1465,-0.12921100000000002,-0.070105,0.0001810000000000006
2026.1492,-0.13079300000000005,-0.06935,0.0011390000000000011
2026.152,-0.12853100000000006,-0.06889300000000001,-0.0026279999999999984
2026.1547,-0.12760100000000002,-0.07148399999999999,-0.005868999999999999
2026.1574,-0.12725000000000003,-0.07028100000000001,-0.0061280000000000015
2026.1602,-0.12760800000000005,-0.068555,-0.0065800000000000025
2026.1629,-0.12757100000000005,-0.068184,0.001131
2026.1656,-0.12878500000000004,-0.06714500000000001,0.0003789999999999974
2026.1684,-0.12816500000000003,-0.06805,0.002232999999999999
2026.1711,-0.12836600000000004,-0.06820000000000001,-0.005512000000000003
2026.1739,-0.13021400000000005,-0.06908900000000001,0.004678000000000002
2026.1766,-0.13026100000000002,-0.069633,-0.0029539999999999983
2026.1793,-0.13034300000000004,-0.070217,0.003571999999999999
2026.1821,-0.12924700000000006,-0.06989100000000001,-0.003596000000000002
2026.1848,-0.12888000000000005,-0.069522,-0.000448999999999998
2026.1875,-0.12802300000000005,-0.06817599999999999,-0.0074789999999999995
2026.1903,-0.12825600000000004,-0.069636,-0.006713999999999998
2026.193,-0.12839100000000003,-0.06684899999999999,-0.006538000000000002
2026.1958,-0.12880600000000003,-0.06865299999999999,-0.0006639999999999979
2026.1985,-0.12994100000000003,-0.06656699999999999,-0.000892999999999998
2026.2012,-0.12920900000000002,-0.065944,-0.014124000000000001
2026.204,-0.12754800000000005,-0.06598000000000001,-0.00019199999999999773
2026.2067,-0.12907500000000005,-0.067324,-0.006934000000000003
2026.2094,-0.12922300000000003,-0.06647900000000001,-0.006962000000000003
2026.2122,-0.12849800000000006,-0.06759499999999999,-0.00937
2026.2149,-0.12889100000000003,-0.06553999999999999,-0.01748
2026.2177,-0.13041100000000005,-0.06544,-0.008170000000000004
2026.2204,-0.13072300000000003,-0.066332,-0.006974000000000001
2026.2231,-0.12890800000000002,-0.066692,-0.006978999999999999
2026.2259,-0.12894600000000006,-0.06584699999999999,-0.013089
2026.2286,-0.13256700000000005,-0.065447,-0.005776999999999997
2026.2313,-0.12930000000000003,-0.06431300000000001,-0.01295
2026.2341,-0.12941900000000006,-0.06490399999999999,-0.012117
2026.2368,-0.12975300000000006,-0.06697800000000001,-0.005860999999999998
2026.2396,-0.13126400000000005,-0.06548399999999999,-0.007858999999999998
2026.2423,-0.12936600000000004,-0.06573200000000001,-0.005850000000000001
2026.245,-0.13081700000000002,-0.065948,-0.006196
2026.2478,-0.13049300000000003,-0.068665,0.005911
2026.2505,-0.129618,-0.068823,0.007926000000000002
2026.2533,-0.12858400000000003,-0.06829299999999999,0.005083999999999998
2026.256,-0.13030000000000003,-0.06587199999999999,-0.011906
2026.2587,-0.128145,-0.06555,-0.011273000000000002
2026.2615,-0.130008,-0.06576299999999999,-0.008100000000000003
2026.2642,-0.129147,-0.065946,-0.004199000000000001
2026.2669,-0.12886300000000006,-0.066469,0.0002679999999999974
2026.2697,-0.13114900000000002,-0.065919,-0.0036679999999999977
2026.2724,-0.13119300000000006,-0.067446,-0.0011859999999999996
2026.2752,-0.13046400000000002,-0.06800400000000001,0.0006979999999999972
2026.2779,-0.13091400000000003,-0.06536,-0.007417
2026.2806,-0.13016600000000006,-0.06725999999999999,-0.008508000000000002
2026.2834,-0.12978500000000004,-0.06692899999999999,-0.011679000000000002
2026.2861,-0.13158400000000003,-0.06716,-0.006645999999999999
2026.2888,-0.12981400000000004,-0.067807,-0.011834
2026.2916,-0.13027400000000006,-0.06770299999999999,-0.005415000000000003
2026.2943,-0.12999500000000003,-0.0653,-0.010054
2026.2971,-0.12984300000000004,-0.066214,-0.009516
2026.2998,-0.130923,-0.06708800000000001,-0.0030610000000000012
2026.3025,-0.13135900000000006,-0.06653999999999999,-0.006858000000000003
2026.3053,-0.13184700000000005,-0.06592300000000001,-0.005270000000000004
2026.308,-0.131948,-0.066863,-0.005166000000000004
2026.3107,-0.13168600000000003,-0.06601199999999999,-0.008761999999999999
2026.3135,-0.131531,-0.06312599999999999,-0.0073640000000000025
2026.3162,-0.13268600000000003,-0.066268,0.0005990000000000023
2026.319,-0.13189800000000002,-0.065698,-0.007851999999999998
2026.3217,-0.13228900000000005,-0.06553500000000001,-0.007089999999999999
2026.3244,-0.13304900000000003,-0.064032,-0.009697
2026.3272,-0.13295400000000002,-0.06636500000000001,-0.005643000000000002
2026.3299,-0.13142700000000002,-0.066379,-0.003820999999999998
2026.3326,-0.13241700000000006,-0.067835,-0.004157000000000001
2026.3354,-0.13175100000000006,-0.064356,-0.008879000000000001
2026.3381,-0.13251100000000005,-0.06845599999999999,-0.012312
2026.3409,-0.13392800000000005,-0.06603600000000001,-0.011753
2026.3436,-0.13014600000000004,-0.066113,-0.003248000000000001
2026.3463,-0.13080100000000006,-0.066578,-0.004563999999999999
2026.3491,-0.13151700000000005,-0.06543199999999999,-0.009391
2026.3518,-0.13132700000000003,-0.06564600000000001,-0.01439
2026.3546,-0.131535,-0.06745200000000001,-0.003845000000000001
2026.3573,-0.13152600000000003,-0.067196,-0.013451000000000001
2026.36,-0.130892,-0.066743,-0.009099
2026.3628,-0.13144100000000003,-0.06570799999999999,-0.01747
2026.3655,-0.13172900000000004,-0.06487000000000001,-0.012454
2026.3682,-0.13385300000000006,-0.06615599999999999,-0.0059010000000000035
2026.371,-0.13315200000000005,-0.065835,-0.006326999999999999
2026.3737,-0.13048900000000002,-0.06431200000000001,-0.010529
2026.3765,-0.12908400000000003,-0.065604,-0.008853
2026.3792,-0.130392,-0.06575700000000001,-0.014227
2026.3819,-0.130979,-0.06618399999999999,-0.013045000000000001
2026.3847,-0.13004000000000004,-0.06559499999999999,-0.006832999999999999
2026.3874,-0.13073500000000005,-0.06686900000000001,-0.0042190000000000005
2026.3901,-0.13093300000000002,-0.06506200000000001,0.0008200000000000013
2026.3929,-0.13281400000000004,-0.06415699999999999,-0.005442000000000002
2026.3956,-0.13095100000000004,-0.06684899999999999,-0.011741999999999999
2026.3984,-0.12980200000000003,-0.064941,-0.007100000000000002
2026.4011,-0.13073,-0.063641,-0.005715999999999999
2026.4038,-0.13090800000000002,-0.066851,-0.0011110000000000009
2026.4066,-0.13100700000000004,-0.06320500000000001,-0.011904000000000001
2026.4093,-0.13081600000000004,-0.063327,-0.006165999999999998
2026.412,-0.12964600000000004,-0.06514800000000001,-0.005523
2026.4148,-0.12971000000000005,-0.066583,-0.010163000000000002
2026.4175,-0.13043700000000003,-0.06495999999999999,-0.008088999999999999
2026.4203,-0.13228300000000004,-0.066634,0.00018800000000000067
2026.423,-0.13113000000000002,-0.06481899999999999,-0.003972000000000003
2026.4257,-0.13121800000000006,-0.06618399999999999,-0.007622999999999998
2026.4285,-0.13293400000000005,-0.06467400000000001,-0.0025080000000000033
2026.4312,-0.13111500000000004,-0.063854,-0.0026680000000000037
2026.4339,-0.13259300000000002,-0.06572900000000001,1.000000000001e-06
2026.4367,-0.13243100000000002,-0.06614,-0.0013319999999999999
2026.4394,-0.13339700000000004,-0.063243,-0.009677000000000002
2026.4422,-0.131338,-0.06359400000000001,-0.006810999999999998
2026.4449,-0.13036800000000004,-0.06323400000000001,-0.007498999999999999
2026.4476,-0.12849100000000002,-0.06234200000000001,-0.010008
2026.4504,-0.13162200000000002,-0.06273200000000001,-0.007383000000000001
2026.4531,-0.13038600000000006,-0.064021,-0.007185000000000004
2026.4559,-0.13166600000000006,-0.064798,-0.0044459999999999986
2026.4586,-0.13159200000000004,-0.06362300000000001,-0.0012560000000000002
2026.4613,-0.13150700000000004,-0.06337000000000001,-0.005698000000000002
2026.4641,-0.13027300000000003,-0.06358,-0.006414999999999997
2026.4668,-0.13203600000000004,-0.06354399999999999,0.0009149999999999991
2026.4695,-0.131697,-0.06412100000000001,-0.0006680000000000019
2026.4723,-0.13045100000000004,-0.06375900000000001,-0.006409999999999999
2026.475,-0.13036400000000004,-0.064921,-0.0005420000000000008
2026.4778,-0.13151800000000002,-0.06392899999999999,0.001237999999999996
2026.4805,-0.12985400000000002,-0.06442200000000001,-0.002160000000000002
2026.4832,-0.131004,-0.06236800000000001,0.0012850000000000014
2026.486,-0.13113000000000002,-0.063278,-0.0020550000000000013
2026.4887,-0.13157300000000005,-0.06393199999999999,-0.0015010000000000023
2026.4914,-0.13113200000000003,-0.06467799999999999,-0.00043400000000000383
2026.4942,-0.13238400000000006,-0.064197,0.007422999999999999
2026.4969,-0.13138300000000003,-0.06362599999999999,-0.0031009999999999996
2026.4997,-0.13144900000000004,-0.064631,0.004573000000000001
2026.5024,-0.13094000000000006,-0.065243,-0.0017030000000000031
2026.5051,-0.13138600000000006,-0.065171,-0.005329
